{"timestamp":"2026-10-02 11:48:23","level":"\u001b[32minfo\u001b[39m","context":"NestFactory","method":"N/A","correlationId":"N/A","message":"Starting Nest application..."}
{"timestamp":"2026-10-02 11:48:23","level":"\u001b[32minfo\u001b[39m","context":"InstanceLoader","method":"N/A","correlationId":"N/A","message":"TypeOrmModule dependencies initialized"}
{"timestamp":"2026-10-02 11:48:23","level":"\u001b[32minfo\u001b[39m","context":"InstanceLoader","method":"N/A","correlationId":"N/A","message":"ClsModule dependencies initialized"}
{"timestamp":"2026-10-02 11:48:23","level":"\u001b[32minfo\u001b[39m","context":"InstanceLoader","method":"N/A","correlationId":"N/A","message":"ClsCommonModule dependencies initialized"}
{"timestamp":"2026-10-02 11:48:23","level":"\u001b[32minfo\u001b[39m","context":"InstanceLoader","method":"N/A","correlationId":"N/A","message":"ClsModule dependencies initialized"}
{"timestamp":"2026-10-02 11:48:23","level":"\u001b[32minfo\u001b[39m","context":"InstanceLoader","method":"N/A","correlationId":"N/A","message":"ConfigHostModule dependencies initialized"}
{"timestamp":"2026-10-02 11:48:23","level":"\u001b[32minfo\u001b[39m","context":"InstanceLoader","method":"N/A","correlationId":"N/A","message":"DiscoveryModule dependencies initialized"}
{"timestamp":"2026-10-02 11:48:23","level":"\u001b[32minfo\u001b[39m","context":"InstanceLoader","method":"N/A","correlationId":"N/A","message":"ClsRootModule dependencies initialized"}
{"timestamp":"2026-10-02 11:48:23","level":"\u001b[32minfo\u001b[39m","context":"InstanceLoader","method":"N/A","correlationId":"N/A","message":"AppModule dependencies initialized"}
{"timestamp":"2026-10-02 11:48:23","level":"\u001b[32minfo\u001b[39m","context":"InstanceLoader","method":"N/A","correlationId":"N/A","message":"ConfigModule dependencies initialized"}
{"timestamp":"2026-10-02 11:48:23","level":"\u001b[32minfo\u001b[39m","context":"InstanceLoader","method":"N/A","correlationId":"N/A","message":"ClsPluginsModule dependencies initialized"}
{"timestamp":"2026-10-02 11:48:23","level":"\u001b[32minfo\u001b[39m","context":"InstanceLoader","method":"N/A","correlationId":"N/A","message":"TypeOrmCoreModule dependencies initialized"}
{"timestamp":"2026-10-02 11:48:23","level":"\u001b[32minfo\u001b[39m","context":"InstanceLoader","method":"N/A","correlationId":"N/A","message":"TypeOrmModule dependencies initialized"}
{"timestamp":"2026-10-02 11:48:23","level":"\u001b[32minfo\u001b[39m","context":"InstanceLoader","method":"N/A","correlationId":"N/A","message":"TypeOrmModule dependencies initialized"}
{"timestamp":"2026-10-02 11:48:23","level":"\u001b[32minfo\u001b[39m","context":"InstanceLoader","method":"N/A","correlationId":"N/A","message":"TypeOrmModule dependencies initialized"}
{"timestamp":"2026-10-02 11:48:23","level":"\u001b[32minfo\u001b[39m","context":"InstanceLoader","method":"N/A","correlationId":"N/A","message":"TypeOrmModule dependencies initialized"}
{"timestamp":"2026-10-02 11:48:23","level":"\u001b[32minfo\u001b[39m","context":"InstanceLoader","method":"N/A","correlationId":"N/A","message":"TypeOrmModule dependencies initialized"}
{"timestamp":"2026-10-02 11:48:23","level":"\u001b[32minfo\u001b[39m","context":"InstanceLoader","method":"N/A","correlationId":"N/A","message":"TypeOrmModule dependencies initialized"}
{"timestamp":"2026-10-02 11:48:23","level":"\u001b[32minfo\u001b[39m","context":"InstanceLoader","method":"N/A","correlationId":"N/A","message":"ClsPluginModule dependencies initialized"}
{"timestamp":"2026-10-02 11:48:23","level":"\u001b[32minfo\u001b[39m","context":"InstanceLoader","method":"N/A","correlationId":"N/A","message":"ActeursModule dependencies initialized"}
{"timestamp":"2026-10-02 11:48:23","level":"\u001b[32minfo\u001b[39m","context":"InstanceLoader","method":"N/A","correlationId":"N/A","message":"ReferentielModule dependencies initialized"}
{"timestamp":"2026-10-02 11:48:23","level":"\u001b[32minfo\u001b[39m","context":"InstanceLoader","method":"N/A","correlationId":"N/A","message":"PolicesModule dependencies initialized"}
{"timestamp":"2026-10-02 11:48:23","level":"\u001b[32minfo\u001b[39m","context":"InstanceLoader","method":"N/A","correlationId":"N/A","message":"FluxFinancierModule dependencies initialized"}
{"timestamp":"2026-10-02 11:48:23","level":"\u001b[32minfo\u001b[39m","context":"InstanceLoader","method":"N/A","correlationId":"N/A","message":"SinistresModule dependencies initialized"}
{"timestamp":"2026-10-02 11:48:23","level":"\u001b[32minfo\u001b[39m","context":"InstanceLoader","method":"N/A","correlationId":"N/A","message":"QuittancesModule dependencies initialized"}
{"timestamp":"2026-10-02 11:48:23","level":"\u001b[32minfo\u001b[39m","context":"RoutesResolver","method":"N/A","correlationId":"N/A","message":"BrancheController {/branches}:"}
{"timestamp":"2026-10-02 11:48:23","level":"\u001b[32minfo\u001b[39m","context":"RouterExplorer","method":"N/A","correlationId":"N/A","message":"Mapped {/branches, GET} route"}
{"timestamp":"2026-10-02 11:48:23","level":"\u001b[32minfo\u001b[39m","context":"RouterExplorer","method":"N/A","correlationId":"N/A","message":"Mapped {/branches/:id, GET} route"}
{"timestamp":"2026-10-02 11:48:23","level":"\u001b[32minfo\u001b[39m","context":"RouterExplorer","method":"N/A","correlationId":"N/A","message":"Mapped {/branches, POST} route"}
{"timestamp":"2026-10-02 11:48:23","level":"\u001b[32minfo\u001b[39m","context":"RouterExplorer","method":"N/A","correlationId":"N/A","message":"Mapped {/branches/:id, PUT} route"}
{"timestamp":"2026-10-02 11:48:23","level":"\u001b[32minfo\u001b[39m","context":"RouterExplorer","method":"N/A","correlationId":"N/A","message":"Mapped {/branches/:id, DELETE} route"}
{"timestamp":"2026-10-02 11:48:23","level":"\u001b[32minfo\u001b[39m","context":"RoutesResolver","method":"N/A","correlationId":"N/A","message":"SousBrancheController {/sous-branches}:"}
{"timestamp":"2026-10-02 11:48:23","level":"\u001b[32minfo\u001b[39m","context":"RouterExplorer","method":"N/A","correlationId":"N/A","message":"Mapped {/sous-branches, GET} route"}
{"timestamp":"2026-10-02 11:48:23","level":"\u001b[32minfo\u001b[39m","context":"RouterExplorer","method":"N/A","correlationId":"N/A","message":"Mapped {/sous-branches/:id, GET} route"}
{"timestamp":"2026-10-02 11:48:23","level":"\u001b[32minfo\u001b[39m","context":"RouterExplorer","method":"N/A","correlationId":"N/A","message":"Mapped {/sous-branches, POST} route"}
{"timestamp":"2026-10-02 11:48:23","level":"\u001b[32minfo\u001b[39m","context":"RouterExplorer","method":"N/A","correlationId":"N/A","message":"Mapped {/sous-branches/:id, PUT} route"}
{"timestamp":"2026-10-02 11:48:23","level":"\u001b[32minfo\u001b[39m","context":"RouterExplorer","method":"N/A","correlationId":"N/A","message":"Mapped {/sous-branches/:id, DELETE} route"}
{"timestamp":"2026-10-02 11:48:23","level":"\u001b[32minfo\u001b[39m","context":"RoutesResolver","method":"N/A","correlationId":"N/A","message":"DomaineActiviteController {/domaines-activite}:"}
{"timestamp":"2026-10-02 11:48:23","level":"\u001b[32minfo\u001b[39m","context":"RouterExplorer","method":"N/A","correlationId":"N/A","message":"Mapped {/domaines-activite, GET} route"}
{"timestamp":"2026-10-02 11:48:23","level":"\u001b[32minfo\u001b[39m","context":"RouterExplorer","method":"N/A","correlationId":"N/A","message":"Mapped {/domaines-activite/:id, GET} route"}
{"timestamp":"2026-10-02 11:48:23","level":"\u001b[32minfo\u001b[39m","context":"RouterExplorer","method":"N/A","correlationId":"N/A","message":"Mapped {/domaines-activite, POST} route"}
{"timestamp":"2026-10-02 11:48:23","level":"\u001b[32minfo\u001b[39m","context":"RouterExplorer","method":"N/A","correlationId":"N/A","message":"Mapped {/domaines-activite/:id, PUT} route"}
{"timestamp":"2026-10-02 11:48:23","level":"\u001b[32minfo\u001b[39m","context":"RouterExplorer","method":"N/A","correlationId":"N/A","message":"Mapped {/domaines-activite/:id, DELETE} route"}
{"timestamp":"2026-10-02 11:48:23","level":"\u001b[32minfo\u001b[39m","context":"RoutesResolver","method":"N/A","correlationId":"N/A","message":"CampagneController {/campagnes}:"}
{"timestamp":"2026-10-02 11:48:23","level":"\u001b[32minfo\u001b[39m","context":"RouterExplorer","method":"N/A","correlationId":"N/A","message":"Mapped {/campagnes, GET} route"}
{"timestamp":"2026-10-02 11:48:23","level":"\u001b[32minfo\u001b[39m","context":"RouterExplorer","method":"N/A","correlationId":"N/A","message":"Mapped {/campagnes/:id, GET} route"}
{"timestamp":"2026-10-02 11:48:23","level":"\u001b[32minfo\u001b[39m","context":"RouterExplorer","method":"N/A","correlationId":"N/A","message":"Mapped {/campagnes, POST} route"}
{"timestamp":"2026-10-02 11:48:23","level":"\u001b[32minfo\u001b[39m","context":"RouterExplorer","method":"N/A","correlationId":"N/A","message":"Mapped {/campagnes/:id, PUT} route"}
{"timestamp":"2026-10-02 11:48:23","level":"\u001b[32minfo\u001b[39m","context":"RouterExplorer","method":"N/A","correlationId":"N/A","message":"Mapped {/campagnes/:id, DELETE} route"}
{"timestamp":"2026-10-02 11:48:23","level":"\u001b[32minfo\u001b[39m","context":"RoutesResolver","method":"N/A","correlationId":"N/A","message":"MouvementController {/mouvements}:"}
{"timestamp":"2026-10-02 11:48:23","level":"\u001b[32minfo\u001b[39m","context":"RouterExplorer","method":"N/A","correlationId":"N/A","message":"Mapped {/mouvements, GET} route"}
{"timestamp":"2026-10-02 11:48:23","level":"\u001b[32minfo\u001b[39m","context":"RouterExplorer","method":"N/A","correlationId":"N/A","message":"Mapped {/mouvements/:id, GET} route"}
{"timestamp":"2026-10-02 11:48:23","level":"\u001b[32minfo\u001b[39m","context":"RouterExplorer","method":"N/A","correlationId":"N/A","message":"Mapped {/mouvements, POST} route"}
{"timestamp":"2026-10-02 11:48:23","level":"\u001b[32minfo\u001b[39m","context":"RouterExplorer","method":"N/A","correlationId":"N/A","message":"Mapped {/mouvements/:id, PUT} route"}
{"timestamp":"2026-10-02 11:48:23","level":"\u001b[32minfo\u001b[39m","context":"RouterExplorer","method":"N/A","correlationId":"N/A","message":"Mapped {/mouvements/:id, DELETE} route"}
{"timestamp":"2026-10-02 11:48:23","level":"\u001b[32minfo\u001b[39m","context":"RoutesResolver","method":"N/A","correlationId":"N/A","message":"CompteTypeController {/compte-types}:"}
{"timestamp":"2026-10-02 11:48:23","level":"\u001b[32minfo\u001b[39m","context":"RouterExplorer","method":"N/A","correlationId":"N/A","message":"Mapped {/compte-types, GET} route"}
{"timestamp":"2026-10-02 11:48:23","level":"\u001b[32minfo\u001b[39m","context":"RouterExplorer","method":"N/A","correlationId":"N/A","message":"Mapped {/compte-types/:id, GET} route"}
{"timestamp":"2026-10-02 11:48:23","level":"\u001b[32minfo\u001b[39m","context":"RouterExplorer","method":"N/A","correlationId":"N/A","message":"Mapped {/compte-types, POST} route"}
{"timestamp":"2026-10-02 11:48:23","level":"\u001b[32minfo\u001b[39m","context":"RouterExplorer","method":"N/A","correlationId":"N/A","message":"Mapped {/compte-types/:id, PUT} route"}
{"timestamp":"2026-10-02 11:48:23","level":"\u001b[32minfo\u001b[39m","context":"RouterExplorer","method":"N/A","correlationId":"N/A","message":"Mapped {/compte-types/:id, DELETE} route"}
{"timestamp":"2026-10-02 11:48:23","level":"\u001b[32minfo\u001b[39m","context":"RoutesResolver","method":"N/A","correlationId":"N/A","message":"NatureCessionController {/natures-cession}:"}
{"timestamp":"2026-10-02 11:48:23","level":"\u001b[32minfo\u001b[39m","context":"RouterExplorer","method":"N/A","correlationId":"N/A","message":"Mapped {/natures-cession, GET} route"}
{"timestamp":"2026-10-02 11:48:23","level":"\u001b[32minfo\u001b[39m","context":"RouterExplorer","method":"N/A","correlationId":"N/A","message":"Mapped {/natures-cession/:id, GET} route"}
{"timestamp":"2026-10-02 11:48:23","level":"\u001b[32minfo\u001b[39m","context":"RouterExplorer","method":"N/A","correlationId":"N/A","message":"Mapped {/natures-cession, POST} route"}
{"timestamp":"2026-10-02 11:48:23","level":"\u001b[32minfo\u001b[39m","context":"RouterExplorer","method":"N/A","correlationId":"N/A","message":"Mapped {/natures-cession/:id, PUT} route"}
{"timestamp":"2026-10-02 11:48:23","level":"\u001b[32minfo\u001b[39m","context":"RouterExplorer","method":"N/A","correlationId":"N/A","message":"Mapped {/natures-cession/:id, DELETE} route"}
{"timestamp":"2026-10-02 11:48:23","level":"\u001b[32minfo\u001b[39m","context":"RoutesResolver","method":"N/A","correlationId":"N/A","message":"RegionController {/regions}:"}
{"timestamp":"2026-10-02 11:48:23","level":"\u001b[32minfo\u001b[39m","context":"RouterExplorer","method":"N/A","correlationId":"N/A","message":"Mapped {/regions, GET} route"}
{"timestamp":"2026-10-02 11:48:23","level":"\u001b[32minfo\u001b[39m","context":"RouterExplorer","method":"N/A","correlationId":"N/A","message":"Mapped {/regions/:id, GET} route"}
{"timestamp":"2026-10-02 11:48:23","level":"\u001b[32minfo\u001b[39m","context":"RouterExplorer","method":"N/A","correlationId":"N/A","message":"Mapped {/regions, POST} route"}
{"timestamp":"2026-10-02 11:48:23","level":"\u001b[32minfo\u001b[39m","context":"RouterExplorer","method":"N/A","correlationId":"N/A","message":"Mapped {/regions/:id, PUT} route"}
{"timestamp":"2026-10-02 11:48:23","level":"\u001b[32minfo\u001b[39m","context":"RouterExplorer","method":"N/A","correlationId":"N/A","message":"Mapped {/regions/:id, DELETE} route"}
{"timestamp":"2026-10-02 11:48:23","level":"\u001b[32minfo\u001b[39m","context":"RoutesResolver","method":"N/A","correlationId":"N/A","message":"PaysController {/pays}:"}
{"timestamp":"2026-10-02 11:48:23","level":"\u001b[32minfo\u001b[39m","context":"RouterExplorer","method":"N/A","correlationId":"N/A","message":"Mapped {/pays, GET} route"}
{"timestamp":"2026-10-02 11:48:23","level":"\u001b[32minfo\u001b[39m","context":"RouterExplorer","method":"N/A","correlationId":"N/A","message":"Mapped {/pays/:id, GET} route"}
{"timestamp":"2026-10-02 11:48:23","level":"\u001b[32minfo\u001b[39m","context":"RouterExplorer","method":"N/A","correlationId":"N/A","message":"Mapped {/pays, POST} route"}
{"timestamp":"2026-10-02 11:48:23","level":"\u001b[32minfo\u001b[39m","context":"RouterExplorer","method":"N/A","correlationId":"N/A","message":"Mapped {/pays/:id, PUT} route"}
{"timestamp":"2026-10-02 11:48:23","level":"\u001b[32minfo\u001b[39m","context":"RouterExplorer","method":"N/A","correlationId":"N/A","message":"Mapped {/pays/:id, DELETE} route"}
{"timestamp":"2026-10-02 11:48:23","level":"\u001b[32minfo\u001b[39m","context":"RoutesResolver","method":"N/A","correlationId":"N/A","message":"ActeurController {/acteurs}:"}
{"timestamp":"2026-10-02 11:48:23","level":"\u001b[32minfo\u001b[39m","context":"RouterExplorer","method":"N/A","correlationId":"N/A","message":"Mapped {/acteurs, GET} route"}
{"timestamp":"2026-10-02 11:48:23","level":"\u001b[32minfo\u001b[39m","context":"RouterExplorer","method":"N/A","correlationId":"N/A","message":"Mapped {/acteurs/:id, GET} route"}
{"timestamp":"2026-10-02 11:48:23","level":"\u001b[32minfo\u001b[39m","context":"RouterExplorer","method":"N/A","correlationId":"N/A","message":"Mapped {/acteurs, POST} route"}
{"timestamp":"2026-10-02 11:48:23","level":"\u001b[32minfo\u001b[39m","context":"RouterExplorer","method":"N/A","correlationId":"N/A","message":"Mapped {/acteurs/:id, PUT} route"}
{"timestamp":"2026-10-02 11:48:23","level":"\u001b[32minfo\u001b[39m","context":"RouterExplorer","method":"N/A","correlationId":"N/A","message":"Mapped {/acteurs/:id, DELETE} route"}
{"timestamp":"2026-10-02 11:48:23","level":"\u001b[32minfo\u001b[39m","context":"RoutesResolver","method":"N/A","correlationId":"N/A","message":"AssureController {/assures}:"}
{"timestamp":"2026-10-02 11:48:23","level":"\u001b[32minfo\u001b[39m","context":"RouterExplorer","method":"N/A","correlationId":"N/A","message":"Mapped {/assures, GET} route"}
{"timestamp":"2026-10-02 11:48:23","level":"\u001b[32minfo\u001b[39m","context":"RouterExplorer","method":"N/A","correlationId":"N/A","message":"Mapped {/assures/:id, GET} route"}
{"timestamp":"2026-10-02 11:48:23","level":"\u001b[32minfo\u001b[39m","context":"RouterExplorer","method":"N/A","correlationId":"N/A","message":"Mapped {/assures, POST} route"}
{"timestamp":"2026-10-02 11:48:23","level":"\u001b[32minfo\u001b[39m","context":"RouterExplorer","method":"N/A","correlationId":"N/A","message":"Mapped {/assures/:id, PUT} route"}
{"timestamp":"2026-10-02 11:48:23","level":"\u001b[32minfo\u001b[39m","context":"RouterExplorer","method":"N/A","correlationId":"N/A","message":"Mapped {/assures/:id, DELETE} route"}
{"timestamp":"2026-10-02 11:48:23","level":"\u001b[32minfo\u001b[39m","context":"RoutesResolver","method":"N/A","correlationId":"N/A","message":"ContactController {/contacts}:"}
{"timestamp":"2026-10-02 11:48:23","level":"\u001b[32minfo\u001b[39m","context":"RouterExplorer","method":"N/A","correlationId":"N/A","message":"Mapped {/contacts, GET} route"}
{"timestamp":"2026-10-02 11:48:23","level":"\u001b[32minfo\u001b[39m","context":"RouterExplorer","method":"N/A","correlationId":"N/A","message":"Mapped {/contacts/:id, GET} route"}
{"timestamp":"2026-10-02 11:48:23","level":"\u001b[32minfo\u001b[39m","context":"RouterExplorer","method":"N/A","correlationId":"N/A","message":"Mapped {/contacts, POST} route"}
{"timestamp":"2026-10-02 11:48:23","level":"\u001b[32minfo\u001b[39m","context":"RouterExplorer","method":"N/A","correlationId":"N/A","message":"Mapped {/contacts/:id, PUT} route"}
{"timestamp":"2026-10-02 11:48:23","level":"\u001b[32minfo\u001b[39m","context":"RouterExplorer","method":"N/A","correlationId":"N/A","message":"Mapped {/contacts/:id, DELETE} route"}
{"timestamp":"2026-10-02 11:48:23","level":"\u001b[32minfo\u001b[39m","context":"RoutesResolver","method":"N/A","correlationId":"N/A","message":"PoliceController {/polices}:"}
{"timestamp":"2026-10-02 11:48:23","level":"\u001b[32minfo\u001b[39m","context":"RouterExplorer","method":"N/A","correlationId":"N/A","message":"Mapped {/polices, GET} route"}
{"timestamp":"2026-10-02 11:48:23","level":"\u001b[32minfo\u001b[39m","context":"RouterExplorer","method":"N/A","correlationId":"N/A","message":"Mapped {/polices/:id, GET} route"}
{"timestamp":"2026-10-02 11:48:23","level":"\u001b[32minfo\u001b[39m","context":"RouterExplorer","method":"N/A","correlationId":"N/A","message":"Mapped {/polices, POST} route"}
{"timestamp":"2026-10-02 11:48:23","level":"\u001b[32minfo\u001b[39m","context":"RouterExplorer","method":"N/A","correlationId":"N/A","message":"Mapped {/polices/:id, PUT} route"}
{"timestamp":"2026-10-02 11:48:23","level":"\u001b[32minfo\u001b[39m","context":"RouterExplorer","method":"N/A","correlationId":"N/A","message":"Mapped {/polices/:id, DELETE} route"}
{"timestamp":"2026-10-02 11:48:23","level":"\u001b[32minfo\u001b[39m","context":"RoutesResolver","method":"N/A","correlationId":"N/A","message":"QuittanceController {/quittances}:"}
{"timestamp":"2026-10-02 11:48:23","level":"\u001b[32minfo\u001b[39m","context":"RouterExplorer","method":"N/A","correlationId":"N/A","message":"Mapped {/quittances, GET} route"}
{"timestamp":"2026-10-02 11:48:23","level":"\u001b[32minfo\u001b[39m","context":"RouterExplorer","method":"N/A","correlationId":"N/A","message":"Mapped {/quittances/:id, GET} route"}
{"timestamp":"2026-10-02 11:48:23","level":"\u001b[32minfo\u001b[39m","context":"RouterExplorer","method":"N/A","correlationId":"N/A","message":"Mapped {/quittances, POST} route"}
{"timestamp":"2026-10-02 11:48:23","level":"\u001b[32minfo\u001b[39m","context":"RouterExplorer","method":"N/A","correlationId":"N/A","message":"Mapped {/quittances/:id, PUT} route"}
{"timestamp":"2026-10-02 11:48:23","level":"\u001b[32minfo\u001b[39m","context":"RouterExplorer","method":"N/A","correlationId":"N/A","message":"Mapped {/quittances/:id/annuler, PATCH} route"}
{"timestamp":"2026-10-02 11:48:23","level":"\u001b[32minfo\u001b[39m","context":"RouterExplorer","method":"N/A","correlationId":"N/A","message":"Mapped {/quittances/:id, DELETE} route"}
{"timestamp":"2026-10-02 11:48:23","level":"\u001b[32minfo\u001b[39m","context":"RoutesResolver","method":"N/A","correlationId":"N/A","message":"QuittanceCessionController {/quittances-cession}:"}
{"timestamp":"2026-10-02 11:48:23","level":"\u001b[32minfo\u001b[39m","context":"RouterExplorer","method":"N/A","correlationId":"N/A","message":"Mapped {/quittances-cession, GET} route"}
{"timestamp":"2026-10-02 11:48:23","level":"\u001b[32minfo\u001b[39m","context":"RouterExplorer","method":"N/A","correlationId":"N/A","message":"Mapped {/quittances-cession/:id, GET} route"}
{"timestamp":"2026-10-02 11:48:23","level":"\u001b[32minfo\u001b[39m","context":"RouterExplorer","method":"N/A","correlationId":"N/A","message":"Mapped {/quittances-cession, POST} route"}
{"timestamp":"2026-10-02 11:48:23","level":"\u001b[32minfo\u001b[39m","context":"RouterExplorer","method":"N/A","correlationId":"N/A","message":"Mapped {/quittances-cession/:id, PUT} route"}
{"timestamp":"2026-10-02 11:48:23","level":"\u001b[32minfo\u001b[39m","context":"RouterExplorer","method":"N/A","correlationId":"N/A","message":"Mapped {/quittances-cession/:id, DELETE} route"}
{"timestamp":"2026-10-02 11:48:23","level":"\u001b[32minfo\u001b[39m","context":"RoutesResolver","method":"N/A","correlationId":"N/A","message":"EcheancePmdController {/echeances-pmd}:"}
{"timestamp":"2026-10-02 11:48:23","level":"\u001b[32minfo\u001b[39m","context":"RouterExplorer","method":"N/A","correlationId":"N/A","message":"Mapped {/echeances-pmd, GET} route"}
{"timestamp":"2026-10-02 11:48:23","level":"\u001b[32minfo\u001b[39m","context":"RouterExplorer","method":"N/A","correlationId":"N/A","message":"Mapped {/echeances-pmd/:id, GET} route"}
{"timestamp":"2026-10-02 11:48:23","level":"\u001b[32minfo\u001b[39m","context":"RouterExplorer","method":"N/A","correlationId":"N/A","message":"Mapped {/echeances-pmd, POST} route"}
{"timestamp":"2026-10-02 11:48:23","level":"\u001b[32minfo\u001b[39m","context":"RouterExplorer","method":"N/A","correlationId":"N/A","message":"Mapped {/echeances-pmd/:id, PUT} route"}
{"timestamp":"2026-10-02 11:48:23","level":"\u001b[32minfo\u001b[39m","context":"RouterExplorer","method":"N/A","correlationId":"N/A","message":"Mapped {/echeances-pmd/:id, DELETE} route"}
{"timestamp":"2026-10-02 11:48:23","level":"\u001b[32minfo\u001b[39m","context":"RoutesResolver","method":"N/A","correlationId":"N/A","message":"BordereauController {/bordereaux}:"}
{"timestamp":"2026-10-02 11:48:23","level":"\u001b[32minfo\u001b[39m","context":"RouterExplorer","method":"N/A","correlationId":"N/A","message":"Mapped {/bordereaux, GET} route"}
{"timestamp":"2026-10-02 11:48:23","level":"\u001b[32minfo\u001b[39m","context":"RouterExplorer","method":"N/A","correlationId":"N/A","message":"Mapped {/bordereaux/:id, GET} route"}
{"timestamp":"2026-10-02 11:48:23","level":"\u001b[32minfo\u001b[39m","context":"RouterExplorer","method":"N/A","correlationId":"N/A","message":"Mapped {/bordereaux, POST} route"}
{"timestamp":"2026-10-02 11:48:23","level":"\u001b[32minfo\u001b[39m","context":"RouterExplorer","method":"N/A","correlationId":"N/A","message":"Mapped {/bordereaux/:id, PUT} route"}
{"timestamp":"2026-10-02 11:48:23","level":"\u001b[32minfo\u001b[39m","context":"RouterExplorer","method":"N/A","correlationId":"N/A","message":"Mapped {/bordereaux/:id, DELETE} route"}
{"timestamp":"2026-10-02 11:48:23","level":"\u001b[32minfo\u001b[39m","context":"RoutesResolver","method":"N/A","correlationId":"N/A","message":"CompteTraiteController {/comptes-traite}:"}
{"timestamp":"2026-10-02 11:48:23","level":"\u001b[32minfo\u001b[39m","context":"RouterExplorer","method":"N/A","correlationId":"N/A","message":"Mapped {/comptes-traite, GET} route"}
{"timestamp":"2026-10-02 11:48:23","level":"\u001b[32minfo\u001b[39m","context":"RouterExplorer","method":"N/A","correlationId":"N/A","message":"Mapped {/comptes-traite/:id, GET} route"}
{"timestamp":"2026-10-02 11:48:23","level":"\u001b[32minfo\u001b[39m","context":"RouterExplorer","method":"N/A","correlationId":"N/A","message":"Mapped {/comptes-traite, POST} route"}
{"timestamp":"2026-10-02 11:48:23","level":"\u001b[32minfo\u001b[39m","context":"RouterExplorer","method":"N/A","correlationId":"N/A","message":"Mapped {/comptes-traite/:id, PUT} route"}
{"timestamp":"2026-10-02 11:48:23","level":"\u001b[32minfo\u001b[39m","context":"RouterExplorer","method":"N/A","correlationId":"N/A","message":"Mapped {/comptes-traite/:id, DELETE} route"}
{"timestamp":"2026-10-02 11:48:23","level":"\u001b[32minfo\u001b[39m","context":"RoutesResolver","method":"N/A","correlationId":"N/A","message":"NoteDebitCreditController {/notes-debit-credit}:"}
{"timestamp":"2026-10-02 11:48:23","level":"\u001b[32minfo\u001b[39m","context":"RouterExplorer","method":"N/A","correlationId":"N/A","message":"Mapped {/notes-debit-credit, GET} route"}
{"timestamp":"2026-10-02 11:48:23","level":"\u001b[32minfo\u001b[39m","context":"RouterExplorer","method":"N/A","correlationId":"N/A","message":"Mapped {/notes-debit-credit/:id, GET} route"}
{"timestamp":"2026-10-02 11:48:23","level":"\u001b[32minfo\u001b[39m","context":"RouterExplorer","method":"N/A","correlationId":"N/A","message":"Mapped {/notes-debit-credit, POST} route"}
{"timestamp":"2026-10-02 11:48:23","level":"\u001b[32minfo\u001b[39m","context":"RouterExplorer","method":"N/A","correlationId":"N/A","message":"Mapped {/notes-debit-credit/:id, PUT} route"}
{"timestamp":"2026-10-02 11:48:23","level":"\u001b[32minfo\u001b[39m","context":"RouterExplorer","method":"N/A","correlationId":"N/A","message":"Mapped {/notes-debit-credit/:id, DELETE} route"}
{"timestamp":"2026-10-02 11:48:23","level":"\u001b[32minfo\u001b[39m","context":"RoutesResolver","method":"N/A","correlationId":"N/A","message":"ReglementController {/reglements}:"}
{"timestamp":"2026-10-02 11:48:23","level":"\u001b[32minfo\u001b[39m","context":"RouterExplorer","method":"N/A","correlationId":"N/A","message":"Mapped {/reglements, GET} route"}
{"timestamp":"2026-10-02 11:48:23","level":"\u001b[32minfo\u001b[39m","context":"RouterExplorer","method":"N/A","correlationId":"N/A","message":"Mapped {/reglements/:id, GET} route"}
{"timestamp":"2026-10-02 11:48:23","level":"\u001b[32minfo\u001b[39m","context":"RouterExplorer","method":"N/A","correlationId":"N/A","message":"Mapped {/reglements, POST} route"}
{"timestamp":"2026-10-02 11:48:23","level":"\u001b[32minfo\u001b[39m","context":"RouterExplorer","method":"N/A","correlationId":"N/A","message":"Mapped {/reglements/:id, PUT} route"}
{"timestamp":"2026-10-02 11:48:23","level":"\u001b[32minfo\u001b[39m","context":"RouterExplorer","method":"N/A","correlationId":"N/A","message":"Mapped {/reglements/:id, DELETE} route"}
{"timestamp":"2026-10-02 11:48:23","level":"\u001b[32minfo\u001b[39m","context":"RoutesResolver","method":"N/A","correlationId":"N/A","message":"SinistreStatutController {/sinistre-statuts}:"}
{"timestamp":"2026-10-02 11:48:23","level":"\u001b[32minfo\u001b[39m","context":"RouterExplorer","method":"N/A","correlationId":"N/A","message":"Mapped {/sinistre-statuts, GET} route"}
{"timestamp":"2026-10-02 11:48:23","level":"\u001b[32minfo\u001b[39m","context":"RouterExplorer","method":"N/A","correlationId":"N/A","message":"Mapped {/sinistre-statuts/:id, GET} route"}
{"timestamp":"2026-10-02 11:48:23","level":"\u001b[32minfo\u001b[39m","context":"RouterExplorer","method":"N/A","correlationId":"N/A","message":"Mapped {/sinistre-statuts, POST} route"}
{"timestamp":"2026-10-02 11:48:23","level":"\u001b[32minfo\u001b[39m","context":"RouterExplorer","method":"N/A","correlationId":"N/A","message":"Mapped {/sinistre-statuts/:id, PUT} route"}
{"timestamp":"2026-10-02 11:48:23","level":"\u001b[32minfo\u001b[39m","context":"RouterExplorer","method":"N/A","correlationId":"N/A","message":"Mapped {/sinistre-statuts/:id, DELETE} route"}
{"timestamp":"2026-10-02 11:48:23","level":"\u001b[32minfo\u001b[39m","context":"RoutesResolver","method":"N/A","correlationId":"N/A","message":"SinistreTypeEvaluationController {/sinistres-types-evaluation}:"}
{"timestamp":"2026-10-02 11:48:23","level":"\u001b[32minfo\u001b[39m","context":"RouterExplorer","method":"N/A","correlationId":"N/A","message":"Mapped {/sinistres-types-evaluation, GET} route"}
{"timestamp":"2026-10-02 11:48:23","level":"\u001b[32minfo\u001b[39m","context":"RouterExplorer","method":"N/A","correlationId":"N/A","message":"Mapped {/sinistres-types-evaluation/:id, GET} route"}
{"timestamp":"2026-10-02 11:48:23","level":"\u001b[32minfo\u001b[39m","context":"RouterExplorer","method":"N/A","correlationId":"N/A","message":"Mapped {/sinistres-types-evaluation, POST} route"}
{"timestamp":"2026-10-02 11:48:23","level":"\u001b[32minfo\u001b[39m","context":"RouterExplorer","method":"N/A","correlationId":"N/A","message":"Mapped {/sinistres-types-evaluation/:id, PUT} route"}
{"timestamp":"2026-10-02 11:48:23","level":"\u001b[32minfo\u001b[39m","context":"RouterExplorer","method":"N/A","correlationId":"N/A","message":"Mapped {/sinistres-types-evaluation/:id, DELETE} route"}
{"timestamp":"2026-10-02 11:48:23","level":"\u001b[32minfo\u001b[39m","context":"RoutesResolver","method":"N/A","correlationId":"N/A","message":"SinistreController {/sinistre}:"}
{"timestamp":"2026-10-02 11:48:23","level":"\u001b[32minfo\u001b[39m","context":"RouterExplorer","method":"N/A","correlationId":"N/A","message":"Mapped {/sinistre, GET} route"}
{"timestamp":"2026-10-02 11:48:23","level":"\u001b[32minfo\u001b[39m","context":"RouterExplorer","method":"N/A","correlationId":"N/A","message":"Mapped {/sinistre/:id, GET} route"}
{"timestamp":"2026-10-02 11:48:23","level":"\u001b[32minfo\u001b[39m","context":"RouterExplorer","method":"N/A","correlationId":"N/A","message":"Mapped {/sinistre, POST} route"}
{"timestamp":"2026-10-02 11:48:23","level":"\u001b[32minfo\u001b[39m","context":"RouterExplorer","method":"N/A","correlationId":"N/A","message":"Mapped {/sinistre/:id, PUT} route"}
{"timestamp":"2026-10-02 11:48:23","level":"\u001b[32minfo\u001b[39m","context":"RouterExplorer","method":"N/A","correlationId":"N/A","message":"Mapped {/sinistre/:id, DELETE} route"}
{"timestamp":"2026-10-02 11:48:23","level":"\u001b[32minfo\u001b[39m","context":"RoutesResolver","method":"N/A","correlationId":"N/A","message":"SinistreEvaluationController {/sinistres-evaluations}:"}
{"timestamp":"2026-10-02 11:48:23","level":"\u001b[32minfo\u001b[39m","context":"RouterExplorer","method":"N/A","correlationId":"N/A","message":"Mapped {/sinistres-evaluations, GET} route"}
{"timestamp":"2026-10-02 11:48:23","level":"\u001b[32minfo\u001b[39m","context":"RouterExplorer","method":"N/A","correlationId":"N/A","message":"Mapped {/sinistres-evaluations/:id, GET} route"}
{"timestamp":"2026-10-02 11:48:23","level":"\u001b[32minfo\u001b[39m","context":"RouterExplorer","method":"N/A","correlationId":"N/A","message":"Mapped {/sinistres-evaluations, POST} route"}
{"timestamp":"2026-10-02 11:48:23","level":"\u001b[32minfo\u001b[39m","context":"RouterExplorer","method":"N/A","correlationId":"N/A","message":"Mapped {/sinistres-evaluations/:id, PUT} route"}
{"timestamp":"2026-10-02 11:48:23","level":"\u001b[32minfo\u001b[39m","context":"RouterExplorer","method":"N/A","correlationId":"N/A","message":"Mapped {/sinistres-evaluations/:id, DELETE} route"}
{"timestamp":"2026-10-02 11:48:23","level":"\u001b[32minfo\u001b[39m","context":"RoutesResolver","method":"N/A","correlationId":"N/A","message":"SinistreReglementController {/sinistres-reglements}:"}
{"timestamp":"2026-10-02 11:48:23","level":"\u001b[32minfo\u001b[39m","context":"RouterExplorer","method":"N/A","correlationId":"N/A","message":"Mapped {/sinistres-reglements, GET} route"}
{"timestamp":"2026-10-02 11:48:23","level":"\u001b[32minfo\u001b[39m","context":"RouterExplorer","method":"N/A","correlationId":"N/A","message":"Mapped {/sinistres-reglements/:id, GET} route"}
{"timestamp":"2026-10-02 11:48:23","level":"\u001b[32minfo\u001b[39m","context":"RouterExplorer","method":"N/A","correlationId":"N/A","message":"Mapped {/sinistres-reglements, POST} route"}
{"timestamp":"2026-10-02 11:48:23","level":"\u001b[32minfo\u001b[39m","context":"RouterExplorer","method":"N/A","correlationId":"N/A","message":"Mapped {/sinistres-reglements/:id, PUT} route"}
{"timestamp":"2026-10-02 11:48:23","level":"\u001b[32minfo\u001b[39m","context":"RouterExplorer","method":"N/A","correlationId":"N/A","message":"Mapped {/sinistres-reglements/:id, DELETE} route"}
{"timestamp":"2026-10-02 11:48:23","level":"\u001b[32minfo\u001b[39m","context":"NestApplication","method":"N/A","correlationId":"N/A","message":"Nest application successfully started"}
{"timestamp":"2026-10-02 12:38:15","level":"\u001b[32minfo\u001b[39m","context":"NestFactory","method":"N/A","correlationId":"N/A","message":"Starting Nest application..."}
{"timestamp":"2026-10-02 12:38:15","level":"\u001b[32minfo\u001b[39m","context":"InstanceLoader","method":"N/A","correlationId":"N/A","message":"TypeOrmModule dependencies initialized"}
{"timestamp":"2026-10-02 12:38:15","level":"\u001b[32minfo\u001b[39m","context":"InstanceLoader","method":"N/A","correlationId":"N/A","message":"ClsModule dependencies initialized"}
{"timestamp":"2026-10-02 12:38:15","level":"\u001b[32minfo\u001b[39m","context":"InstanceLoader","method":"N/A","correlationId":"N/A","message":"ClsCommonModule dependencies initialized"}
{"timestamp":"2026-10-02 12:38:15","level":"\u001b[32minfo\u001b[39m","context":"InstanceLoader","method":"N/A","correlationId":"N/A","message":"ClsModule dependencies initialized"}
{"timestamp":"2026-10-02 12:38:15","level":"\u001b[32minfo\u001b[39m","context":"InstanceLoader","method":"N/A","correlationId":"N/A","message":"ConfigHostModule dependencies initialized"}
{"timestamp":"2026-10-02 12:38:15","level":"\u001b[32minfo\u001b[39m","context":"InstanceLoader","method":"N/A","correlationId":"N/A","message":"DiscoveryModule dependencies initialized"}
{"timestamp":"2026-10-02 12:38:15","level":"\u001b[32minfo\u001b[39m","context":"InstanceLoader","method":"N/A","correlationId":"N/A","message":"ClsRootModule dependencies initialized"}
{"timestamp":"2026-10-02 12:38:15","level":"\u001b[32minfo\u001b[39m","context":"InstanceLoader","method":"N/A","correlationId":"N/A","message":"AppModule dependencies initialized"}
{"timestamp":"2026-10-02 12:38:15","level":"\u001b[32minfo\u001b[39m","context":"InstanceLoader","method":"N/A","correlationId":"N/A","message":"ConfigModule dependencies initialized"}
{"timestamp":"2026-10-02 12:38:15","level":"\u001b[32minfo\u001b[39m","context":"InstanceLoader","method":"N/A","correlationId":"N/A","message":"ClsPluginsModule dependencies initialized"}
{"timestamp":"2026-10-02 12:38:15","level":"\u001b[32minfo\u001b[39m","context":"InstanceLoader","method":"N/A","correlationId":"N/A","message":"TypeOrmCoreModule dependencies initialized"}
{"timestamp":"2026-10-02 12:38:15","level":"\u001b[32minfo\u001b[39m","context":"InstanceLoader","method":"N/A","correlationId":"N/A","message":"TypeOrmModule dependencies initialized"}
{"timestamp":"2026-10-02 12:38:15","level":"\u001b[32minfo\u001b[39m","context":"InstanceLoader","method":"N/A","correlationId":"N/A","message":"TypeOrmModule dependencies initialized"}
{"timestamp":"2026-10-02 12:38:15","level":"\u001b[32minfo\u001b[39m","context":"InstanceLoader","method":"N/A","correlationId":"N/A","message":"TypeOrmModule dependencies initialized"}
{"timestamp":"2026-10-02 12:38:15","level":"\u001b[32minfo\u001b[39m","context":"InstanceLoader","method":"N/A","correlationId":"N/A","message":"TypeOrmModule dependencies initialized"}
{"timestamp":"2026-10-02 12:38:15","level":"\u001b[32minfo\u001b[39m","context":"InstanceLoader","method":"N/A","correlationId":"N/A","message":"TypeOrmModule dependencies initialized"}
{"timestamp":"2026-10-02 12:38:15","level":"\u001b[32minfo\u001b[39m","context":"InstanceLoader","method":"N/A","correlationId":"N/A","message":"TypeOrmModule dependencies initialized"}
{"timestamp":"2026-10-02 12:38:15","level":"\u001b[32minfo\u001b[39m","context":"InstanceLoader","method":"N/A","correlationId":"N/A","message":"ClsPluginModule dependencies initialized"}
{"timestamp":"2026-10-02 12:38:15","level":"\u001b[32minfo\u001b[39m","context":"InstanceLoader","method":"N/A","correlationId":"N/A","message":"ActeursModule dependencies initialized"}
{"timestamp":"2026-10-02 12:38:15","level":"\u001b[32minfo\u001b[39m","context":"InstanceLoader","method":"N/A","correlationId":"N/A","message":"ReferentielModule dependencies initialized"}
{"timestamp":"2026-10-02 12:38:15","level":"\u001b[32minfo\u001b[39m","context":"InstanceLoader","method":"N/A","correlationId":"N/A","message":"PolicesModule dependencies initialized"}
{"timestamp":"2026-10-02 12:38:15","level":"\u001b[32minfo\u001b[39m","context":"InstanceLoader","method":"N/A","correlationId":"N/A","message":"FluxFinancierModule dependencies initialized"}
{"timestamp":"2026-10-02 12:38:15","level":"\u001b[32minfo\u001b[39m","context":"InstanceLoader","method":"N/A","correlationId":"N/A","message":"SinistresModule dependencies initialized"}
{"timestamp":"2026-10-02 12:38:15","level":"\u001b[32minfo\u001b[39m","context":"InstanceLoader","method":"N/A","correlationId":"N/A","message":"QuittancesModule dependencies initialized"}
{"timestamp":"2026-10-02 12:38:15","level":"\u001b[32minfo\u001b[39m","context":"RoutesResolver","method":"N/A","correlationId":"N/A","message":"BrancheController {/branches}:"}
{"timestamp":"2026-10-02 12:38:15","level":"\u001b[32minfo\u001b[39m","context":"RouterExplorer","method":"N/A","correlationId":"N/A","message":"Mapped {/branches, GET} route"}
{"timestamp":"2026-10-02 12:38:15","level":"\u001b[32minfo\u001b[39m","context":"RouterExplorer","method":"N/A","correlationId":"N/A","message":"Mapped {/branches/:id, GET} route"}
{"timestamp":"2026-10-02 12:38:15","level":"\u001b[32minfo\u001b[39m","context":"RouterExplorer","method":"N/A","correlationId":"N/A","message":"Mapped {/branches, POST} route"}
{"timestamp":"2026-10-02 12:38:15","level":"\u001b[32minfo\u001b[39m","context":"RouterExplorer","method":"N/A","correlationId":"N/A","message":"Mapped {/branches/:id, PUT} route"}
{"timestamp":"2026-10-02 12:38:15","level":"\u001b[32minfo\u001b[39m","context":"RouterExplorer","method":"N/A","correlationId":"N/A","message":"Mapped {/branches/:id, DELETE} route"}
{"timestamp":"2026-10-02 12:38:15","level":"\u001b[32minfo\u001b[39m","context":"RoutesResolver","method":"N/A","correlationId":"N/A","message":"SousBrancheController {/sous-branches}:"}
{"timestamp":"2026-10-02 12:38:15","level":"\u001b[32minfo\u001b[39m","context":"RouterExplorer","method":"N/A","correlationId":"N/A","message":"Mapped {/sous-branches, GET} route"}
{"timestamp":"2026-10-02 12:38:15","level":"\u001b[32minfo\u001b[39m","context":"RouterExplorer","method":"N/A","correlationId":"N/A","message":"Mapped {/sous-branches/:id, GET} route"}
{"timestamp":"2026-10-02 12:38:15","level":"\u001b[32minfo\u001b[39m","context":"RouterExplorer","method":"N/A","correlationId":"N/A","message":"Mapped {/sous-branches, POST} route"}
{"timestamp":"2026-10-02 12:38:15","level":"\u001b[32minfo\u001b[39m","context":"RouterExplorer","method":"N/A","correlationId":"N/A","message":"Mapped {/sous-branches/:id, PUT} route"}
{"timestamp":"2026-10-02 12:38:15","level":"\u001b[32minfo\u001b[39m","context":"RouterExplorer","method":"N/A","correlationId":"N/A","message":"Mapped {/sous-branches/:id, DELETE} route"}
{"timestamp":"2026-10-02 12:38:15","level":"\u001b[32minfo\u001b[39m","context":"RoutesResolver","method":"N/A","correlationId":"N/A","message":"DomaineActiviteController {/domaines-activite}:"}
{"timestamp":"2026-10-02 12:38:15","level":"\u001b[32minfo\u001b[39m","context":"RouterExplorer","method":"N/A","correlationId":"N/A","message":"Mapped {/domaines-activite, GET} route"}
{"timestamp":"2026-10-02 12:38:15","level":"\u001b[32minfo\u001b[39m","context":"RouterExplorer","method":"N/A","correlationId":"N/A","message":"Mapped {/domaines-activite/:id, GET} route"}
{"timestamp":"2026-10-02 12:38:15","level":"\u001b[32minfo\u001b[39m","context":"RouterExplorer","method":"N/A","correlationId":"N/A","message":"Mapped {/domaines-activite, POST} route"}
{"timestamp":"2026-10-02 12:38:15","level":"\u001b[32minfo\u001b[39m","context":"RouterExplorer","method":"N/A","correlationId":"N/A","message":"Mapped {/domaines-activite/:id, PUT} route"}
{"timestamp":"2026-10-02 12:38:15","level":"\u001b[32minfo\u001b[39m","context":"RouterExplorer","method":"N/A","correlationId":"N/A","message":"Mapped {/domaines-activite/:id, DELETE} route"}
{"timestamp":"2026-10-02 12:38:15","level":"\u001b[32minfo\u001b[39m","context":"RoutesResolver","method":"N/A","correlationId":"N/A","message":"CampagneController {/campagnes}:"}
{"timestamp":"2026-10-02 12:38:15","level":"\u001b[32minfo\u001b[39m","context":"RouterExplorer","method":"N/A","correlationId":"N/A","message":"Mapped {/campagnes, GET} route"}
{"timestamp":"2026-10-02 12:38:15","level":"\u001b[32minfo\u001b[39m","context":"RouterExplorer","method":"N/A","correlationId":"N/A","message":"Mapped {/campagnes/:id, GET} route"}
{"timestamp":"2026-10-02 12:38:15","level":"\u001b[32minfo\u001b[39m","context":"RouterExplorer","method":"N/A","correlationId":"N/A","message":"Mapped {/campagnes, POST} route"}
{"timestamp":"2026-10-02 12:38:15","level":"\u001b[32minfo\u001b[39m","context":"RouterExplorer","method":"N/A","correlationId":"N/A","message":"Mapped {/campagnes/:id, PUT} route"}
{"timestamp":"2026-10-02 12:38:15","level":"\u001b[32minfo\u001b[39m","context":"RouterExplorer","method":"N/A","correlationId":"N/A","message":"Mapped {/campagnes/:id, DELETE} route"}
{"timestamp":"2026-10-02 12:38:15","level":"\u001b[32minfo\u001b[39m","context":"RoutesResolver","method":"N/A","correlationId":"N/A","message":"MouvementController {/mouvements}:"}
{"timestamp":"2026-10-02 12:38:15","level":"\u001b[32minfo\u001b[39m","context":"RouterExplorer","method":"N/A","correlationId":"N/A","message":"Mapped {/mouvements, GET} route"}
{"timestamp":"2026-10-02 12:38:15","level":"\u001b[32minfo\u001b[39m","context":"RouterExplorer","method":"N/A","correlationId":"N/A","message":"Mapped {/mouvements/:id, GET} route"}
{"timestamp":"2026-10-02 12:38:15","level":"\u001b[32minfo\u001b[39m","context":"RouterExplorer","method":"N/A","correlationId":"N/A","message":"Mapped {/mouvements, POST} route"}
{"timestamp":"2026-10-02 12:38:15","level":"\u001b[32minfo\u001b[39m","context":"RouterExplorer","method":"N/A","correlationId":"N/A","message":"Mapped {/mouvements/:id, PUT} route"}
{"timestamp":"2026-10-02 12:38:15","level":"\u001b[32minfo\u001b[39m","context":"RouterExplorer","method":"N/A","correlationId":"N/A","message":"Mapped {/mouvements/:id, DELETE} route"}
{"timestamp":"2026-10-02 12:38:15","level":"\u001b[32minfo\u001b[39m","context":"RoutesResolver","method":"N/A","correlationId":"N/A","message":"CompteTypeController {/compte-types}:"}
{"timestamp":"2026-10-02 12:38:15","level":"\u001b[32minfo\u001b[39m","context":"RouterExplorer","method":"N/A","correlationId":"N/A","message":"Mapped {/compte-types, GET} route"}
{"timestamp":"2026-10-02 12:38:15","level":"\u001b[32minfo\u001b[39m","context":"RouterExplorer","method":"N/A","correlationId":"N/A","message":"Mapped {/compte-types/:id, GET} route"}
{"timestamp":"2026-10-02 12:38:15","level":"\u001b[32minfo\u001b[39m","context":"RouterExplorer","method":"N/A","correlationId":"N/A","message":"Mapped {/compte-types, POST} route"}
{"timestamp":"2026-10-02 12:38:15","level":"\u001b[32minfo\u001b[39m","context":"RouterExplorer","method":"N/A","correlationId":"N/A","message":"Mapped {/compte-types/:id, PUT} route"}
{"timestamp":"2026-10-02 12:38:15","level":"\u001b[32minfo\u001b[39m","context":"RouterExplorer","method":"N/A","correlationId":"N/A","message":"Mapped {/compte-types/:id, DELETE} route"}
{"timestamp":"2026-10-02 12:38:15","level":"\u001b[32minfo\u001b[39m","context":"RoutesResolver","method":"N/A","correlationId":"N/A","message":"NatureCessionController {/natures-cession}:"}
{"timestamp":"2026-10-02 12:38:15","level":"\u001b[32minfo\u001b[39m","context":"RouterExplorer","method":"N/A","correlationId":"N/A","message":"Mapped {/natures-cession, GET} route"}
{"timestamp":"2026-10-02 12:38:15","level":"\u001b[32minfo\u001b[39m","context":"RouterExplorer","method":"N/A","correlationId":"N/A","message":"Mapped {/natures-cession/:id, GET} route"}
{"timestamp":"2026-10-02 12:38:15","level":"\u001b[32minfo\u001b[39m","context":"RouterExplorer","method":"N/A","correlationId":"N/A","message":"Mapped {/natures-cession, POST} route"}
{"timestamp":"2026-10-02 12:38:15","level":"\u001b[32minfo\u001b[39m","context":"RouterExplorer","method":"N/A","correlationId":"N/A","message":"Mapped {/natures-cession/:id, PUT} route"}
{"timestamp":"2026-10-02 12:38:15","level":"\u001b[32minfo\u001b[39m","context":"RouterExplorer","method":"N/A","correlationId":"N/A","message":"Mapped {/natures-cession/:id, DELETE} route"}
{"timestamp":"2026-10-02 12:38:15","level":"\u001b[32minfo\u001b[39m","context":"RoutesResolver","method":"N/A","correlationId":"N/A","message":"RegionController {/regions}:"}
{"timestamp":"2026-10-02 12:38:15","level":"\u001b[32minfo\u001b[39m","context":"RouterExplorer","method":"N/A","correlationId":"N/A","message":"Mapped {/regions, GET} route"}
{"timestamp":"2026-10-02 12:38:15","level":"\u001b[32minfo\u001b[39m","context":"RouterExplorer","method":"N/A","correlationId":"N/A","message":"Mapped {/regions/:id, GET} route"}
{"timestamp":"2026-10-02 12:38:15","level":"\u001b[32minfo\u001b[39m","context":"RouterExplorer","method":"N/A","correlationId":"N/A","message":"Mapped {/regions, POST} route"}
{"timestamp":"2026-10-02 12:38:15","level":"\u001b[32minfo\u001b[39m","context":"RouterExplorer","method":"N/A","correlationId":"N/A","message":"Mapped {/regions/:id, PUT} route"}
{"timestamp":"2026-10-02 12:38:15","level":"\u001b[32minfo\u001b[39m","context":"RouterExplorer","method":"N/A","correlationId":"N/A","message":"Mapped {/regions/:id, DELETE} route"}
{"timestamp":"2026-10-02 12:38:15","level":"\u001b[32minfo\u001b[39m","context":"RoutesResolver","method":"N/A","correlationId":"N/A","message":"PaysController {/pays}:"}
{"timestamp":"2026-10-02 12:38:15","level":"\u001b[32minfo\u001b[39m","context":"RouterExplorer","method":"N/A","correlationId":"N/A","message":"Mapped {/pays, GET} route"}
{"timestamp":"2026-10-02 12:38:15","level":"\u001b[32minfo\u001b[39m","context":"RouterExplorer","method":"N/A","correlationId":"N/A","message":"Mapped {/pays/:id, GET} route"}
{"timestamp":"2026-10-02 12:38:15","level":"\u001b[32minfo\u001b[39m","context":"RouterExplorer","method":"N/A","correlationId":"N/A","message":"Mapped {/pays, POST} route"}
{"timestamp":"2026-10-02 12:38:15","level":"\u001b[32minfo\u001b[39m","context":"RouterExplorer","method":"N/A","correlationId":"N/A","message":"Mapped {/pays/:id, PUT} route"}
{"timestamp":"2026-10-02 12:38:15","level":"\u001b[32minfo\u001b[39m","context":"RouterExplorer","method":"N/A","correlationId":"N/A","message":"Mapped {/pays/:id, DELETE} route"}
{"timestamp":"2026-10-02 12:38:15","level":"\u001b[32minfo\u001b[39m","context":"RoutesResolver","method":"N/A","correlationId":"N/A","message":"ActeurController {/acteurs}:"}
{"timestamp":"2026-10-02 12:38:15","level":"\u001b[32minfo\u001b[39m","context":"RouterExplorer","method":"N/A","correlationId":"N/A","message":"Mapped {/acteurs, GET} route"}
{"timestamp":"2026-10-02 12:38:15","level":"\u001b[32minfo\u001b[39m","context":"RouterExplorer","method":"N/A","correlationId":"N/A","message":"Mapped {/acteurs/:id, GET} route"}
{"timestamp":"2026-10-02 12:38:15","level":"\u001b[32minfo\u001b[39m","context":"RouterExplorer","method":"N/A","correlationId":"N/A","message":"Mapped {/acteurs, POST} route"}
{"timestamp":"2026-10-02 12:38:15","level":"\u001b[32minfo\u001b[39m","context":"RouterExplorer","method":"N/A","correlationId":"N/A","message":"Mapped {/acteurs/:id, PUT} route"}
{"timestamp":"2026-10-02 12:38:15","level":"\u001b[32minfo\u001b[39m","context":"RouterExplorer","method":"N/A","correlationId":"N/A","message":"Mapped {/acteurs/:id, DELETE} route"}
{"timestamp":"2026-10-02 12:38:15","level":"\u001b[32minfo\u001b[39m","context":"RoutesResolver","method":"N/A","correlationId":"N/A","message":"AssureController {/assures}:"}
{"timestamp":"2026-10-02 12:38:15","level":"\u001b[32minfo\u001b[39m","context":"RouterExplorer","method":"N/A","correlationId":"N/A","message":"Mapped {/assures, GET} route"}
{"timestamp":"2026-10-02 12:38:15","level":"\u001b[32minfo\u001b[39m","context":"RouterExplorer","method":"N/A","correlationId":"N/A","message":"Mapped {/assures/:id, GET} route"}
{"timestamp":"2026-10-02 12:38:15","level":"\u001b[32minfo\u001b[39m","context":"RouterExplorer","method":"N/A","correlationId":"N/A","message":"Mapped {/assures, POST} route"}
{"timestamp":"2026-10-02 12:38:15","level":"\u001b[32minfo\u001b[39m","context":"RouterExplorer","method":"N/A","correlationId":"N/A","message":"Mapped {/assures/:id, PUT} route"}
{"timestamp":"2026-10-02 12:38:15","level":"\u001b[32minfo\u001b[39m","context":"RouterExplorer","method":"N/A","correlationId":"N/A","message":"Mapped {/assures/:id, DELETE} route"}
{"timestamp":"2026-10-02 12:38:15","level":"\u001b[32minfo\u001b[39m","context":"RoutesResolver","method":"N/A","correlationId":"N/A","message":"ContactController {/contacts}:"}
{"timestamp":"2026-10-02 12:38:15","level":"\u001b[32minfo\u001b[39m","context":"RouterExplorer","method":"N/A","correlationId":"N/A","message":"Mapped {/contacts, GET} route"}
{"timestamp":"2026-10-02 12:38:15","level":"\u001b[32minfo\u001b[39m","context":"RouterExplorer","method":"N/A","correlationId":"N/A","message":"Mapped {/contacts/:id, GET} route"}
{"timestamp":"2026-10-02 12:38:15","level":"\u001b[32minfo\u001b[39m","context":"RouterExplorer","method":"N/A","correlationId":"N/A","message":"Mapped {/contacts, POST} route"}
{"timestamp":"2026-10-02 12:38:15","level":"\u001b[32minfo\u001b[39m","context":"RouterExplorer","method":"N/A","correlationId":"N/A","message":"Mapped {/contacts/:id, PUT} route"}
{"timestamp":"2026-10-02 12:38:15","level":"\u001b[32minfo\u001b[39m","context":"RouterExplorer","method":"N/A","correlationId":"N/A","message":"Mapped {/contacts/:id, DELETE} route"}
{"timestamp":"2026-10-02 12:38:15","level":"\u001b[32minfo\u001b[39m","context":"RoutesResolver","method":"N/A","correlationId":"N/A","message":"PoliceController {/polices}:"}
{"timestamp":"2026-10-02 12:38:15","level":"\u001b[32minfo\u001b[39m","context":"RouterExplorer","method":"N/A","correlationId":"N/A","message":"Mapped {/polices, GET} route"}
{"timestamp":"2026-10-02 12:38:15","level":"\u001b[32minfo\u001b[39m","context":"RouterExplorer","method":"N/A","correlationId":"N/A","message":"Mapped {/polices/:id, GET} route"}
{"timestamp":"2026-10-02 12:38:15","level":"\u001b[32minfo\u001b[39m","context":"RouterExplorer","method":"N/A","correlationId":"N/A","message":"Mapped {/polices, POST} route"}
{"timestamp":"2026-10-02 12:38:15","level":"\u001b[32minfo\u001b[39m","context":"RouterExplorer","method":"N/A","correlationId":"N/A","message":"Mapped {/polices/:id, PUT} route"}
{"timestamp":"2026-10-02 12:38:15","level":"\u001b[32minfo\u001b[39m","context":"RouterExplorer","method":"N/A","correlationId":"N/A","message":"Mapped {/polices/:id, DELETE} route"}
{"timestamp":"2026-10-02 12:38:15","level":"\u001b[32minfo\u001b[39m","context":"RoutesResolver","method":"N/A","correlationId":"N/A","message":"QuittanceController {/quittances}:"}
{"timestamp":"2026-10-02 12:38:15","level":"\u001b[32minfo\u001b[39m","context":"RouterExplorer","method":"N/A","correlationId":"N/A","message":"Mapped {/quittances, GET} route"}
{"timestamp":"2026-10-02 12:38:15","level":"\u001b[32minfo\u001b[39m","context":"RouterExplorer","method":"N/A","correlationId":"N/A","message":"Mapped {/quittances/:id, GET} route"}
{"timestamp":"2026-10-02 12:38:15","level":"\u001b[32minfo\u001b[39m","context":"RouterExplorer","method":"N/A","correlationId":"N/A","message":"Mapped {/quittances, POST} route"}
{"timestamp":"2026-10-02 12:38:15","level":"\u001b[32minfo\u001b[39m","context":"RouterExplorer","method":"N/A","correlationId":"N/A","message":"Mapped {/quittances/:id, PUT} route"}
{"timestamp":"2026-10-02 12:38:15","level":"\u001b[32minfo\u001b[39m","context":"RouterExplorer","method":"N/A","correlationId":"N/A","message":"Mapped {/quittances/:id/annuler, PATCH} route"}
{"timestamp":"2026-10-02 12:38:15","level":"\u001b[32minfo\u001b[39m","context":"RouterExplorer","method":"N/A","correlationId":"N/A","message":"Mapped {/quittances/:id, DELETE} route"}
{"timestamp":"2026-10-02 12:38:15","level":"\u001b[32minfo\u001b[39m","context":"RoutesResolver","method":"N/A","correlationId":"N/A","message":"QuittanceCessionController {/quittances-cession}:"}
{"timestamp":"2026-10-02 12:38:15","level":"\u001b[32minfo\u001b[39m","context":"RouterExplorer","method":"N/A","correlationId":"N/A","message":"Mapped {/quittances-cession, GET} route"}
{"timestamp":"2026-10-02 12:38:15","level":"\u001b[32minfo\u001b[39m","context":"RouterExplorer","method":"N/A","correlationId":"N/A","message":"Mapped {/quittances-cession/:id, GET} route"}
{"timestamp":"2026-10-02 12:38:15","level":"\u001b[32minfo\u001b[39m","context":"RouterExplorer","method":"N/A","correlationId":"N/A","message":"Mapped {/quittances-cession, POST} route"}
{"timestamp":"2026-10-02 12:38:15","level":"\u001b[32minfo\u001b[39m","context":"RouterExplorer","method":"N/A","correlationId":"N/A","message":"Mapped {/quittances-cession/:id, PUT} route"}
{"timestamp":"2026-10-02 12:38:15","level":"\u001b[32minfo\u001b[39m","context":"RouterExplorer","method":"N/A","correlationId":"N/A","message":"Mapped {/quittances-cession/:id, DELETE} route"}
{"timestamp":"2026-10-02 12:38:15","level":"\u001b[32minfo\u001b[39m","context":"RoutesResolver","method":"N/A","correlationId":"N/A","message":"EcheancePmdController {/echeances-pmd}:"}
{"timestamp":"2026-10-02 12:38:15","level":"\u001b[32minfo\u001b[39m","context":"RouterExplorer","method":"N/A","correlationId":"N/A","message":"Mapped {/echeances-pmd, GET} route"}
{"timestamp":"2026-10-02 12:38:15","level":"\u001b[32minfo\u001b[39m","context":"RouterExplorer","method":"N/A","correlationId":"N/A","message":"Mapped {/echeances-pmd/:id, GET} route"}
{"timestamp":"2026-10-02 12:38:15","level":"\u001b[32minfo\u001b[39m","context":"RouterExplorer","method":"N/A","correlationId":"N/A","message":"Mapped {/echeances-pmd, POST} route"}
{"timestamp":"2026-10-02 12:38:15","level":"\u001b[32minfo\u001b[39m","context":"RouterExplorer","method":"N/A","correlationId":"N/A","message":"Mapped {/echeances-pmd/:id, PUT} route"}
{"timestamp":"2026-10-02 12:38:15","level":"\u001b[32minfo\u001b[39m","context":"RouterExplorer","method":"N/A","correlationId":"N/A","message":"Mapped {/echeances-pmd/:id, DELETE} route"}
{"timestamp":"2026-10-02 12:38:15","level":"\u001b[32minfo\u001b[39m","context":"RoutesResolver","method":"N/A","correlationId":"N/A","message":"BordereauController {/bordereaux}:"}
{"timestamp":"2026-10-02 12:38:15","level":"\u001b[32minfo\u001b[39m","context":"RouterExplorer","method":"N/A","correlationId":"N/A","message":"Mapped {/bordereaux, GET} route"}
{"timestamp":"2026-10-02 12:38:15","level":"\u001b[32minfo\u001b[39m","context":"RouterExplorer","method":"N/A","correlationId":"N/A","message":"Mapped {/bordereaux/:id, GET} route"}
{"timestamp":"2026-10-02 12:38:15","level":"\u001b[32minfo\u001b[39m","context":"RouterExplorer","method":"N/A","correlationId":"N/A","message":"Mapped {/bordereaux, POST} route"}
{"timestamp":"2026-10-02 12:38:15","level":"\u001b[32minfo\u001b[39m","context":"RouterExplorer","method":"N/A","correlationId":"N/A","message":"Mapped {/bordereaux/:id, PUT} route"}
{"timestamp":"2026-10-02 12:38:15","level":"\u001b[32minfo\u001b[39m","context":"RouterExplorer","method":"N/A","correlationId":"N/A","message":"Mapped {/bordereaux/:id, DELETE} route"}
{"timestamp":"2026-10-02 12:38:15","level":"\u001b[32minfo\u001b[39m","context":"RoutesResolver","method":"N/A","correlationId":"N/A","message":"CompteTraiteController {/comptes-traite}:"}
{"timestamp":"2026-10-02 12:38:15","level":"\u001b[32minfo\u001b[39m","context":"RouterExplorer","method":"N/A","correlationId":"N/A","message":"Mapped {/comptes-traite, GET} route"}
{"timestamp":"2026-10-02 12:38:15","level":"\u001b[32minfo\u001b[39m","context":"RouterExplorer","method":"N/A","correlationId":"N/A","message":"Mapped {/comptes-traite/:id, GET} route"}
{"timestamp":"2026-10-02 12:38:15","level":"\u001b[32minfo\u001b[39m","context":"RouterExplorer","method":"N/A","correlationId":"N/A","message":"Mapped {/comptes-traite, POST} route"}
{"timestamp":"2026-10-02 12:38:15","level":"\u001b[32minfo\u001b[39m","context":"RouterExplorer","method":"N/A","correlationId":"N/A","message":"Mapped {/comptes-traite/:id, PUT} route"}
{"timestamp":"2026-10-02 12:38:15","level":"\u001b[32minfo\u001b[39m","context":"RouterExplorer","method":"N/A","correlationId":"N/A","message":"Mapped {/comptes-traite/:id, DELETE} route"}
{"timestamp":"2026-10-02 12:38:15","level":"\u001b[32minfo\u001b[39m","context":"RoutesResolver","method":"N/A","correlationId":"N/A","message":"NoteDebitCreditController {/notes-debit-credit}:"}
{"timestamp":"2026-10-02 12:38:15","level":"\u001b[32minfo\u001b[39m","context":"RouterExplorer","method":"N/A","correlationId":"N/A","message":"Mapped {/notes-debit-credit, GET} route"}
{"timestamp":"2026-10-02 12:38:15","level":"\u001b[32minfo\u001b[39m","context":"RouterExplorer","method":"N/A","correlationId":"N/A","message":"Mapped {/notes-debit-credit/:id, GET} route"}
{"timestamp":"2026-10-02 12:38:15","level":"\u001b[32minfo\u001b[39m","context":"RouterExplorer","method":"N/A","correlationId":"N/A","message":"Mapped {/notes-debit-credit, POST} route"}
{"timestamp":"2026-10-02 12:38:15","level":"\u001b[32minfo\u001b[39m","context":"RouterExplorer","method":"N/A","correlationId":"N/A","message":"Mapped {/notes-debit-credit/:id, PUT} route"}
{"timestamp":"2026-10-02 12:38:15","level":"\u001b[32minfo\u001b[39m","context":"RouterExplorer","method":"N/A","correlationId":"N/A","message":"Mapped {/notes-debit-credit/:id, DELETE} route"}
{"timestamp":"2026-10-02 12:38:15","level":"\u001b[32minfo\u001b[39m","context":"RoutesResolver","method":"N/A","correlationId":"N/A","message":"ReglementController {/reglements}:"}
{"timestamp":"2026-10-02 12:38:15","level":"\u001b[32minfo\u001b[39m","context":"RouterExplorer","method":"N/A","correlationId":"N/A","message":"Mapped {/reglements, GET} route"}
{"timestamp":"2026-10-02 12:38:15","level":"\u001b[32minfo\u001b[39m","context":"RouterExplorer","method":"N/A","correlationId":"N/A","message":"Mapped {/reglements/:id, GET} route"}
{"timestamp":"2026-10-02 12:38:15","level":"\u001b[32minfo\u001b[39m","context":"RouterExplorer","method":"N/A","correlationId":"N/A","message":"Mapped {/reglements, POST} route"}
{"timestamp":"2026-10-02 12:38:15","level":"\u001b[32minfo\u001b[39m","context":"RouterExplorer","method":"N/A","correlationId":"N/A","message":"Mapped {/reglements/:id, PUT} route"}
{"timestamp":"2026-10-02 12:38:15","level":"\u001b[32minfo\u001b[39m","context":"RouterExplorer","method":"N/A","correlationId":"N/A","message":"Mapped {/reglements/:id, DELETE} route"}
{"timestamp":"2026-10-02 12:38:15","level":"\u001b[32minfo\u001b[39m","context":"RoutesResolver","method":"N/A","correlationId":"N/A","message":"SinistreStatutController {/sinistre-statuts}:"}
{"timestamp":"2026-10-02 12:38:15","level":"\u001b[32minfo\u001b[39m","context":"RouterExplorer","method":"N/A","correlationId":"N/A","message":"Mapped {/sinistre-statuts, GET} route"}
{"timestamp":"2026-10-02 12:38:15","level":"\u001b[32minfo\u001b[39m","context":"RouterExplorer","method":"N/A","correlationId":"N/A","message":"Mapped {/sinistre-statuts/:id, GET} route"}
{"timestamp":"2026-10-02 12:38:15","level":"\u001b[32minfo\u001b[39m","context":"RouterExplorer","method":"N/A","correlationId":"N/A","message":"Mapped {/sinistre-statuts, POST} route"}
{"timestamp":"2026-10-02 12:38:15","level":"\u001b[32minfo\u001b[39m","context":"RouterExplorer","method":"N/A","correlationId":"N/A","message":"Mapped {/sinistre-statuts/:id, PUT} route"}
{"timestamp":"2026-10-02 12:38:15","level":"\u001b[32minfo\u001b[39m","context":"RouterExplorer","method":"N/A","correlationId":"N/A","message":"Mapped {/sinistre-statuts/:id, DELETE} route"}
{"timestamp":"2026-10-02 12:38:15","level":"\u001b[32minfo\u001b[39m","context":"RoutesResolver","method":"N/A","correlationId":"N/A","message":"SinistreTypeEvaluationController {/sinistres-types-evaluation}:"}
{"timestamp":"2026-10-02 12:38:15","level":"\u001b[32minfo\u001b[39m","context":"RouterExplorer","method":"N/A","correlationId":"N/A","message":"Mapped {/sinistres-types-evaluation, GET} route"}
{"timestamp":"2026-10-02 12:38:15","level":"\u001b[32minfo\u001b[39m","context":"RouterExplorer","method":"N/A","correlationId":"N/A","message":"Mapped {/sinistres-types-evaluation/:id, GET} route"}
{"timestamp":"2026-10-02 12:38:15","level":"\u001b[32minfo\u001b[39m","context":"RouterExplorer","method":"N/A","correlationId":"N/A","message":"Mapped {/sinistres-types-evaluation, POST} route"}
{"timestamp":"2026-10-02 12:38:15","level":"\u001b[32minfo\u001b[39m","context":"RouterExplorer","method":"N/A","correlationId":"N/A","message":"Mapped {/sinistres-types-evaluation/:id, PUT} route"}
{"timestamp":"2026-10-02 12:38:15","level":"\u001b[32minfo\u001b[39m","context":"RouterExplorer","method":"N/A","correlationId":"N/A","message":"Mapped {/sinistres-types-evaluation/:id, DELETE} route"}
{"timestamp":"2026-10-02 12:38:15","level":"\u001b[32minfo\u001b[39m","context":"RoutesResolver","method":"N/A","correlationId":"N/A","message":"SinistreController {/sinistre}:"}
{"timestamp":"2026-10-02 12:38:15","level":"\u001b[32minfo\u001b[39m","context":"RouterExplorer","method":"N/A","correlationId":"N/A","message":"Mapped {/sinistre, GET} route"}
{"timestamp":"2026-10-02 12:38:15","level":"\u001b[32minfo\u001b[39m","context":"RouterExplorer","method":"N/A","correlationId":"N/A","message":"Mapped {/sinistre/:id, GET} route"}
{"timestamp":"2026-10-02 12:38:15","level":"\u001b[32minfo\u001b[39m","context":"RouterExplorer","method":"N/A","correlationId":"N/A","message":"Mapped {/sinistre, POST} route"}
{"timestamp":"2026-10-02 12:38:15","level":"\u001b[32minfo\u001b[39m","context":"RouterExplorer","method":"N/A","correlationId":"N/A","message":"Mapped {/sinistre/:id, PUT} route"}
{"timestamp":"2026-10-02 12:38:15","level":"\u001b[32minfo\u001b[39m","context":"RouterExplorer","method":"N/A","correlationId":"N/A","message":"Mapped {/sinistre/:id, DELETE} route"}
{"timestamp":"2026-10-02 12:38:15","level":"\u001b[32minfo\u001b[39m","context":"RoutesResolver","method":"N/A","correlationId":"N/A","message":"SinistreEvaluationController {/sinistres-evaluations}:"}
{"timestamp":"2026-10-02 12:38:15","level":"\u001b[32minfo\u001b[39m","context":"RouterExplorer","method":"N/A","correlationId":"N/A","message":"Mapped {/sinistres-evaluations, GET} route"}
{"timestamp":"2026-10-02 12:38:15","level":"\u001b[32minfo\u001b[39m","context":"RouterExplorer","method":"N/A","correlationId":"N/A","message":"Mapped {/sinistres-evaluations/:id, GET} route"}
{"timestamp":"2026-10-02 12:38:15","level":"\u001b[32minfo\u001b[39m","context":"RouterExplorer","method":"N/A","correlationId":"N/A","message":"Mapped {/sinistres-evaluations, POST} route"}
{"timestamp":"2026-10-02 12:38:15","level":"\u001b[32minfo\u001b[39m","context":"RouterExplorer","method":"N/A","correlationId":"N/A","message":"Mapped {/sinistres-evaluations/:id, PUT} route"}
{"timestamp":"2026-10-02 12:38:15","level":"\u001b[32minfo\u001b[39m","context":"RouterExplorer","method":"N/A","correlationId":"N/A","message":"Mapped {/sinistres-evaluations/:id, DELETE} route"}
{"timestamp":"2026-10-02 12:38:15","level":"\u001b[32minfo\u001b[39m","context":"RoutesResolver","method":"N/A","correlationId":"N/A","message":"SinistreReglementController {/sinistres-reglements}:"}
{"timestamp":"2026-10-02 12:38:15","level":"\u001b[32minfo\u001b[39m","context":"RouterExplorer","method":"N/A","correlationId":"N/A","message":"Mapped {/sinistres-reglements, GET} route"}
{"timestamp":"2026-10-02 12:38:15","level":"\u001b[32minfo\u001b[39m","context":"RouterExplorer","method":"N/A","correlationId":"N/A","message":"Mapped {/sinistres-reglements/:id, GET} route"}
{"timestamp":"2026-10-02 12:38:15","level":"\u001b[32minfo\u001b[39m","context":"RouterExplorer","method":"N/A","correlationId":"N/A","message":"Mapped {/sinistres-reglements, POST} route"}
{"timestamp":"2026-10-02 12:38:15","level":"\u001b[32minfo\u001b[39m","context":"RouterExplorer","method":"N/A","correlationId":"N/A","message":"Mapped {/sinistres-reglements/:id, PUT} route"}
{"timestamp":"2026-10-02 12:38:15","level":"\u001b[32minfo\u001b[39m","context":"RouterExplorer","method":"N/A","correlationId":"N/A","message":"Mapped {/sinistres-reglements/:id, DELETE} route"}
{"timestamp":"2026-10-02 12:38:15","level":"\u001b[32minfo\u001b[39m","context":"NestApplication","method":"N/A","correlationId":"N/A","message":"Nest application successfully started"}
{"timestamp":"2026-10-02 12:38:27","level":"\u001b[32minfo\u001b[39m","context":"NestFactory","method":"N/A","correlationId":"N/A","message":"Starting Nest application..."}
{"timestamp":"2026-10-02 12:38:27","level":"\u001b[32minfo\u001b[39m","context":"InstanceLoader","method":"N/A","correlationId":"N/A","message":"TypeOrmModule dependencies initialized"}
{"timestamp":"2026-10-02 12:38:27","level":"\u001b[32minfo\u001b[39m","context":"InstanceLoader","method":"N/A","correlationId":"N/A","message":"ClsModule dependencies initialized"}
{"timestamp":"2026-10-02 12:38:27","level":"\u001b[32minfo\u001b[39m","context":"InstanceLoader","method":"N/A","correlationId":"N/A","message":"ClsCommonModule dependencies initialized"}
{"timestamp":"2026-10-02 12:38:27","level":"\u001b[32minfo\u001b[39m","context":"InstanceLoader","method":"N/A","correlationId":"N/A","message":"ClsModule dependencies initialized"}
{"timestamp":"2026-10-02 12:38:27","level":"\u001b[32minfo\u001b[39m","context":"InstanceLoader","method":"N/A","correlationId":"N/A","message":"ConfigHostModule dependencies initialized"}
{"timestamp":"2026-10-02 12:38:27","level":"\u001b[32minfo\u001b[39m","context":"InstanceLoader","method":"N/A","correlationId":"N/A","message":"DiscoveryModule dependencies initialized"}
{"timestamp":"2026-10-02 12:38:27","level":"\u001b[32minfo\u001b[39m","context":"InstanceLoader","method":"N/A","correlationId":"N/A","message":"ClsRootModule dependencies initialized"}
{"timestamp":"2026-10-02 12:38:27","level":"\u001b[32minfo\u001b[39m","context":"InstanceLoader","method":"N/A","correlationId":"N/A","message":"AppModule dependencies initialized"}
{"timestamp":"2026-10-02 12:38:27","level":"\u001b[32minfo\u001b[39m","context":"InstanceLoader","method":"N/A","correlationId":"N/A","message":"ConfigModule dependencies initialized"}
{"timestamp":"2026-10-02 12:38:27","level":"\u001b[32minfo\u001b[39m","context":"InstanceLoader","method":"N/A","correlationId":"N/A","message":"ClsPluginsModule dependencies initialized"}
{"timestamp":"2026-10-02 12:38:27","level":"\u001b[32minfo\u001b[39m","context":"InstanceLoader","method":"N/A","correlationId":"N/A","message":"TypeOrmCoreModule dependencies initialized"}
{"timestamp":"2026-10-02 12:38:27","level":"\u001b[32minfo\u001b[39m","context":"InstanceLoader","method":"N/A","correlationId":"N/A","message":"TypeOrmModule dependencies initialized"}
{"timestamp":"2026-10-02 12:38:27","level":"\u001b[32minfo\u001b[39m","context":"InstanceLoader","method":"N/A","correlationId":"N/A","message":"TypeOrmModule dependencies initialized"}
{"timestamp":"2026-10-02 12:38:27","level":"\u001b[32minfo\u001b[39m","context":"InstanceLoader","method":"N/A","correlationId":"N/A","message":"TypeOrmModule dependencies initialized"}
{"timestamp":"2026-10-02 12:38:27","level":"\u001b[32minfo\u001b[39m","context":"InstanceLoader","method":"N/A","correlationId":"N/A","message":"TypeOrmModule dependencies initialized"}
{"timestamp":"2026-10-02 12:38:27","level":"\u001b[32minfo\u001b[39m","context":"InstanceLoader","method":"N/A","correlationId":"N/A","message":"TypeOrmModule dependencies initialized"}
{"timestamp":"2026-10-02 12:38:27","level":"\u001b[32minfo\u001b[39m","context":"InstanceLoader","method":"N/A","correlationId":"N/A","message":"TypeOrmModule dependencies initialized"}
{"timestamp":"2026-10-02 12:38:27","level":"\u001b[32minfo\u001b[39m","context":"InstanceLoader","method":"N/A","correlationId":"N/A","message":"ClsPluginModule dependencies initialized"}
{"timestamp":"2026-10-02 12:38:27","level":"\u001b[32minfo\u001b[39m","context":"InstanceLoader","method":"N/A","correlationId":"N/A","message":"ActeursModule dependencies initialized"}
{"timestamp":"2026-10-02 12:38:27","level":"\u001b[32minfo\u001b[39m","context":"InstanceLoader","method":"N/A","correlationId":"N/A","message":"ReferentielModule dependencies initialized"}
{"timestamp":"2026-10-02 12:38:27","level":"\u001b[32minfo\u001b[39m","context":"InstanceLoader","method":"N/A","correlationId":"N/A","message":"PolicesModule dependencies initialized"}
{"timestamp":"2026-10-02 12:38:27","level":"\u001b[32minfo\u001b[39m","context":"InstanceLoader","method":"N/A","correlationId":"N/A","message":"FluxFinancierModule dependencies initialized"}
{"timestamp":"2026-10-02 12:38:27","level":"\u001b[32minfo\u001b[39m","context":"InstanceLoader","method":"N/A","correlationId":"N/A","message":"SinistresModule dependencies initialized"}
{"timestamp":"2026-10-02 12:38:27","level":"\u001b[32minfo\u001b[39m","context":"InstanceLoader","method":"N/A","correlationId":"N/A","message":"QuittancesModule dependencies initialized"}
{"timestamp":"2026-10-02 12:38:27","level":"\u001b[32minfo\u001b[39m","context":"RoutesResolver","method":"N/A","correlationId":"N/A","message":"BrancheController {/branches}:"}
{"timestamp":"2026-10-02 12:38:27","level":"\u001b[32minfo\u001b[39m","context":"RouterExplorer","method":"N/A","correlationId":"N/A","message":"Mapped {/branches, GET} route"}
{"timestamp":"2026-10-02 12:38:27","level":"\u001b[32minfo\u001b[39m","context":"RouterExplorer","method":"N/A","correlationId":"N/A","message":"Mapped {/branches/:id, GET} route"}
{"timestamp":"2026-10-02 12:38:27","level":"\u001b[32minfo\u001b[39m","context":"RouterExplorer","method":"N/A","correlationId":"N/A","message":"Mapped {/branches, POST} route"}
{"timestamp":"2026-10-02 12:38:27","level":"\u001b[32minfo\u001b[39m","context":"RouterExplorer","method":"N/A","correlationId":"N/A","message":"Mapped {/branches/:id, PUT} route"}
{"timestamp":"2026-10-02 12:38:27","level":"\u001b[32minfo\u001b[39m","context":"RouterExplorer","method":"N/A","correlationId":"N/A","message":"Mapped {/branches/:id, DELETE} route"}
{"timestamp":"2026-10-02 12:38:27","level":"\u001b[32minfo\u001b[39m","context":"RoutesResolver","method":"N/A","correlationId":"N/A","message":"SousBrancheController {/sous-branches}:"}
{"timestamp":"2026-10-02 12:38:27","level":"\u001b[32minfo\u001b[39m","context":"RouterExplorer","method":"N/A","correlationId":"N/A","message":"Mapped {/sous-branches, GET} route"}
{"timestamp":"2026-10-02 12:38:27","level":"\u001b[32minfo\u001b[39m","context":"RouterExplorer","method":"N/A","correlationId":"N/A","message":"Mapped {/sous-branches/:id, GET} route"}
{"timestamp":"2026-10-02 12:38:27","level":"\u001b[32minfo\u001b[39m","context":"RouterExplorer","method":"N/A","correlationId":"N/A","message":"Mapped {/sous-branches, POST} route"}
{"timestamp":"2026-10-02 12:38:27","level":"\u001b[32minfo\u001b[39m","context":"RouterExplorer","method":"N/A","correlationId":"N/A","message":"Mapped {/sous-branches/:id, PUT} route"}
{"timestamp":"2026-10-02 12:38:27","level":"\u001b[32minfo\u001b[39m","context":"RouterExplorer","method":"N/A","correlationId":"N/A","message":"Mapped {/sous-branches/:id, DELETE} route"}
{"timestamp":"2026-10-02 12:38:27","level":"\u001b[32minfo\u001b[39m","context":"RoutesResolver","method":"N/A","correlationId":"N/A","message":"DomaineActiviteController {/domaines-activite}:"}
{"timestamp":"2026-10-02 12:38:27","level":"\u001b[32minfo\u001b[39m","context":"RouterExplorer","method":"N/A","correlationId":"N/A","message":"Mapped {/domaines-activite, GET} route"}
{"timestamp":"2026-10-02 12:38:27","level":"\u001b[32minfo\u001b[39m","context":"RouterExplorer","method":"N/A","correlationId":"N/A","message":"Mapped {/domaines-activite/:id, GET} route"}
{"timestamp":"2026-10-02 12:38:27","level":"\u001b[32minfo\u001b[39m","context":"RouterExplorer","method":"N/A","correlationId":"N/A","message":"Mapped {/domaines-activite, POST} route"}
{"timestamp":"2026-10-02 12:38:27","level":"\u001b[32minfo\u001b[39m","context":"RouterExplorer","method":"N/A","correlationId":"N/A","message":"Mapped {/domaines-activite/:id, PUT} route"}
{"timestamp":"2026-10-02 12:38:27","level":"\u001b[32minfo\u001b[39m","context":"RouterExplorer","method":"N/A","correlationId":"N/A","message":"Mapped {/domaines-activite/:id, DELETE} route"}
{"timestamp":"2026-10-02 12:38:27","level":"\u001b[32minfo\u001b[39m","context":"RoutesResolver","method":"N/A","correlationId":"N/A","message":"CampagneController {/campagnes}:"}
{"timestamp":"2026-10-02 12:38:27","level":"\u001b[32minfo\u001b[39m","context":"RouterExplorer","method":"N/A","correlationId":"N/A","message":"Mapped {/campagnes, GET} route"}
{"timestamp":"2026-10-02 12:38:27","level":"\u001b[32minfo\u001b[39m","context":"RouterExplorer","method":"N/A","correlationId":"N/A","message":"Mapped {/campagnes/:id, GET} route"}
{"timestamp":"2026-10-02 12:38:27","level":"\u001b[32minfo\u001b[39m","context":"RouterExplorer","method":"N/A","correlationId":"N/A","message":"Mapped {/campagnes, POST} route"}
{"timestamp":"2026-10-02 12:38:27","level":"\u001b[32minfo\u001b[39m","context":"RouterExplorer","method":"N/A","correlationId":"N/A","message":"Mapped {/campagnes/:id, PUT} route"}
{"timestamp":"2026-10-02 12:38:27","level":"\u001b[32minfo\u001b[39m","context":"RouterExplorer","method":"N/A","correlationId":"N/A","message":"Mapped {/campagnes/:id, DELETE} route"}
{"timestamp":"2026-10-02 12:38:27","level":"\u001b[32minfo\u001b[39m","context":"RoutesResolver","method":"N/A","correlationId":"N/A","message":"MouvementController {/mouvements}:"}
{"timestamp":"2026-10-02 12:38:27","level":"\u001b[32minfo\u001b[39m","context":"RouterExplorer","method":"N/A","correlationId":"N/A","message":"Mapped {/mouvements, GET} route"}
{"timestamp":"2026-10-02 12:38:27","level":"\u001b[32minfo\u001b[39m","context":"RouterExplorer","method":"N/A","correlationId":"N/A","message":"Mapped {/mouvements/:id, GET} route"}
{"timestamp":"2026-10-02 12:38:27","level":"\u001b[32minfo\u001b[39m","context":"RouterExplorer","method":"N/A","correlationId":"N/A","message":"Mapped {/mouvements, POST} route"}
{"timestamp":"2026-10-02 12:38:27","level":"\u001b[32minfo\u001b[39m","context":"RouterExplorer","method":"N/A","correlationId":"N/A","message":"Mapped {/mouvements/:id, PUT} route"}
{"timestamp":"2026-10-02 12:38:27","level":"\u001b[32minfo\u001b[39m","context":"RouterExplorer","method":"N/A","correlationId":"N/A","message":"Mapped {/mouvements/:id, DELETE} route"}
{"timestamp":"2026-10-02 12:38:27","level":"\u001b[32minfo\u001b[39m","context":"RoutesResolver","method":"N/A","correlationId":"N/A","message":"CompteTypeController {/compte-types}:"}
{"timestamp":"2026-10-02 12:38:27","level":"\u001b[32minfo\u001b[39m","context":"RouterExplorer","method":"N/A","correlationId":"N/A","message":"Mapped {/compte-types, GET} route"}
{"timestamp":"2026-10-02 12:38:27","level":"\u001b[32minfo\u001b[39m","context":"RouterExplorer","method":"N/A","correlationId":"N/A","message":"Mapped {/compte-types/:id, GET} route"}
{"timestamp":"2026-10-02 12:38:27","level":"\u001b[32minfo\u001b[39m","context":"RouterExplorer","method":"N/A","correlationId":"N/A","message":"Mapped {/compte-types, POST} route"}
{"timestamp":"2026-10-02 12:38:27","level":"\u001b[32minfo\u001b[39m","context":"RouterExplorer","method":"N/A","correlationId":"N/A","message":"Mapped {/compte-types/:id, PUT} route"}
{"timestamp":"2026-10-02 12:38:27","level":"\u001b[32minfo\u001b[39m","context":"RouterExplorer","method":"N/A","correlationId":"N/A","message":"Mapped {/compte-types/:id, DELETE} route"}
{"timestamp":"2026-10-02 12:38:27","level":"\u001b[32minfo\u001b[39m","context":"RoutesResolver","method":"N/A","correlationId":"N/A","message":"NatureCessionController {/natures-cession}:"}
{"timestamp":"2026-10-02 12:38:27","level":"\u001b[32minfo\u001b[39m","context":"RouterExplorer","method":"N/A","correlationId":"N/A","message":"Mapped {/natures-cession, GET} route"}
{"timestamp":"2026-10-02 12:38:27","level":"\u001b[32minfo\u001b[39m","context":"RouterExplorer","method":"N/A","correlationId":"N/A","message":"Mapped {/natures-cession/:id, GET} route"}
{"timestamp":"2026-10-02 12:38:27","level":"\u001b[32minfo\u001b[39m","context":"RouterExplorer","method":"N/A","correlationId":"N/A","message":"Mapped {/natures-cession, POST} route"}
{"timestamp":"2026-10-02 12:38:27","level":"\u001b[32minfo\u001b[39m","context":"RouterExplorer","method":"N/A","correlationId":"N/A","message":"Mapped {/natures-cession/:id, PUT} route"}
{"timestamp":"2026-10-02 12:38:27","level":"\u001b[32minfo\u001b[39m","context":"RouterExplorer","method":"N/A","correlationId":"N/A","message":"Mapped {/natures-cession/:id, DELETE} route"}
{"timestamp":"2026-10-02 12:38:27","level":"\u001b[32minfo\u001b[39m","context":"RoutesResolver","method":"N/A","correlationId":"N/A","message":"RegionController {/regions}:"}
{"timestamp":"2026-10-02 12:38:27","level":"\u001b[32minfo\u001b[39m","context":"RouterExplorer","method":"N/A","correlationId":"N/A","message":"Mapped {/regions, GET} route"}
{"timestamp":"2026-10-02 12:38:27","level":"\u001b[32minfo\u001b[39m","context":"RouterExplorer","method":"N/A","correlationId":"N/A","message":"Mapped {/regions/:id, GET} route"}
{"timestamp":"2026-10-02 12:38:27","level":"\u001b[32minfo\u001b[39m","context":"RouterExplorer","method":"N/A","correlationId":"N/A","message":"Mapped {/regions, POST} route"}
{"timestamp":"2026-10-02 12:38:27","level":"\u001b[32minfo\u001b[39m","context":"RouterExplorer","method":"N/A","correlationId":"N/A","message":"Mapped {/regions/:id, PUT} route"}
{"timestamp":"2026-10-02 12:38:27","level":"\u001b[32minfo\u001b[39m","context":"RouterExplorer","method":"N/A","correlationId":"N/A","message":"Mapped {/regions/:id, DELETE} route"}
{"timestamp":"2026-10-02 12:38:27","level":"\u001b[32minfo\u001b[39m","context":"RoutesResolver","method":"N/A","correlationId":"N/A","message":"PaysController {/pays}:"}
{"timestamp":"2026-10-02 12:38:27","level":"\u001b[32minfo\u001b[39m","context":"RouterExplorer","method":"N/A","correlationId":"N/A","message":"Mapped {/pays, GET} route"}
{"timestamp":"2026-10-02 12:38:27","level":"\u001b[32minfo\u001b[39m","context":"RouterExplorer","method":"N/A","correlationId":"N/A","message":"Mapped {/pays/:id, GET} route"}
{"timestamp":"2026-10-02 12:38:27","level":"\u001b[32minfo\u001b[39m","context":"RouterExplorer","method":"N/A","correlationId":"N/A","message":"Mapped {/pays, POST} route"}
{"timestamp":"2026-10-02 12:38:27","level":"\u001b[32minfo\u001b[39m","context":"RouterExplorer","method":"N/A","correlationId":"N/A","message":"Mapped {/pays/:id, PUT} route"}
{"timestamp":"2026-10-02 12:38:27","level":"\u001b[32minfo\u001b[39m","context":"RouterExplorer","method":"N/A","correlationId":"N/A","message":"Mapped {/pays/:id, DELETE} route"}
{"timestamp":"2026-10-02 12:38:27","level":"\u001b[32minfo\u001b[39m","context":"RoutesResolver","method":"N/A","correlationId":"N/A","message":"ActeurController {/acteurs}:"}
{"timestamp":"2026-10-02 12:38:27","level":"\u001b[32minfo\u001b[39m","context":"RouterExplorer","method":"N/A","correlationId":"N/A","message":"Mapped {/acteurs, GET} route"}
{"timestamp":"2026-10-02 12:38:27","level":"\u001b[32minfo\u001b[39m","context":"RouterExplorer","method":"N/A","correlationId":"N/A","message":"Mapped {/acteurs/:id, GET} route"}
{"timestamp":"2026-10-02 12:38:27","level":"\u001b[32minfo\u001b[39m","context":"RouterExplorer","method":"N/A","correlationId":"N/A","message":"Mapped {/acteurs, POST} route"}
{"timestamp":"2026-10-02 12:38:27","level":"\u001b[32minfo\u001b[39m","context":"RouterExplorer","method":"N/A","correlationId":"N/A","message":"Mapped {/acteurs/:id, PUT} route"}
{"timestamp":"2026-10-02 12:38:27","level":"\u001b[32minfo\u001b[39m","context":"RouterExplorer","method":"N/A","correlationId":"N/A","message":"Mapped {/acteurs/:id, DELETE} route"}
{"timestamp":"2026-10-02 12:38:27","level":"\u001b[32minfo\u001b[39m","context":"RoutesResolver","method":"N/A","correlationId":"N/A","message":"AssureController {/assures}:"}
{"timestamp":"2026-10-02 12:38:27","level":"\u001b[32minfo\u001b[39m","context":"RouterExplorer","method":"N/A","correlationId":"N/A","message":"Mapped {/assures, GET} route"}
{"timestamp":"2026-10-02 12:38:27","level":"\u001b[32minfo\u001b[39m","context":"RouterExplorer","method":"N/A","correlationId":"N/A","message":"Mapped {/assures/:id, GET} route"}
{"timestamp":"2026-10-02 12:38:27","level":"\u001b[32minfo\u001b[39m","context":"RouterExplorer","method":"N/A","correlationId":"N/A","message":"Mapped {/assures, POST} route"}
{"timestamp":"2026-10-02 12:38:27","level":"\u001b[32minfo\u001b[39m","context":"RouterExplorer","method":"N/A","correlationId":"N/A","message":"Mapped {/assures/:id, PUT} route"}
{"timestamp":"2026-10-02 12:38:27","level":"\u001b[32minfo\u001b[39m","context":"RouterExplorer","method":"N/A","correlationId":"N/A","message":"Mapped {/assures/:id, DELETE} route"}
{"timestamp":"2026-10-02 12:38:27","level":"\u001b[32minfo\u001b[39m","context":"RoutesResolver","method":"N/A","correlationId":"N/A","message":"ContactController {/contacts}:"}
{"timestamp":"2026-10-02 12:38:27","level":"\u001b[32minfo\u001b[39m","context":"RouterExplorer","method":"N/A","correlationId":"N/A","message":"Mapped {/contacts, GET} route"}
{"timestamp":"2026-10-02 12:38:27","level":"\u001b[32minfo\u001b[39m","context":"RouterExplorer","method":"N/A","correlationId":"N/A","message":"Mapped {/contacts/:id, GET} route"}
{"timestamp":"2026-10-02 12:38:27","level":"\u001b[32minfo\u001b[39m","context":"RouterExplorer","method":"N/A","correlationId":"N/A","message":"Mapped {/contacts, POST} route"}
{"timestamp":"2026-10-02 12:38:27","level":"\u001b[32minfo\u001b[39m","context":"RouterExplorer","method":"N/A","correlationId":"N/A","message":"Mapped {/contacts/:id, PUT} route"}
{"timestamp":"2026-10-02 12:38:27","level":"\u001b[32minfo\u001b[39m","context":"RouterExplorer","method":"N/A","correlationId":"N/A","message":"Mapped {/contacts/:id, DELETE} route"}
{"timestamp":"2026-10-02 12:38:27","level":"\u001b[32minfo\u001b[39m","context":"RoutesResolver","method":"N/A","correlationId":"N/A","message":"PoliceController {/polices}:"}
{"timestamp":"2026-10-02 12:38:27","level":"\u001b[32minfo\u001b[39m","context":"RouterExplorer","method":"N/A","correlationId":"N/A","message":"Mapped {/polices, GET} route"}
{"timestamp":"2026-10-02 12:38:27","level":"\u001b[32minfo\u001b[39m","context":"RouterExplorer","method":"N/A","correlationId":"N/A","message":"Mapped {/polices/:id, GET} route"}
{"timestamp":"2026-10-02 12:38:27","level":"\u001b[32minfo\u001b[39m","context":"RouterExplorer","method":"N/A","correlationId":"N/A","message":"Mapped {/polices, POST} route"}
{"timestamp":"2026-10-02 12:38:27","level":"\u001b[32minfo\u001b[39m","context":"RouterExplorer","method":"N/A","correlationId":"N/A","message":"Mapped {/polices/:id, PUT} route"}
{"timestamp":"2026-10-02 12:38:27","level":"\u001b[32minfo\u001b[39m","context":"RouterExplorer","method":"N/A","correlationId":"N/A","message":"Mapped {/polices/:id, DELETE} route"}
{"timestamp":"2026-10-02 12:38:27","level":"\u001b[32minfo\u001b[39m","context":"RoutesResolver","method":"N/A","correlationId":"N/A","message":"QuittanceController {/quittances}:"}
{"timestamp":"2026-10-02 12:38:27","level":"\u001b[32minfo\u001b[39m","context":"RouterExplorer","method":"N/A","correlationId":"N/A","message":"Mapped {/quittances, GET} route"}
{"timestamp":"2026-10-02 12:38:27","level":"\u001b[32minfo\u001b[39m","context":"RouterExplorer","method":"N/A","correlationId":"N/A","message":"Mapped {/quittances/:id, GET} route"}
{"timestamp":"2026-10-02 12:38:27","level":"\u001b[32minfo\u001b[39m","context":"RouterExplorer","method":"N/A","correlationId":"N/A","message":"Mapped {/quittances, POST} route"}
{"timestamp":"2026-10-02 12:38:27","level":"\u001b[32minfo\u001b[39m","context":"RouterExplorer","method":"N/A","correlationId":"N/A","message":"Mapped {/quittances/:id, PUT} route"}
{"timestamp":"2026-10-02 12:38:27","level":"\u001b[32minfo\u001b[39m","context":"RouterExplorer","method":"N/A","correlationId":"N/A","message":"Mapped {/quittances/:id/annuler, PATCH} route"}
{"timestamp":"2026-10-02 12:38:27","level":"\u001b[32minfo\u001b[39m","context":"RouterExplorer","method":"N/A","correlationId":"N/A","message":"Mapped {/quittances/:id, DELETE} route"}
{"timestamp":"2026-10-02 12:38:27","level":"\u001b[32minfo\u001b[39m","context":"RoutesResolver","method":"N/A","correlationId":"N/A","message":"QuittanceCessionController {/quittances-cession}:"}
{"timestamp":"2026-10-02 12:38:27","level":"\u001b[32minfo\u001b[39m","context":"RouterExplorer","method":"N/A","correlationId":"N/A","message":"Mapped {/quittances-cession, GET} route"}
{"timestamp":"2026-10-02 12:38:27","level":"\u001b[32minfo\u001b[39m","context":"RouterExplorer","method":"N/A","correlationId":"N/A","message":"Mapped {/quittances-cession/:id, GET} route"}
{"timestamp":"2026-10-02 12:38:27","level":"\u001b[32minfo\u001b[39m","context":"RouterExplorer","method":"N/A","correlationId":"N/A","message":"Mapped {/quittances-cession, POST} route"}
{"timestamp":"2026-10-02 12:38:27","level":"\u001b[32minfo\u001b[39m","context":"RouterExplorer","method":"N/A","correlationId":"N/A","message":"Mapped {/quittances-cession/:id, PUT} route"}
{"timestamp":"2026-10-02 12:38:27","level":"\u001b[32minfo\u001b[39m","context":"RouterExplorer","method":"N/A","correlationId":"N/A","message":"Mapped {/quittances-cession/:id, DELETE} route"}
{"timestamp":"2026-10-02 12:38:27","level":"\u001b[32minfo\u001b[39m","context":"RoutesResolver","method":"N/A","correlationId":"N/A","message":"EcheancePmdController {/echeances-pmd}:"}
{"timestamp":"2026-10-02 12:38:27","level":"\u001b[32minfo\u001b[39m","context":"RouterExplorer","method":"N/A","correlationId":"N/A","message":"Mapped {/echeances-pmd, GET} route"}
{"timestamp":"2026-10-02 12:38:27","level":"\u001b[32minfo\u001b[39m","context":"RouterExplorer","method":"N/A","correlationId":"N/A","message":"Mapped {/echeances-pmd/:id, GET} route"}
{"timestamp":"2026-10-02 12:38:27","level":"\u001b[32minfo\u001b[39m","context":"RouterExplorer","method":"N/A","correlationId":"N/A","message":"Mapped {/echeances-pmd, POST} route"}
{"timestamp":"2026-10-02 12:38:27","level":"\u001b[32minfo\u001b[39m","context":"RouterExplorer","method":"N/A","correlationId":"N/A","message":"Mapped {/echeances-pmd/:id, PUT} route"}
{"timestamp":"2026-10-02 12:38:27","level":"\u001b[32minfo\u001b[39m","context":"RouterExplorer","method":"N/A","correlationId":"N/A","message":"Mapped {/echeances-pmd/:id, DELETE} route"}
{"timestamp":"2026-10-02 12:38:27","level":"\u001b[32minfo\u001b[39m","context":"RoutesResolver","method":"N/A","correlationId":"N/A","message":"BordereauController {/bordereaux}:"}
{"timestamp":"2026-10-02 12:38:27","level":"\u001b[32minfo\u001b[39m","context":"RouterExplorer","method":"N/A","correlationId":"N/A","message":"Mapped {/bordereaux, GET} route"}
{"timestamp":"2026-10-02 12:38:27","level":"\u001b[32minfo\u001b[39m","context":"RouterExplorer","method":"N/A","correlationId":"N/A","message":"Mapped {/bordereaux/:id, GET} route"}
{"timestamp":"2026-10-02 12:38:27","level":"\u001b[32minfo\u001b[39m","context":"RouterExplorer","method":"N/A","correlationId":"N/A","message":"Mapped {/bordereaux, POST} route"}
{"timestamp":"2026-10-02 12:38:27","level":"\u001b[32minfo\u001b[39m","context":"RouterExplorer","method":"N/A","correlationId":"N/A","message":"Mapped {/bordereaux/:id, PUT} route"}
{"timestamp":"2026-10-02 12:38:27","level":"\u001b[32minfo\u001b[39m","context":"RouterExplorer","method":"N/A","correlationId":"N/A","message":"Mapped {/bordereaux/:id, DELETE} route"}
{"timestamp":"2026-10-02 12:38:27","level":"\u001b[32minfo\u001b[39m","context":"RoutesResolver","method":"N/A","correlationId":"N/A","message":"CompteTraiteController {/comptes-traite}:"}
{"timestamp":"2026-10-02 12:38:27","level":"\u001b[32minfo\u001b[39m","context":"RouterExplorer","method":"N/A","correlationId":"N/A","message":"Mapped {/comptes-traite, GET} route"}
{"timestamp":"2026-10-02 12:38:27","level":"\u001b[32minfo\u001b[39m","context":"RouterExplorer","method":"N/A","correlationId":"N/A","message":"Mapped {/comptes-traite/:id, GET} route"}
{"timestamp":"2026-10-02 12:38:27","level":"\u001b[32minfo\u001b[39m","context":"RouterExplorer","method":"N/A","correlationId":"N/A","message":"Mapped {/comptes-traite, POST} route"}
{"timestamp":"2026-10-02 12:38:27","level":"\u001b[32minfo\u001b[39m","context":"RouterExplorer","method":"N/A","correlationId":"N/A","message":"Mapped {/comptes-traite/:id, PUT} route"}
{"timestamp":"2026-10-02 12:38:27","level":"\u001b[32minfo\u001b[39m","context":"RouterExplorer","method":"N/A","correlationId":"N/A","message":"Mapped {/comptes-traite/:id, DELETE} route"}
{"timestamp":"2026-10-02 12:38:27","level":"\u001b[32minfo\u001b[39m","context":"RoutesResolver","method":"N/A","correlationId":"N/A","message":"NoteDebitCreditController {/notes-debit-credit}:"}
{"timestamp":"2026-10-02 12:38:27","level":"\u001b[32minfo\u001b[39m","context":"RouterExplorer","method":"N/A","correlationId":"N/A","message":"Mapped {/notes-debit-credit, GET} route"}
{"timestamp":"2026-10-02 12:38:27","level":"\u001b[32minfo\u001b[39m","context":"RouterExplorer","method":"N/A","correlationId":"N/A","message":"Mapped {/notes-debit-credit/:id, GET} route"}
{"timestamp":"2026-10-02 12:38:27","level":"\u001b[32minfo\u001b[39m","context":"RouterExplorer","method":"N/A","correlationId":"N/A","message":"Mapped {/notes-debit-credit, POST} route"}
{"timestamp":"2026-10-02 12:38:27","level":"\u001b[32minfo\u001b[39m","context":"RouterExplorer","method":"N/A","correlationId":"N/A","message":"Mapped {/notes-debit-credit/:id, PUT} route"}
{"timestamp":"2026-10-02 12:38:27","level":"\u001b[32minfo\u001b[39m","context":"RouterExplorer","method":"N/A","correlationId":"N/A","message":"Mapped {/notes-debit-credit/:id, DELETE} route"}
{"timestamp":"2026-10-02 12:38:27","level":"\u001b[32minfo\u001b[39m","context":"RoutesResolver","method":"N/A","correlationId":"N/A","message":"ReglementController {/reglements}:"}
{"timestamp":"2026-10-02 12:38:27","level":"\u001b[32minfo\u001b[39m","context":"RouterExplorer","method":"N/A","correlationId":"N/A","message":"Mapped {/reglements, GET} route"}
{"timestamp":"2026-10-02 12:38:27","level":"\u001b[32minfo\u001b[39m","context":"RouterExplorer","method":"N/A","correlationId":"N/A","message":"Mapped {/reglements/:id, GET} route"}
{"timestamp":"2026-10-02 12:38:27","level":"\u001b[32minfo\u001b[39m","context":"RouterExplorer","method":"N/A","correlationId":"N/A","message":"Mapped {/reglements, POST} route"}
{"timestamp":"2026-10-02 12:38:27","level":"\u001b[32minfo\u001b[39m","context":"RouterExplorer","method":"N/A","correlationId":"N/A","message":"Mapped {/reglements/:id, PUT} route"}
{"timestamp":"2026-10-02 12:38:27","level":"\u001b[32minfo\u001b[39m","context":"RouterExplorer","method":"N/A","correlationId":"N/A","message":"Mapped {/reglements/:id, DELETE} route"}
{"timestamp":"2026-10-02 12:38:27","level":"\u001b[32minfo\u001b[39m","context":"RoutesResolver","method":"N/A","correlationId":"N/A","message":"SinistreStatutController {/sinistre-statuts}:"}
{"timestamp":"2026-10-02 12:38:27","level":"\u001b[32minfo\u001b[39m","context":"RouterExplorer","method":"N/A","correlationId":"N/A","message":"Mapped {/sinistre-statuts, GET} route"}
{"timestamp":"2026-10-02 12:38:27","level":"\u001b[32minfo\u001b[39m","context":"RouterExplorer","method":"N/A","correlationId":"N/A","message":"Mapped {/sinistre-statuts/:id, GET} route"}
{"timestamp":"2026-10-02 12:38:27","level":"\u001b[32minfo\u001b[39m","context":"RouterExplorer","method":"N/A","correlationId":"N/A","message":"Mapped {/sinistre-statuts, POST} route"}
{"timestamp":"2026-10-02 12:38:27","level":"\u001b[32minfo\u001b[39m","context":"RouterExplorer","method":"N/A","correlationId":"N/A","message":"Mapped {/sinistre-statuts/:id, PUT} route"}
{"timestamp":"2026-10-02 12:38:27","level":"\u001b[32minfo\u001b[39m","context":"RouterExplorer","method":"N/A","correlationId":"N/A","message":"Mapped {/sinistre-statuts/:id, DELETE} route"}
{"timestamp":"2026-10-02 12:38:27","level":"\u001b[32minfo\u001b[39m","context":"RoutesResolver","method":"N/A","correlationId":"N/A","message":"SinistreTypeEvaluationController {/sinistres-types-evaluation}:"}
{"timestamp":"2026-10-02 12:38:27","level":"\u001b[32minfo\u001b[39m","context":"RouterExplorer","method":"N/A","correlationId":"N/A","message":"Mapped {/sinistres-types-evaluation, GET} route"}
{"timestamp":"2026-10-02 12:38:27","level":"\u001b[32minfo\u001b[39m","context":"RouterExplorer","method":"N/A","correlationId":"N/A","message":"Mapped {/sinistres-types-evaluation/:id, GET} route"}
{"timestamp":"2026-10-02 12:38:27","level":"\u001b[32minfo\u001b[39m","context":"RouterExplorer","method":"N/A","correlationId":"N/A","message":"Mapped {/sinistres-types-evaluation, POST} route"}
{"timestamp":"2026-10-02 12:38:27","level":"\u001b[32minfo\u001b[39m","context":"RouterExplorer","method":"N/A","correlationId":"N/A","message":"Mapped {/sinistres-types-evaluation/:id, PUT} route"}
{"timestamp":"2026-10-02 12:38:27","level":"\u001b[32minfo\u001b[39m","context":"RouterExplorer","method":"N/A","correlationId":"N/A","message":"Mapped {/sinistres-types-evaluation/:id, DELETE} route"}
{"timestamp":"2026-10-02 12:38:27","level":"\u001b[32minfo\u001b[39m","context":"RoutesResolver","method":"N/A","correlationId":"N/A","message":"SinistreController {/sinistre}:"}
{"timestamp":"2026-10-02 12:38:27","level":"\u001b[32minfo\u001b[39m","context":"RouterExplorer","method":"N/A","correlationId":"N/A","message":"Mapped {/sinistre, GET} route"}
{"timestamp":"2026-10-02 12:38:27","level":"\u001b[32minfo\u001b[39m","context":"RouterExplorer","method":"N/A","correlationId":"N/A","message":"Mapped {/sinistre/:id, GET} route"}
{"timestamp":"2026-10-02 12:38:27","level":"\u001b[32minfo\u001b[39m","context":"RouterExplorer","method":"N/A","correlationId":"N/A","message":"Mapped {/sinistre, POST} route"}
{"timestamp":"2026-10-02 12:38:27","level":"\u001b[32minfo\u001b[39m","context":"RouterExplorer","method":"N/A","correlationId":"N/A","message":"Mapped {/sinistre/:id, PUT} route"}
{"timestamp":"2026-10-02 12:38:27","level":"\u001b[32minfo\u001b[39m","context":"RouterExplorer","method":"N/A","correlationId":"N/A","message":"Mapped {/sinistre/:id, DELETE} route"}
{"timestamp":"2026-10-02 12:38:27","level":"\u001b[32minfo\u001b[39m","context":"RoutesResolver","method":"N/A","correlationId":"N/A","message":"SinistreEvaluationController {/sinistres-evaluations}:"}
{"timestamp":"2026-10-02 12:38:27","level":"\u001b[32minfo\u001b[39m","context":"RouterExplorer","method":"N/A","correlationId":"N/A","message":"Mapped {/sinistres-evaluations, GET} route"}
{"timestamp":"2026-10-02 12:38:27","level":"\u001b[32minfo\u001b[39m","context":"RouterExplorer","method":"N/A","correlationId":"N/A","message":"Mapped {/sinistres-evaluations/:id, GET} route"}
{"timestamp":"2026-10-02 12:38:27","level":"\u001b[32minfo\u001b[39m","context":"RouterExplorer","method":"N/A","correlationId":"N/A","message":"Mapped {/sinistres-evaluations, POST} route"}
{"timestamp":"2026-10-02 12:38:27","level":"\u001b[32minfo\u001b[39m","context":"RouterExplorer","method":"N/A","correlationId":"N/A","message":"Mapped {/sinistres-evaluations/:id, PUT} route"}
{"timestamp":"2026-10-02 12:38:27","level":"\u001b[32minfo\u001b[39m","context":"RouterExplorer","method":"N/A","correlationId":"N/A","message":"Mapped {/sinistres-evaluations/:id, DELETE} route"}
{"timestamp":"2026-10-02 12:38:27","level":"\u001b[32minfo\u001b[39m","context":"RoutesResolver","method":"N/A","correlationId":"N/A","message":"SinistreReglementController {/sinistres-reglements}:"}
{"timestamp":"2026-10-02 12:38:27","level":"\u001b[32minfo\u001b[39m","context":"RouterExplorer","method":"N/A","correlationId":"N/A","message":"Mapped {/sinistres-reglements, GET} route"}
{"timestamp":"2026-10-02 12:38:27","level":"\u001b[32minfo\u001b[39m","context":"RouterExplorer","method":"N/A","correlationId":"N/A","message":"Mapped {/sinistres-reglements/:id, GET} route"}
{"timestamp":"2026-10-02 12:38:27","level":"\u001b[32minfo\u001b[39m","context":"RouterExplorer","method":"N/A","correlationId":"N/A","message":"Mapped {/sinistres-reglements, POST} route"}
{"timestamp":"2026-10-02 12:38:27","level":"\u001b[32minfo\u001b[39m","context":"RouterExplorer","method":"N/A","correlationId":"N/A","message":"Mapped {/sinistres-reglements/:id, PUT} route"}
{"timestamp":"2026-10-02 12:38:27","level":"\u001b[32minfo\u001b[39m","context":"RouterExplorer","method":"N/A","correlationId":"N/A","message":"Mapped {/sinistres-reglements/:id, DELETE} route"}
{"timestamp":"2026-10-02 12:38:27","level":"\u001b[32minfo\u001b[39m","context":"NestApplication","method":"N/A","correlationId":"N/A","message":"Nest application successfully started"}
{"timestamp":"2026-10-02 13:31:36","level":"\u001b[32minfo\u001b[39m","context":"NestFactory","method":"N/A","correlationId":"N/A","message":"Starting Nest application..."}
{"timestamp":"2026-10-02 13:31:36","level":"\u001b[32minfo\u001b[39m","context":"InstanceLoader","method":"N/A","correlationId":"N/A","message":"TypeOrmModule dependencies initialized"}
{"timestamp":"2026-10-02 13:31:36","level":"\u001b[32minfo\u001b[39m","context":"InstanceLoader","method":"N/A","correlationId":"N/A","message":"ClsModule dependencies initialized"}
{"timestamp":"2026-10-02 13:31:36","level":"\u001b[32minfo\u001b[39m","context":"InstanceLoader","method":"N/A","correlationId":"N/A","message":"ClsCommonModule dependencies initialized"}
{"timestamp":"2026-10-02 13:31:36","level":"\u001b[32minfo\u001b[39m","context":"InstanceLoader","method":"N/A","correlationId":"N/A","message":"ClsModule dependencies initialized"}
{"timestamp":"2026-10-02 13:31:36","level":"\u001b[32minfo\u001b[39m","context":"InstanceLoader","method":"N/A","correlationId":"N/A","message":"ConfigHostModule dependencies initialized"}
{"timestamp":"2026-10-02 13:31:36","level":"\u001b[32minfo\u001b[39m","context":"InstanceLoader","method":"N/A","correlationId":"N/A","message":"DiscoveryModule dependencies initialized"}
{"timestamp":"2026-10-02 13:31:36","level":"\u001b[32minfo\u001b[39m","context":"InstanceLoader","method":"N/A","correlationId":"N/A","message":"ClsRootModule dependencies initialized"}
{"timestamp":"2026-10-02 13:31:36","level":"\u001b[32minfo\u001b[39m","context":"InstanceLoader","method":"N/A","correlationId":"N/A","message":"AppModule dependencies initialized"}
{"timestamp":"2026-10-02 13:31:36","level":"\u001b[32minfo\u001b[39m","context":"InstanceLoader","method":"N/A","correlationId":"N/A","message":"ConfigModule dependencies initialized"}
{"timestamp":"2026-10-02 13:31:36","level":"\u001b[32minfo\u001b[39m","context":"InstanceLoader","method":"N/A","correlationId":"N/A","message":"ClsPluginsModule dependencies initialized"}
{"timestamp":"2026-10-02 13:31:36","level":"\u001b[32minfo\u001b[39m","context":"InstanceLoader","method":"N/A","correlationId":"N/A","message":"TypeOrmCoreModule dependencies initialized"}
{"timestamp":"2026-10-02 13:31:36","level":"\u001b[32minfo\u001b[39m","context":"InstanceLoader","method":"N/A","correlationId":"N/A","message":"TypeOrmModule dependencies initialized"}
{"timestamp":"2026-10-02 13:31:36","level":"\u001b[32minfo\u001b[39m","context":"InstanceLoader","method":"N/A","correlationId":"N/A","message":"TypeOrmModule dependencies initialized"}
{"timestamp":"2026-10-02 13:31:36","level":"\u001b[32minfo\u001b[39m","context":"InstanceLoader","method":"N/A","correlationId":"N/A","message":"TypeOrmModule dependencies initialized"}
{"timestamp":"2026-10-02 13:31:36","level":"\u001b[32minfo\u001b[39m","context":"InstanceLoader","method":"N/A","correlationId":"N/A","message":"TypeOrmModule dependencies initialized"}
{"timestamp":"2026-10-02 13:31:36","level":"\u001b[32minfo\u001b[39m","context":"InstanceLoader","method":"N/A","correlationId":"N/A","message":"TypeOrmModule dependencies initialized"}
{"timestamp":"2026-10-02 13:31:36","level":"\u001b[32minfo\u001b[39m","context":"InstanceLoader","method":"N/A","correlationId":"N/A","message":"TypeOrmModule dependencies initialized"}
{"timestamp":"2026-10-02 13:31:36","level":"\u001b[32minfo\u001b[39m","context":"InstanceLoader","method":"N/A","correlationId":"N/A","message":"ClsPluginModule dependencies initialized"}
{"timestamp":"2026-10-02 13:31:36","level":"\u001b[32minfo\u001b[39m","context":"InstanceLoader","method":"N/A","correlationId":"N/A","message":"ActeursModule dependencies initialized"}
{"timestamp":"2026-10-02 13:31:36","level":"\u001b[32minfo\u001b[39m","context":"InstanceLoader","method":"N/A","correlationId":"N/A","message":"ReferentielModule dependencies initialized"}
{"timestamp":"2026-10-02 13:31:36","level":"\u001b[32minfo\u001b[39m","context":"InstanceLoader","method":"N/A","correlationId":"N/A","message":"PolicesModule dependencies initialized"}
{"timestamp":"2026-10-02 13:31:36","level":"\u001b[32minfo\u001b[39m","context":"InstanceLoader","method":"N/A","correlationId":"N/A","message":"FluxFinancierModule dependencies initialized"}
{"timestamp":"2026-10-02 13:31:36","level":"\u001b[32minfo\u001b[39m","context":"InstanceLoader","method":"N/A","correlationId":"N/A","message":"SinistresModule dependencies initialized"}
{"timestamp":"2026-10-02 13:31:36","level":"\u001b[32minfo\u001b[39m","context":"InstanceLoader","method":"N/A","correlationId":"N/A","message":"QuittancesModule dependencies initialized"}
{"timestamp":"2026-10-02 13:31:36","level":"\u001b[32minfo\u001b[39m","context":"RoutesResolver","method":"N/A","correlationId":"N/A","message":"BrancheController {/branches}:"}
{"timestamp":"2026-10-02 13:31:36","level":"\u001b[32minfo\u001b[39m","context":"RouterExplorer","method":"N/A","correlationId":"N/A","message":"Mapped {/branches, GET} route"}
{"timestamp":"2026-10-02 13:31:36","level":"\u001b[32minfo\u001b[39m","context":"RouterExplorer","method":"N/A","correlationId":"N/A","message":"Mapped {/branches/:id, GET} route"}
{"timestamp":"2026-10-02 13:31:36","level":"\u001b[32minfo\u001b[39m","context":"RouterExplorer","method":"N/A","correlationId":"N/A","message":"Mapped {/branches, POST} route"}
{"timestamp":"2026-10-02 13:31:36","level":"\u001b[32minfo\u001b[39m","context":"RouterExplorer","method":"N/A","correlationId":"N/A","message":"Mapped {/branches/:id, PUT} route"}
{"timestamp":"2026-10-02 13:31:36","level":"\u001b[32minfo\u001b[39m","context":"RouterExplorer","method":"N/A","correlationId":"N/A","message":"Mapped {/branches/:id, DELETE} route"}
{"timestamp":"2026-10-02 13:31:36","level":"\u001b[32minfo\u001b[39m","context":"RoutesResolver","method":"N/A","correlationId":"N/A","message":"SousBrancheController {/sous-branches}:"}
{"timestamp":"2026-10-02 13:31:36","level":"\u001b[32minfo\u001b[39m","context":"RouterExplorer","method":"N/A","correlationId":"N/A","message":"Mapped {/sous-branches, GET} route"}
{"timestamp":"2026-10-02 13:31:36","level":"\u001b[32minfo\u001b[39m","context":"RouterExplorer","method":"N/A","correlationId":"N/A","message":"Mapped {/sous-branches/:id, GET} route"}
{"timestamp":"2026-10-02 13:31:36","level":"\u001b[32minfo\u001b[39m","context":"RouterExplorer","method":"N/A","correlationId":"N/A","message":"Mapped {/sous-branches, POST} route"}
{"timestamp":"2026-10-02 13:31:36","level":"\u001b[32minfo\u001b[39m","context":"RouterExplorer","method":"N/A","correlationId":"N/A","message":"Mapped {/sous-branches/:id, PUT} route"}
{"timestamp":"2026-10-02 13:31:36","level":"\u001b[32minfo\u001b[39m","context":"RouterExplorer","method":"N/A","correlationId":"N/A","message":"Mapped {/sous-branches/:id, DELETE} route"}
{"timestamp":"2026-10-02 13:31:36","level":"\u001b[32minfo\u001b[39m","context":"RoutesResolver","method":"N/A","correlationId":"N/A","message":"DomaineActiviteController {/domaines-activite}:"}
{"timestamp":"2026-10-02 13:31:36","level":"\u001b[32minfo\u001b[39m","context":"RouterExplorer","method":"N/A","correlationId":"N/A","message":"Mapped {/domaines-activite, GET} route"}
{"timestamp":"2026-10-02 13:31:36","level":"\u001b[32minfo\u001b[39m","context":"RouterExplorer","method":"N/A","correlationId":"N/A","message":"Mapped {/domaines-activite/:id, GET} route"}
{"timestamp":"2026-10-02 13:31:36","level":"\u001b[32minfo\u001b[39m","context":"RouterExplorer","method":"N/A","correlationId":"N/A","message":"Mapped {/domaines-activite, POST} route"}
{"timestamp":"2026-10-02 13:31:36","level":"\u001b[32minfo\u001b[39m","context":"RouterExplorer","method":"N/A","correlationId":"N/A","message":"Mapped {/domaines-activite/:id, PUT} route"}
{"timestamp":"2026-10-02 13:31:36","level":"\u001b[32minfo\u001b[39m","context":"RouterExplorer","method":"N/A","correlationId":"N/A","message":"Mapped {/domaines-activite/:id, DELETE} route"}
{"timestamp":"2026-10-02 13:31:36","level":"\u001b[32minfo\u001b[39m","context":"RoutesResolver","method":"N/A","correlationId":"N/A","message":"CampagneController {/campagnes}:"}
{"timestamp":"2026-10-02 13:31:36","level":"\u001b[32minfo\u001b[39m","context":"RouterExplorer","method":"N/A","correlationId":"N/A","message":"Mapped {/campagnes, GET} route"}
{"timestamp":"2026-10-02 13:31:36","level":"\u001b[32minfo\u001b[39m","context":"RouterExplorer","method":"N/A","correlationId":"N/A","message":"Mapped {/campagnes/:id, GET} route"}
{"timestamp":"2026-10-02 13:31:36","level":"\u001b[32minfo\u001b[39m","context":"RouterExplorer","method":"N/A","correlationId":"N/A","message":"Mapped {/campagnes, POST} route"}
{"timestamp":"2026-10-02 13:31:36","level":"\u001b[32minfo\u001b[39m","context":"RouterExplorer","method":"N/A","correlationId":"N/A","message":"Mapped {/campagnes/:id, PUT} route"}
{"timestamp":"2026-10-02 13:31:36","level":"\u001b[32minfo\u001b[39m","context":"RouterExplorer","method":"N/A","correlationId":"N/A","message":"Mapped {/campagnes/:id, DELETE} route"}
{"timestamp":"2026-10-02 13:31:36","level":"\u001b[32minfo\u001b[39m","context":"RoutesResolver","method":"N/A","correlationId":"N/A","message":"MouvementController {/mouvements}:"}
{"timestamp":"2026-10-02 13:31:36","level":"\u001b[32minfo\u001b[39m","context":"RouterExplorer","method":"N/A","correlationId":"N/A","message":"Mapped {/mouvements, GET} route"}
{"timestamp":"2026-10-02 13:31:36","level":"\u001b[32minfo\u001b[39m","context":"RouterExplorer","method":"N/A","correlationId":"N/A","message":"Mapped {/mouvements/:id, GET} route"}
{"timestamp":"2026-10-02 13:31:36","level":"\u001b[32minfo\u001b[39m","context":"RouterExplorer","method":"N/A","correlationId":"N/A","message":"Mapped {/mouvements, POST} route"}
{"timestamp":"2026-10-02 13:31:36","level":"\u001b[32minfo\u001b[39m","context":"RouterExplorer","method":"N/A","correlationId":"N/A","message":"Mapped {/mouvements/:id, PUT} route"}
{"timestamp":"2026-10-02 13:31:36","level":"\u001b[32minfo\u001b[39m","context":"RouterExplorer","method":"N/A","correlationId":"N/A","message":"Mapped {/mouvements/:id, DELETE} route"}
{"timestamp":"2026-10-02 13:31:36","level":"\u001b[32minfo\u001b[39m","context":"RoutesResolver","method":"N/A","correlationId":"N/A","message":"CompteTypeController {/compte-types}:"}
{"timestamp":"2026-10-02 13:31:36","level":"\u001b[32minfo\u001b[39m","context":"RouterExplorer","method":"N/A","correlationId":"N/A","message":"Mapped {/compte-types, GET} route"}
{"timestamp":"2026-10-02 13:31:36","level":"\u001b[32minfo\u001b[39m","context":"RouterExplorer","method":"N/A","correlationId":"N/A","message":"Mapped {/compte-types/:id, GET} route"}
{"timestamp":"2026-10-02 13:31:36","level":"\u001b[32minfo\u001b[39m","context":"RouterExplorer","method":"N/A","correlationId":"N/A","message":"Mapped {/compte-types, POST} route"}
{"timestamp":"2026-10-02 13:31:36","level":"\u001b[32minfo\u001b[39m","context":"RouterExplorer","method":"N/A","correlationId":"N/A","message":"Mapped {/compte-types/:id, PUT} route"}
{"timestamp":"2026-10-02 13:31:36","level":"\u001b[32minfo\u001b[39m","context":"RouterExplorer","method":"N/A","correlationId":"N/A","message":"Mapped {/compte-types/:id, DELETE} route"}
{"timestamp":"2026-10-02 13:31:36","level":"\u001b[32minfo\u001b[39m","context":"RoutesResolver","method":"N/A","correlationId":"N/A","message":"NatureCessionController {/natures-cession}:"}
{"timestamp":"2026-10-02 13:31:36","level":"\u001b[32minfo\u001b[39m","context":"RouterExplorer","method":"N/A","correlationId":"N/A","message":"Mapped {/natures-cession, GET} route"}
{"timestamp":"2026-10-02 13:31:36","level":"\u001b[32minfo\u001b[39m","context":"RouterExplorer","method":"N/A","correlationId":"N/A","message":"Mapped {/natures-cession/:id, GET} route"}
{"timestamp":"2026-10-02 13:31:36","level":"\u001b[32minfo\u001b[39m","context":"RouterExplorer","method":"N/A","correlationId":"N/A","message":"Mapped {/natures-cession, POST} route"}
{"timestamp":"2026-10-02 13:31:36","level":"\u001b[32minfo\u001b[39m","context":"RouterExplorer","method":"N/A","correlationId":"N/A","message":"Mapped {/natures-cession/:id, PUT} route"}
{"timestamp":"2026-10-02 13:31:36","level":"\u001b[32minfo\u001b[39m","context":"RouterExplorer","method":"N/A","correlationId":"N/A","message":"Mapped {/natures-cession/:id, DELETE} route"}
{"timestamp":"2026-10-02 13:31:36","level":"\u001b[32minfo\u001b[39m","context":"RoutesResolver","method":"N/A","correlationId":"N/A","message":"RegionController {/regions}:"}
{"timestamp":"2026-10-02 13:31:36","level":"\u001b[32minfo\u001b[39m","context":"RouterExplorer","method":"N/A","correlationId":"N/A","message":"Mapped {/regions, GET} route"}
{"timestamp":"2026-10-02 13:31:36","level":"\u001b[32minfo\u001b[39m","context":"RouterExplorer","method":"N/A","correlationId":"N/A","message":"Mapped {/regions/:id, GET} route"}
{"timestamp":"2026-10-02 13:31:36","level":"\u001b[32minfo\u001b[39m","context":"RouterExplorer","method":"N/A","correlationId":"N/A","message":"Mapped {/regions, POST} route"}
{"timestamp":"2026-10-02 13:31:36","level":"\u001b[32minfo\u001b[39m","context":"RouterExplorer","method":"N/A","correlationId":"N/A","message":"Mapped {/regions/:id, PUT} route"}
{"timestamp":"2026-10-02 13:31:36","level":"\u001b[32minfo\u001b[39m","context":"RouterExplorer","method":"N/A","correlationId":"N/A","message":"Mapped {/regions/:id, DELETE} route"}
{"timestamp":"2026-10-02 13:31:36","level":"\u001b[32minfo\u001b[39m","context":"RoutesResolver","method":"N/A","correlationId":"N/A","message":"PaysController {/pays}:"}
{"timestamp":"2026-10-02 13:31:36","level":"\u001b[32minfo\u001b[39m","context":"RouterExplorer","method":"N/A","correlationId":"N/A","message":"Mapped {/pays, GET} route"}
{"timestamp":"2026-10-02 13:31:36","level":"\u001b[32minfo\u001b[39m","context":"RouterExplorer","method":"N/A","correlationId":"N/A","message":"Mapped {/pays/:id, GET} route"}
{"timestamp":"2026-10-02 13:31:36","level":"\u001b[32minfo\u001b[39m","context":"RouterExplorer","method":"N/A","correlationId":"N/A","message":"Mapped {/pays, POST} route"}
{"timestamp":"2026-10-02 13:31:36","level":"\u001b[32minfo\u001b[39m","context":"RouterExplorer","method":"N/A","correlationId":"N/A","message":"Mapped {/pays/:id, PUT} route"}
{"timestamp":"2026-10-02 13:31:36","level":"\u001b[32minfo\u001b[39m","context":"RouterExplorer","method":"N/A","correlationId":"N/A","message":"Mapped {/pays/:id, DELETE} route"}
{"timestamp":"2026-10-02 13:31:36","level":"\u001b[32minfo\u001b[39m","context":"RoutesResolver","method":"N/A","correlationId":"N/A","message":"ActeurController {/acteurs}:"}
{"timestamp":"2026-10-02 13:31:36","level":"\u001b[32minfo\u001b[39m","context":"RouterExplorer","method":"N/A","correlationId":"N/A","message":"Mapped {/acteurs, GET} route"}
{"timestamp":"2026-10-02 13:31:36","level":"\u001b[32minfo\u001b[39m","context":"RouterExplorer","method":"N/A","correlationId":"N/A","message":"Mapped {/acteurs/:id, GET} route"}
{"timestamp":"2026-10-02 13:31:36","level":"\u001b[32minfo\u001b[39m","context":"RouterExplorer","method":"N/A","correlationId":"N/A","message":"Mapped {/acteurs, POST} route"}
{"timestamp":"2026-10-02 13:31:36","level":"\u001b[32minfo\u001b[39m","context":"RouterExplorer","method":"N/A","correlationId":"N/A","message":"Mapped {/acteurs/:id, PUT} route"}
{"timestamp":"2026-10-02 13:31:36","level":"\u001b[32minfo\u001b[39m","context":"RouterExplorer","method":"N/A","correlationId":"N/A","message":"Mapped {/acteurs/:id, DELETE} route"}
{"timestamp":"2026-10-02 13:31:36","level":"\u001b[32minfo\u001b[39m","context":"RoutesResolver","method":"N/A","correlationId":"N/A","message":"AssureController {/assures}:"}
{"timestamp":"2026-10-02 13:31:36","level":"\u001b[32minfo\u001b[39m","context":"RouterExplorer","method":"N/A","correlationId":"N/A","message":"Mapped {/assures, GET} route"}
{"timestamp":"2026-10-02 13:31:36","level":"\u001b[32minfo\u001b[39m","context":"RouterExplorer","method":"N/A","correlationId":"N/A","message":"Mapped {/assures/:id, GET} route"}
{"timestamp":"2026-10-02 13:31:36","level":"\u001b[32minfo\u001b[39m","context":"RouterExplorer","method":"N/A","correlationId":"N/A","message":"Mapped {/assures, POST} route"}
{"timestamp":"2026-10-02 13:31:36","level":"\u001b[32minfo\u001b[39m","context":"RouterExplorer","method":"N/A","correlationId":"N/A","message":"Mapped {/assures/:id, PUT} route"}
{"timestamp":"2026-10-02 13:31:36","level":"\u001b[32minfo\u001b[39m","context":"RouterExplorer","method":"N/A","correlationId":"N/A","message":"Mapped {/assures/:id, DELETE} route"}
{"timestamp":"2026-10-02 13:31:36","level":"\u001b[32minfo\u001b[39m","context":"RoutesResolver","method":"N/A","correlationId":"N/A","message":"ContactController {/contacts}:"}
{"timestamp":"2026-10-02 13:31:36","level":"\u001b[32minfo\u001b[39m","context":"RouterExplorer","method":"N/A","correlationId":"N/A","message":"Mapped {/contacts, GET} route"}
{"timestamp":"2026-10-02 13:31:36","level":"\u001b[32minfo\u001b[39m","context":"RouterExplorer","method":"N/A","correlationId":"N/A","message":"Mapped {/contacts/:id, GET} route"}
{"timestamp":"2026-10-02 13:31:36","level":"\u001b[32minfo\u001b[39m","context":"RouterExplorer","method":"N/A","correlationId":"N/A","message":"Mapped {/contacts, POST} route"}
{"timestamp":"2026-10-02 13:31:36","level":"\u001b[32minfo\u001b[39m","context":"RouterExplorer","method":"N/A","correlationId":"N/A","message":"Mapped {/contacts/:id, PUT} route"}
{"timestamp":"2026-10-02 13:31:36","level":"\u001b[32minfo\u001b[39m","context":"RouterExplorer","method":"N/A","correlationId":"N/A","message":"Mapped {/contacts/:id, DELETE} route"}
{"timestamp":"2026-10-02 13:31:36","level":"\u001b[32minfo\u001b[39m","context":"RoutesResolver","method":"N/A","correlationId":"N/A","message":"PoliceController {/polices}:"}
{"timestamp":"2026-10-02 13:31:36","level":"\u001b[32minfo\u001b[39m","context":"RouterExplorer","method":"N/A","correlationId":"N/A","message":"Mapped {/polices, GET} route"}
{"timestamp":"2026-10-02 13:31:36","level":"\u001b[32minfo\u001b[39m","context":"RouterExplorer","method":"N/A","correlationId":"N/A","message":"Mapped {/polices/:id, GET} route"}
{"timestamp":"2026-10-02 13:31:36","level":"\u001b[32minfo\u001b[39m","context":"RouterExplorer","method":"N/A","correlationId":"N/A","message":"Mapped {/polices, POST} route"}
{"timestamp":"2026-10-02 13:31:36","level":"\u001b[32minfo\u001b[39m","context":"RouterExplorer","method":"N/A","correlationId":"N/A","message":"Mapped {/polices/:id, PUT} route"}
{"timestamp":"2026-10-02 13:31:36","level":"\u001b[32minfo\u001b[39m","context":"RouterExplorer","method":"N/A","correlationId":"N/A","message":"Mapped {/polices/:id, DELETE} route"}
{"timestamp":"2026-10-02 13:31:36","level":"\u001b[32minfo\u001b[39m","context":"RoutesResolver","method":"N/A","correlationId":"N/A","message":"QuittanceController {/quittances}:"}
{"timestamp":"2026-10-02 13:31:36","level":"\u001b[32minfo\u001b[39m","context":"RouterExplorer","method":"N/A","correlationId":"N/A","message":"Mapped {/quittances, GET} route"}
{"timestamp":"2026-10-02 13:31:36","level":"\u001b[32minfo\u001b[39m","context":"RouterExplorer","method":"N/A","correlationId":"N/A","message":"Mapped {/quittances/:id, GET} route"}
{"timestamp":"2026-10-02 13:31:36","level":"\u001b[32minfo\u001b[39m","context":"RouterExplorer","method":"N/A","correlationId":"N/A","message":"Mapped {/quittances, POST} route"}
{"timestamp":"2026-10-02 13:31:36","level":"\u001b[32minfo\u001b[39m","context":"RouterExplorer","method":"N/A","correlationId":"N/A","message":"Mapped {/quittances/:id, PUT} route"}
{"timestamp":"2026-10-02 13:31:36","level":"\u001b[32minfo\u001b[39m","context":"RouterExplorer","method":"N/A","correlationId":"N/A","message":"Mapped {/quittances/:id/annuler, PATCH} route"}
{"timestamp":"2026-10-02 13:31:36","level":"\u001b[32minfo\u001b[39m","context":"RouterExplorer","method":"N/A","correlationId":"N/A","message":"Mapped {/quittances/:id, DELETE} route"}
{"timestamp":"2026-10-02 13:31:36","level":"\u001b[32minfo\u001b[39m","context":"RoutesResolver","method":"N/A","correlationId":"N/A","message":"QuittanceCessionController {/quittances-cession}:"}
{"timestamp":"2026-10-02 13:31:36","level":"\u001b[32minfo\u001b[39m","context":"RouterExplorer","method":"N/A","correlationId":"N/A","message":"Mapped {/quittances-cession, GET} route"}
{"timestamp":"2026-10-02 13:31:36","level":"\u001b[32minfo\u001b[39m","context":"RouterExplorer","method":"N/A","correlationId":"N/A","message":"Mapped {/quittances-cession/:id, GET} route"}
{"timestamp":"2026-10-02 13:31:36","level":"\u001b[32minfo\u001b[39m","context":"RouterExplorer","method":"N/A","correlationId":"N/A","message":"Mapped {/quittances-cession, POST} route"}
{"timestamp":"2026-10-02 13:31:36","level":"\u001b[32minfo\u001b[39m","context":"RouterExplorer","method":"N/A","correlationId":"N/A","message":"Mapped {/quittances-cession/:id, PUT} route"}
{"timestamp":"2026-10-02 13:31:36","level":"\u001b[32minfo\u001b[39m","context":"RouterExplorer","method":"N/A","correlationId":"N/A","message":"Mapped {/quittances-cession/:id, DELETE} route"}
{"timestamp":"2026-10-02 13:31:36","level":"\u001b[32minfo\u001b[39m","context":"RoutesResolver","method":"N/A","correlationId":"N/A","message":"EcheancePmdController {/echeances-pmd}:"}
{"timestamp":"2026-10-02 13:31:36","level":"\u001b[32minfo\u001b[39m","context":"RouterExplorer","method":"N/A","correlationId":"N/A","message":"Mapped {/echeances-pmd, GET} route"}
{"timestamp":"2026-10-02 13:31:36","level":"\u001b[32minfo\u001b[39m","context":"RouterExplorer","method":"N/A","correlationId":"N/A","message":"Mapped {/echeances-pmd/:id, GET} route"}
{"timestamp":"2026-10-02 13:31:36","level":"\u001b[32minfo\u001b[39m","context":"RouterExplorer","method":"N/A","correlationId":"N/A","message":"Mapped {/echeances-pmd, POST} route"}
{"timestamp":"2026-10-02 13:31:36","level":"\u001b[32minfo\u001b[39m","context":"RouterExplorer","method":"N/A","correlationId":"N/A","message":"Mapped {/echeances-pmd/:id, PUT} route"}
{"timestamp":"2026-10-02 13:31:36","level":"\u001b[32minfo\u001b[39m","context":"RouterExplorer","method":"N/A","correlationId":"N/A","message":"Mapped {/echeances-pmd/:id, DELETE} route"}
{"timestamp":"2026-10-02 13:31:36","level":"\u001b[32minfo\u001b[39m","context":"RoutesResolver","method":"N/A","correlationId":"N/A","message":"BordereauController {/bordereaux}:"}
{"timestamp":"2026-10-02 13:31:36","level":"\u001b[32minfo\u001b[39m","context":"RouterExplorer","method":"N/A","correlationId":"N/A","message":"Mapped {/bordereaux, GET} route"}
{"timestamp":"2026-10-02 13:31:36","level":"\u001b[32minfo\u001b[39m","context":"RouterExplorer","method":"N/A","correlationId":"N/A","message":"Mapped {/bordereaux/:id, GET} route"}
{"timestamp":"2026-10-02 13:31:36","level":"\u001b[32minfo\u001b[39m","context":"RouterExplorer","method":"N/A","correlationId":"N/A","message":"Mapped {/bordereaux, POST} route"}
{"timestamp":"2026-10-02 13:31:36","level":"\u001b[32minfo\u001b[39m","context":"RouterExplorer","method":"N/A","correlationId":"N/A","message":"Mapped {/bordereaux/:id, PUT} route"}
{"timestamp":"2026-10-02 13:31:36","level":"\u001b[32minfo\u001b[39m","context":"RouterExplorer","method":"N/A","correlationId":"N/A","message":"Mapped {/bordereaux/:id, DELETE} route"}
{"timestamp":"2026-10-02 13:31:36","level":"\u001b[32minfo\u001b[39m","context":"RoutesResolver","method":"N/A","correlationId":"N/A","message":"CompteTraiteController {/comptes-traite}:"}
{"timestamp":"2026-10-02 13:31:36","level":"\u001b[32minfo\u001b[39m","context":"RouterExplorer","method":"N/A","correlationId":"N/A","message":"Mapped {/comptes-traite, GET} route"}
{"timestamp":"2026-10-02 13:31:36","level":"\u001b[32minfo\u001b[39m","context":"RouterExplorer","method":"N/A","correlationId":"N/A","message":"Mapped {/comptes-traite/:id, GET} route"}
{"timestamp":"2026-10-02 13:31:36","level":"\u001b[32minfo\u001b[39m","context":"RouterExplorer","method":"N/A","correlationId":"N/A","message":"Mapped {/comptes-traite, POST} route"}
{"timestamp":"2026-10-02 13:31:36","level":"\u001b[32minfo\u001b[39m","context":"RouterExplorer","method":"N/A","correlationId":"N/A","message":"Mapped {/comptes-traite/:id, PUT} route"}
{"timestamp":"2026-10-02 13:31:36","level":"\u001b[32minfo\u001b[39m","context":"RouterExplorer","method":"N/A","correlationId":"N/A","message":"Mapped {/comptes-traite/:id, DELETE} route"}
{"timestamp":"2026-10-02 13:31:36","level":"\u001b[32minfo\u001b[39m","context":"RoutesResolver","method":"N/A","correlationId":"N/A","message":"NoteDebitCreditController {/notes-debit-credit}:"}
{"timestamp":"2026-10-02 13:31:36","level":"\u001b[32minfo\u001b[39m","context":"RouterExplorer","method":"N/A","correlationId":"N/A","message":"Mapped {/notes-debit-credit, GET} route"}
{"timestamp":"2026-10-02 13:31:36","level":"\u001b[32minfo\u001b[39m","context":"RouterExplorer","method":"N/A","correlationId":"N/A","message":"Mapped {/notes-debit-credit/:id, GET} route"}
{"timestamp":"2026-10-02 13:31:36","level":"\u001b[32minfo\u001b[39m","context":"RouterExplorer","method":"N/A","correlationId":"N/A","message":"Mapped {/notes-debit-credit, POST} route"}
{"timestamp":"2026-10-02 13:31:36","level":"\u001b[32minfo\u001b[39m","context":"RouterExplorer","method":"N/A","correlationId":"N/A","message":"Mapped {/notes-debit-credit/:id, PUT} route"}
{"timestamp":"2026-10-02 13:31:36","level":"\u001b[32minfo\u001b[39m","context":"RouterExplorer","method":"N/A","correlationId":"N/A","message":"Mapped {/notes-debit-credit/:id, DELETE} route"}
{"timestamp":"2026-10-02 13:31:36","level":"\u001b[32minfo\u001b[39m","context":"RoutesResolver","method":"N/A","correlationId":"N/A","message":"ReglementController {/reglements}:"}
{"timestamp":"2026-10-02 13:31:36","level":"\u001b[32minfo\u001b[39m","context":"RouterExplorer","method":"N/A","correlationId":"N/A","message":"Mapped {/reglements, GET} route"}
{"timestamp":"2026-10-02 13:31:36","level":"\u001b[32minfo\u001b[39m","context":"RouterExplorer","method":"N/A","correlationId":"N/A","message":"Mapped {/reglements/:id, GET} route"}
{"timestamp":"2026-10-02 13:31:36","level":"\u001b[32minfo\u001b[39m","context":"RouterExplorer","method":"N/A","correlationId":"N/A","message":"Mapped {/reglements, POST} route"}
{"timestamp":"2026-10-02 13:31:36","level":"\u001b[32minfo\u001b[39m","context":"RouterExplorer","method":"N/A","correlationId":"N/A","message":"Mapped {/reglements/:id, PUT} route"}
{"timestamp":"2026-10-02 13:31:36","level":"\u001b[32minfo\u001b[39m","context":"RouterExplorer","method":"N/A","correlationId":"N/A","message":"Mapped {/reglements/:id, DELETE} route"}
{"timestamp":"2026-10-02 13:31:36","level":"\u001b[32minfo\u001b[39m","context":"RoutesResolver","method":"N/A","correlationId":"N/A","message":"SinistreStatutController {/sinistre-statuts}:"}
{"timestamp":"2026-10-02 13:31:36","level":"\u001b[32minfo\u001b[39m","context":"RouterExplorer","method":"N/A","correlationId":"N/A","message":"Mapped {/sinistre-statuts, GET} route"}
{"timestamp":"2026-10-02 13:31:36","level":"\u001b[32minfo\u001b[39m","context":"RouterExplorer","method":"N/A","correlationId":"N/A","message":"Mapped {/sinistre-statuts/:id, GET} route"}
{"timestamp":"2026-10-02 13:31:36","level":"\u001b[32minfo\u001b[39m","context":"RouterExplorer","method":"N/A","correlationId":"N/A","message":"Mapped {/sinistre-statuts, POST} route"}
{"timestamp":"2026-10-02 13:31:36","level":"\u001b[32minfo\u001b[39m","context":"RouterExplorer","method":"N/A","correlationId":"N/A","message":"Mapped {/sinistre-statuts/:id, PUT} route"}
{"timestamp":"2026-10-02 13:31:36","level":"\u001b[32minfo\u001b[39m","context":"RouterExplorer","method":"N/A","correlationId":"N/A","message":"Mapped {/sinistre-statuts/:id, DELETE} route"}
{"timestamp":"2026-10-02 13:31:36","level":"\u001b[32minfo\u001b[39m","context":"RoutesResolver","method":"N/A","correlationId":"N/A","message":"SinistreTypeEvaluationController {/sinistres-types-evaluation}:"}
{"timestamp":"2026-10-02 13:31:36","level":"\u001b[32minfo\u001b[39m","context":"RouterExplorer","method":"N/A","correlationId":"N/A","message":"Mapped {/sinistres-types-evaluation, GET} route"}
{"timestamp":"2026-10-02 13:31:36","level":"\u001b[32minfo\u001b[39m","context":"RouterExplorer","method":"N/A","correlationId":"N/A","message":"Mapped {/sinistres-types-evaluation/:id, GET} route"}
{"timestamp":"2026-10-02 13:31:36","level":"\u001b[32minfo\u001b[39m","context":"RouterExplorer","method":"N/A","correlationId":"N/A","message":"Mapped {/sinistres-types-evaluation, POST} route"}
{"timestamp":"2026-10-02 13:31:36","level":"\u001b[32minfo\u001b[39m","context":"RouterExplorer","method":"N/A","correlationId":"N/A","message":"Mapped {/sinistres-types-evaluation/:id, PUT} route"}
{"timestamp":"2026-10-02 13:31:36","level":"\u001b[32minfo\u001b[39m","context":"RouterExplorer","method":"N/A","correlationId":"N/A","message":"Mapped {/sinistres-types-evaluation/:id, DELETE} route"}
{"timestamp":"2026-10-02 13:31:36","level":"\u001b[32minfo\u001b[39m","context":"RoutesResolver","method":"N/A","correlationId":"N/A","message":"SinistreController {/sinistre}:"}
{"timestamp":"2026-10-02 13:31:36","level":"\u001b[32minfo\u001b[39m","context":"RouterExplorer","method":"N/A","correlationId":"N/A","message":"Mapped {/sinistre, GET} route"}
{"timestamp":"2026-10-02 13:31:36","level":"\u001b[32minfo\u001b[39m","context":"RouterExplorer","method":"N/A","correlationId":"N/A","message":"Mapped {/sinistre/:id, GET} route"}
{"timestamp":"2026-10-02 13:31:36","level":"\u001b[32minfo\u001b[39m","context":"RouterExplorer","method":"N/A","correlationId":"N/A","message":"Mapped {/sinistre, POST} route"}
{"timestamp":"2026-10-02 13:31:36","level":"\u001b[32minfo\u001b[39m","context":"RouterExplorer","method":"N/A","correlationId":"N/A","message":"Mapped {/sinistre/:id, PUT} route"}
{"timestamp":"2026-10-02 13:31:36","level":"\u001b[32minfo\u001b[39m","context":"RouterExplorer","method":"N/A","correlationId":"N/A","message":"Mapped {/sinistre/:id, DELETE} route"}
{"timestamp":"2026-10-02 13:31:36","level":"\u001b[32minfo\u001b[39m","context":"RoutesResolver","method":"N/A","correlationId":"N/A","message":"SinistreEvaluationController {/sinistres-evaluations}:"}
{"timestamp":"2026-10-02 13:31:36","level":"\u001b[32minfo\u001b[39m","context":"RouterExplorer","method":"N/A","correlationId":"N/A","message":"Mapped {/sinistres-evaluations, GET} route"}
{"timestamp":"2026-10-02 13:31:36","level":"\u001b[32minfo\u001b[39m","context":"RouterExplorer","method":"N/A","correlationId":"N/A","message":"Mapped {/sinistres-evaluations/:id, GET} route"}
{"timestamp":"2026-10-02 13:31:36","level":"\u001b[32minfo\u001b[39m","context":"RouterExplorer","method":"N/A","correlationId":"N/A","message":"Mapped {/sinistres-evaluations, POST} route"}
{"timestamp":"2026-10-02 13:31:36","level":"\u001b[32minfo\u001b[39m","context":"RouterExplorer","method":"N/A","correlationId":"N/A","message":"Mapped {/sinistres-evaluations/:id, PUT} route"}
{"timestamp":"2026-10-02 13:31:36","level":"\u001b[32minfo\u001b[39m","context":"RouterExplorer","method":"N/A","correlationId":"N/A","message":"Mapped {/sinistres-evaluations/:id, DELETE} route"}
{"timestamp":"2026-10-02 13:31:36","level":"\u001b[32minfo\u001b[39m","context":"RoutesResolver","method":"N/A","correlationId":"N/A","message":"SinistreReglementController {/sinistres-reglements}:"}
{"timestamp":"2026-10-02 13:31:36","level":"\u001b[32minfo\u001b[39m","context":"RouterExplorer","method":"N/A","correlationId":"N/A","message":"Mapped {/sinistres-reglements, GET} route"}
{"timestamp":"2026-10-02 13:31:36","level":"\u001b[32minfo\u001b[39m","context":"RouterExplorer","method":"N/A","correlationId":"N/A","message":"Mapped {/sinistres-reglements/:id, GET} route"}
{"timestamp":"2026-10-02 13:31:36","level":"\u001b[32minfo\u001b[39m","context":"RouterExplorer","method":"N/A","correlationId":"N/A","message":"Mapped {/sinistres-reglements, POST} route"}
{"timestamp":"2026-10-02 13:31:36","level":"\u001b[32minfo\u001b[39m","context":"RouterExplorer","method":"N/A","correlationId":"N/A","message":"Mapped {/sinistres-reglements/:id, PUT} route"}
{"timestamp":"2026-10-02 13:31:36","level":"\u001b[32minfo\u001b[39m","context":"RouterExplorer","method":"N/A","correlationId":"N/A","message":"Mapped {/sinistres-reglements/:id, DELETE} route"}
{"timestamp":"2026-10-02 13:31:36","level":"\u001b[32minfo\u001b[39m","context":"NestApplication","method":"N/A","correlationId":"N/A","message":"Nest application successfully started"}
{"timestamp":"2026-10-02 13:32:57","level":"\u001b[32minfo\u001b[39m","context":"NestFactory","method":"N/A","correlationId":"N/A","message":"Starting Nest application..."}
{"timestamp":"2026-10-02 13:32:57","level":"\u001b[32minfo\u001b[39m","context":"InstanceLoader","method":"N/A","correlationId":"N/A","message":"TypeOrmModule dependencies initialized"}
{"timestamp":"2026-10-02 13:32:57","level":"\u001b[32minfo\u001b[39m","context":"InstanceLoader","method":"N/A","correlationId":"N/A","message":"ClsModule dependencies initialized"}
{"timestamp":"2026-10-02 13:32:57","level":"\u001b[32minfo\u001b[39m","context":"InstanceLoader","method":"N/A","correlationId":"N/A","message":"ClsCommonModule dependencies initialized"}
{"timestamp":"2026-10-02 13:32:57","level":"\u001b[32minfo\u001b[39m","context":"InstanceLoader","method":"N/A","correlationId":"N/A","message":"ClsModule dependencies initialized"}
{"timestamp":"2026-10-02 13:32:57","level":"\u001b[32minfo\u001b[39m","context":"InstanceLoader","method":"N/A","correlationId":"N/A","message":"ConfigHostModule dependencies initialized"}
{"timestamp":"2026-10-02 13:32:57","level":"\u001b[32minfo\u001b[39m","context":"InstanceLoader","method":"N/A","correlationId":"N/A","message":"DiscoveryModule dependencies initialized"}
{"timestamp":"2026-10-02 13:32:57","level":"\u001b[32minfo\u001b[39m","context":"InstanceLoader","method":"N/A","correlationId":"N/A","message":"ClsRootModule dependencies initialized"}
{"timestamp":"2026-10-02 13:32:57","level":"\u001b[32minfo\u001b[39m","context":"InstanceLoader","method":"N/A","correlationId":"N/A","message":"AppModule dependencies initialized"}
{"timestamp":"2026-10-02 13:32:57","level":"\u001b[32minfo\u001b[39m","context":"InstanceLoader","method":"N/A","correlationId":"N/A","message":"ConfigModule dependencies initialized"}
{"timestamp":"2026-10-02 13:32:57","level":"\u001b[32minfo\u001b[39m","context":"InstanceLoader","method":"N/A","correlationId":"N/A","message":"ClsPluginsModule dependencies initialized"}
{"timestamp":"2026-10-02 13:32:57","level":"\u001b[32minfo\u001b[39m","context":"InstanceLoader","method":"N/A","correlationId":"N/A","message":"TypeOrmCoreModule dependencies initialized"}
{"timestamp":"2026-10-02 13:32:57","level":"\u001b[32minfo\u001b[39m","context":"InstanceLoader","method":"N/A","correlationId":"N/A","message":"TypeOrmModule dependencies initialized"}
{"timestamp":"2026-10-02 13:32:57","level":"\u001b[32minfo\u001b[39m","context":"InstanceLoader","method":"N/A","correlationId":"N/A","message":"TypeOrmModule dependencies initialized"}
{"timestamp":"2026-10-02 13:32:57","level":"\u001b[32minfo\u001b[39m","context":"InstanceLoader","method":"N/A","correlationId":"N/A","message":"TypeOrmModule dependencies initialized"}
{"timestamp":"2026-10-02 13:32:57","level":"\u001b[32minfo\u001b[39m","context":"InstanceLoader","method":"N/A","correlationId":"N/A","message":"TypeOrmModule dependencies initialized"}
{"timestamp":"2026-10-02 13:32:57","level":"\u001b[32minfo\u001b[39m","context":"InstanceLoader","method":"N/A","correlationId":"N/A","message":"TypeOrmModule dependencies initialized"}
{"timestamp":"2026-10-02 13:32:57","level":"\u001b[32minfo\u001b[39m","context":"InstanceLoader","method":"N/A","correlationId":"N/A","message":"TypeOrmModule dependencies initialized"}
{"timestamp":"2026-10-02 13:32:57","level":"\u001b[32minfo\u001b[39m","context":"InstanceLoader","method":"N/A","correlationId":"N/A","message":"ClsPluginModule dependencies initialized"}
{"timestamp":"2026-10-02 13:32:57","level":"\u001b[32minfo\u001b[39m","context":"InstanceLoader","method":"N/A","correlationId":"N/A","message":"ActeursModule dependencies initialized"}
{"timestamp":"2026-10-02 13:32:57","level":"\u001b[32minfo\u001b[39m","context":"InstanceLoader","method":"N/A","correlationId":"N/A","message":"ReferentielModule dependencies initialized"}
{"timestamp":"2026-10-02 13:32:57","level":"\u001b[32minfo\u001b[39m","context":"InstanceLoader","method":"N/A","correlationId":"N/A","message":"PolicesModule dependencies initialized"}
{"timestamp":"2026-10-02 13:32:57","level":"\u001b[32minfo\u001b[39m","context":"InstanceLoader","method":"N/A","correlationId":"N/A","message":"FluxFinancierModule dependencies initialized"}
{"timestamp":"2026-10-02 13:32:57","level":"\u001b[32minfo\u001b[39m","context":"InstanceLoader","method":"N/A","correlationId":"N/A","message":"SinistresModule dependencies initialized"}
{"timestamp":"2026-10-02 13:32:57","level":"\u001b[32minfo\u001b[39m","context":"InstanceLoader","method":"N/A","correlationId":"N/A","message":"QuittancesModule dependencies initialized"}
{"timestamp":"2026-10-02 13:32:57","level":"\u001b[32minfo\u001b[39m","context":"RoutesResolver","method":"N/A","correlationId":"N/A","message":"BrancheController {/branches}:"}
{"timestamp":"2026-10-02 13:32:57","level":"\u001b[32minfo\u001b[39m","context":"RouterExplorer","method":"N/A","correlationId":"N/A","message":"Mapped {/branches, GET} route"}
{"timestamp":"2026-10-02 13:32:57","level":"\u001b[32minfo\u001b[39m","context":"RouterExplorer","method":"N/A","correlationId":"N/A","message":"Mapped {/branches/:id, GET} route"}
{"timestamp":"2026-10-02 13:32:57","level":"\u001b[32minfo\u001b[39m","context":"RouterExplorer","method":"N/A","correlationId":"N/A","message":"Mapped {/branches, POST} route"}
{"timestamp":"2026-10-02 13:32:57","level":"\u001b[32minfo\u001b[39m","context":"RouterExplorer","method":"N/A","correlationId":"N/A","message":"Mapped {/branches/:id, PUT} route"}
{"timestamp":"2026-10-02 13:32:57","level":"\u001b[32minfo\u001b[39m","context":"RouterExplorer","method":"N/A","correlationId":"N/A","message":"Mapped {/branches/:id, DELETE} route"}
{"timestamp":"2026-10-02 13:32:57","level":"\u001b[32minfo\u001b[39m","context":"RoutesResolver","method":"N/A","correlationId":"N/A","message":"SousBrancheController {/sous-branches}:"}
{"timestamp":"2026-10-02 13:32:57","level":"\u001b[32minfo\u001b[39m","context":"RouterExplorer","method":"N/A","correlationId":"N/A","message":"Mapped {/sous-branches, GET} route"}
{"timestamp":"2026-10-02 13:32:57","level":"\u001b[32minfo\u001b[39m","context":"RouterExplorer","method":"N/A","correlationId":"N/A","message":"Mapped {/sous-branches/:id, GET} route"}
{"timestamp":"2026-10-02 13:32:57","level":"\u001b[32minfo\u001b[39m","context":"RouterExplorer","method":"N/A","correlationId":"N/A","message":"Mapped {/sous-branches, POST} route"}
{"timestamp":"2026-10-02 13:32:57","level":"\u001b[32minfo\u001b[39m","context":"RouterExplorer","method":"N/A","correlationId":"N/A","message":"Mapped {/sous-branches/:id, PUT} route"}
{"timestamp":"2026-10-02 13:32:57","level":"\u001b[32minfo\u001b[39m","context":"RouterExplorer","method":"N/A","correlationId":"N/A","message":"Mapped {/sous-branches/:id, DELETE} route"}
{"timestamp":"2026-10-02 13:32:57","level":"\u001b[32minfo\u001b[39m","context":"RoutesResolver","method":"N/A","correlationId":"N/A","message":"DomaineActiviteController {/domaines-activite}:"}
{"timestamp":"2026-10-02 13:32:57","level":"\u001b[32minfo\u001b[39m","context":"RouterExplorer","method":"N/A","correlationId":"N/A","message":"Mapped {/domaines-activite, GET} route"}
{"timestamp":"2026-10-02 13:32:57","level":"\u001b[32minfo\u001b[39m","context":"RouterExplorer","method":"N/A","correlationId":"N/A","message":"Mapped {/domaines-activite/:id, GET} route"}
{"timestamp":"2026-10-02 13:32:57","level":"\u001b[32minfo\u001b[39m","context":"RouterExplorer","method":"N/A","correlationId":"N/A","message":"Mapped {/domaines-activite, POST} route"}
{"timestamp":"2026-10-02 13:32:57","level":"\u001b[32minfo\u001b[39m","context":"RouterExplorer","method":"N/A","correlationId":"N/A","message":"Mapped {/domaines-activite/:id, PUT} route"}
{"timestamp":"2026-10-02 13:32:57","level":"\u001b[32minfo\u001b[39m","context":"RouterExplorer","method":"N/A","correlationId":"N/A","message":"Mapped {/domaines-activite/:id, DELETE} route"}
{"timestamp":"2026-10-02 13:32:57","level":"\u001b[32minfo\u001b[39m","context":"RoutesResolver","method":"N/A","correlationId":"N/A","message":"CampagneController {/campagnes}:"}
{"timestamp":"2026-10-02 13:32:57","level":"\u001b[32minfo\u001b[39m","context":"RouterExplorer","method":"N/A","correlationId":"N/A","message":"Mapped {/campagnes, GET} route"}
{"timestamp":"2026-10-02 13:32:57","level":"\u001b[32minfo\u001b[39m","context":"RouterExplorer","method":"N/A","correlationId":"N/A","message":"Mapped {/campagnes/:id, GET} route"}
{"timestamp":"2026-10-02 13:32:57","level":"\u001b[32minfo\u001b[39m","context":"RouterExplorer","method":"N/A","correlationId":"N/A","message":"Mapped {/campagnes, POST} route"}
{"timestamp":"2026-10-02 13:32:57","level":"\u001b[32minfo\u001b[39m","context":"RouterExplorer","method":"N/A","correlationId":"N/A","message":"Mapped {/campagnes/:id, PUT} route"}
{"timestamp":"2026-10-02 13:32:57","level":"\u001b[32minfo\u001b[39m","context":"RouterExplorer","method":"N/A","correlationId":"N/A","message":"Mapped {/campagnes/:id, DELETE} route"}
{"timestamp":"2026-10-02 13:32:57","level":"\u001b[32minfo\u001b[39m","context":"RoutesResolver","method":"N/A","correlationId":"N/A","message":"MouvementController {/mouvements}:"}
{"timestamp":"2026-10-02 13:32:57","level":"\u001b[32minfo\u001b[39m","context":"RouterExplorer","method":"N/A","correlationId":"N/A","message":"Mapped {/mouvements, GET} route"}
{"timestamp":"2026-10-02 13:32:57","level":"\u001b[32minfo\u001b[39m","context":"RouterExplorer","method":"N/A","correlationId":"N/A","message":"Mapped {/mouvements/:id, GET} route"}
{"timestamp":"2026-10-02 13:32:57","level":"\u001b[32minfo\u001b[39m","context":"RouterExplorer","method":"N/A","correlationId":"N/A","message":"Mapped {/mouvements, POST} route"}
{"timestamp":"2026-10-02 13:32:57","level":"\u001b[32minfo\u001b[39m","context":"RouterExplorer","method":"N/A","correlationId":"N/A","message":"Mapped {/mouvements/:id, PUT} route"}
{"timestamp":"2026-10-02 13:32:57","level":"\u001b[32minfo\u001b[39m","context":"RouterExplorer","method":"N/A","correlationId":"N/A","message":"Mapped {/mouvements/:id, DELETE} route"}
{"timestamp":"2026-10-02 13:32:57","level":"\u001b[32minfo\u001b[39m","context":"RoutesResolver","method":"N/A","correlationId":"N/A","message":"CompteTypeController {/compte-types}:"}
{"timestamp":"2026-10-02 13:32:57","level":"\u001b[32minfo\u001b[39m","context":"RouterExplorer","method":"N/A","correlationId":"N/A","message":"Mapped {/compte-types, GET} route"}
{"timestamp":"2026-10-02 13:32:57","level":"\u001b[32minfo\u001b[39m","context":"RouterExplorer","method":"N/A","correlationId":"N/A","message":"Mapped {/compte-types/:id, GET} route"}
{"timestamp":"2026-10-02 13:32:57","level":"\u001b[32minfo\u001b[39m","context":"RouterExplorer","method":"N/A","correlationId":"N/A","message":"Mapped {/compte-types, POST} route"}
{"timestamp":"2026-10-02 13:32:57","level":"\u001b[32minfo\u001b[39m","context":"RouterExplorer","method":"N/A","correlationId":"N/A","message":"Mapped {/compte-types/:id, PUT} route"}
{"timestamp":"2026-10-02 13:32:57","level":"\u001b[32minfo\u001b[39m","context":"RouterExplorer","method":"N/A","correlationId":"N/A","message":"Mapped {/compte-types/:id, DELETE} route"}
{"timestamp":"2026-10-02 13:32:57","level":"\u001b[32minfo\u001b[39m","context":"RoutesResolver","method":"N/A","correlationId":"N/A","message":"NatureCessionController {/natures-cession}:"}
{"timestamp":"2026-10-02 13:32:57","level":"\u001b[32minfo\u001b[39m","context":"RouterExplorer","method":"N/A","correlationId":"N/A","message":"Mapped {/natures-cession, GET} route"}
{"timestamp":"2026-10-02 13:32:57","level":"\u001b[32minfo\u001b[39m","context":"RouterExplorer","method":"N/A","correlationId":"N/A","message":"Mapped {/natures-cession/:id, GET} route"}
{"timestamp":"2026-10-02 13:32:57","level":"\u001b[32minfo\u001b[39m","context":"RouterExplorer","method":"N/A","correlationId":"N/A","message":"Mapped {/natures-cession, POST} route"}
{"timestamp":"2026-10-02 13:32:57","level":"\u001b[32minfo\u001b[39m","context":"RouterExplorer","method":"N/A","correlationId":"N/A","message":"Mapped {/natures-cession/:id, PUT} route"}
{"timestamp":"2026-10-02 13:32:57","level":"\u001b[32minfo\u001b[39m","context":"RouterExplorer","method":"N/A","correlationId":"N/A","message":"Mapped {/natures-cession/:id, DELETE} route"}
{"timestamp":"2026-10-02 13:32:57","level":"\u001b[32minfo\u001b[39m","context":"RoutesResolver","method":"N/A","correlationId":"N/A","message":"RegionController {/regions}:"}
{"timestamp":"2026-10-02 13:32:57","level":"\u001b[32minfo\u001b[39m","context":"RouterExplorer","method":"N/A","correlationId":"N/A","message":"Mapped {/regions, GET} route"}
{"timestamp":"2026-10-02 13:32:57","level":"\u001b[32minfo\u001b[39m","context":"RouterExplorer","method":"N/A","correlationId":"N/A","message":"Mapped {/regions/:id, GET} route"}
{"timestamp":"2026-10-02 13:32:57","level":"\u001b[32minfo\u001b[39m","context":"RouterExplorer","method":"N/A","correlationId":"N/A","message":"Mapped {/regions, POST} route"}
{"timestamp":"2026-10-02 13:32:57","level":"\u001b[32minfo\u001b[39m","context":"RouterExplorer","method":"N/A","correlationId":"N/A","message":"Mapped {/regions/:id, PUT} route"}
{"timestamp":"2026-10-02 13:32:57","level":"\u001b[32minfo\u001b[39m","context":"RouterExplorer","method":"N/A","correlationId":"N/A","message":"Mapped {/regions/:id, DELETE} route"}
{"timestamp":"2026-10-02 13:32:57","level":"\u001b[32minfo\u001b[39m","context":"RoutesResolver","method":"N/A","correlationId":"N/A","message":"PaysController {/pays}:"}
{"timestamp":"2026-10-02 13:32:57","level":"\u001b[32minfo\u001b[39m","context":"RouterExplorer","method":"N/A","correlationId":"N/A","message":"Mapped {/pays, GET} route"}
{"timestamp":"2026-10-02 13:32:57","level":"\u001b[32minfo\u001b[39m","context":"RouterExplorer","method":"N/A","correlationId":"N/A","message":"Mapped {/pays/:id, GET} route"}
{"timestamp":"2026-10-02 13:32:57","level":"\u001b[32minfo\u001b[39m","context":"RouterExplorer","method":"N/A","correlationId":"N/A","message":"Mapped {/pays, POST} route"}
{"timestamp":"2026-10-02 13:32:57","level":"\u001b[32minfo\u001b[39m","context":"RouterExplorer","method":"N/A","correlationId":"N/A","message":"Mapped {/pays/:id, PUT} route"}
{"timestamp":"2026-10-02 13:32:57","level":"\u001b[32minfo\u001b[39m","context":"RouterExplorer","method":"N/A","correlationId":"N/A","message":"Mapped {/pays/:id, DELETE} route"}
{"timestamp":"2026-10-02 13:32:57","level":"\u001b[32minfo\u001b[39m","context":"RoutesResolver","method":"N/A","correlationId":"N/A","message":"ActeurController {/acteurs}:"}
{"timestamp":"2026-10-02 13:32:57","level":"\u001b[32minfo\u001b[39m","context":"RouterExplorer","method":"N/A","correlationId":"N/A","message":"Mapped {/acteurs, GET} route"}
{"timestamp":"2026-10-02 13:32:57","level":"\u001b[32minfo\u001b[39m","context":"RouterExplorer","method":"N/A","correlationId":"N/A","message":"Mapped {/acteurs/:id, GET} route"}
{"timestamp":"2026-10-02 13:32:57","level":"\u001b[32minfo\u001b[39m","context":"RouterExplorer","method":"N/A","correlationId":"N/A","message":"Mapped {/acteurs, POST} route"}
{"timestamp":"2026-10-02 13:32:57","level":"\u001b[32minfo\u001b[39m","context":"RouterExplorer","method":"N/A","correlationId":"N/A","message":"Mapped {/acteurs/:id, PUT} route"}
{"timestamp":"2026-10-02 13:32:57","level":"\u001b[32minfo\u001b[39m","context":"RouterExplorer","method":"N/A","correlationId":"N/A","message":"Mapped {/acteurs/:id, DELETE} route"}
{"timestamp":"2026-10-02 13:32:57","level":"\u001b[32minfo\u001b[39m","context":"RoutesResolver","method":"N/A","correlationId":"N/A","message":"AssureController {/assures}:"}
{"timestamp":"2026-10-02 13:32:57","level":"\u001b[32minfo\u001b[39m","context":"RouterExplorer","method":"N/A","correlationId":"N/A","message":"Mapped {/assures, GET} route"}
{"timestamp":"2026-10-02 13:32:57","level":"\u001b[32minfo\u001b[39m","context":"RouterExplorer","method":"N/A","correlationId":"N/A","message":"Mapped {/assures/:id, GET} route"}
{"timestamp":"2026-10-02 13:32:57","level":"\u001b[32minfo\u001b[39m","context":"RouterExplorer","method":"N/A","correlationId":"N/A","message":"Mapped {/assures, POST} route"}
{"timestamp":"2026-10-02 13:32:57","level":"\u001b[32minfo\u001b[39m","context":"RouterExplorer","method":"N/A","correlationId":"N/A","message":"Mapped {/assures/:id, PUT} route"}
{"timestamp":"2026-10-02 13:32:57","level":"\u001b[32minfo\u001b[39m","context":"RouterExplorer","method":"N/A","correlationId":"N/A","message":"Mapped {/assures/:id, DELETE} route"}
{"timestamp":"2026-10-02 13:32:57","level":"\u001b[32minfo\u001b[39m","context":"RoutesResolver","method":"N/A","correlationId":"N/A","message":"ContactController {/contacts}:"}
{"timestamp":"2026-10-02 13:32:57","level":"\u001b[32minfo\u001b[39m","context":"RouterExplorer","method":"N/A","correlationId":"N/A","message":"Mapped {/contacts, GET} route"}
{"timestamp":"2026-10-02 13:32:57","level":"\u001b[32minfo\u001b[39m","context":"RouterExplorer","method":"N/A","correlationId":"N/A","message":"Mapped {/contacts/:id, GET} route"}
{"timestamp":"2026-10-02 13:32:57","level":"\u001b[32minfo\u001b[39m","context":"RouterExplorer","method":"N/A","correlationId":"N/A","message":"Mapped {/contacts, POST} route"}
{"timestamp":"2026-10-02 13:32:57","level":"\u001b[32minfo\u001b[39m","context":"RouterExplorer","method":"N/A","correlationId":"N/A","message":"Mapped {/contacts/:id, PUT} route"}
{"timestamp":"2026-10-02 13:32:57","level":"\u001b[32minfo\u001b[39m","context":"RouterExplorer","method":"N/A","correlationId":"N/A","message":"Mapped {/contacts/:id, DELETE} route"}
{"timestamp":"2026-10-02 13:32:57","level":"\u001b[32minfo\u001b[39m","context":"RoutesResolver","method":"N/A","correlationId":"N/A","message":"PoliceController {/polices}:"}
{"timestamp":"2026-10-02 13:32:57","level":"\u001b[32minfo\u001b[39m","context":"RouterExplorer","method":"N/A","correlationId":"N/A","message":"Mapped {/polices, GET} route"}
{"timestamp":"2026-10-02 13:32:57","level":"\u001b[32minfo\u001b[39m","context":"RouterExplorer","method":"N/A","correlationId":"N/A","message":"Mapped {/polices/:id, GET} route"}
{"timestamp":"2026-10-02 13:32:57","level":"\u001b[32minfo\u001b[39m","context":"RouterExplorer","method":"N/A","correlationId":"N/A","message":"Mapped {/polices, POST} route"}
{"timestamp":"2026-10-02 13:32:57","level":"\u001b[32minfo\u001b[39m","context":"RouterExplorer","method":"N/A","correlationId":"N/A","message":"Mapped {/polices/:id, PUT} route"}
{"timestamp":"2026-10-02 13:32:57","level":"\u001b[32minfo\u001b[39m","context":"RouterExplorer","method":"N/A","correlationId":"N/A","message":"Mapped {/polices/:id, DELETE} route"}
{"timestamp":"2026-10-02 13:32:57","level":"\u001b[32minfo\u001b[39m","context":"RoutesResolver","method":"N/A","correlationId":"N/A","message":"QuittanceController {/quittances}:"}
{"timestamp":"2026-10-02 13:32:57","level":"\u001b[32minfo\u001b[39m","context":"RouterExplorer","method":"N/A","correlationId":"N/A","message":"Mapped {/quittances, GET} route"}
{"timestamp":"2026-10-02 13:32:57","level":"\u001b[32minfo\u001b[39m","context":"RouterExplorer","method":"N/A","correlationId":"N/A","message":"Mapped {/quittances/:id, GET} route"}
{"timestamp":"2026-10-02 13:32:57","level":"\u001b[32minfo\u001b[39m","context":"RouterExplorer","method":"N/A","correlationId":"N/A","message":"Mapped {/quittances, POST} route"}
{"timestamp":"2026-10-02 13:32:57","level":"\u001b[32minfo\u001b[39m","context":"RouterExplorer","method":"N/A","correlationId":"N/A","message":"Mapped {/quittances/:id, PUT} route"}
{"timestamp":"2026-10-02 13:32:57","level":"\u001b[32minfo\u001b[39m","context":"RouterExplorer","method":"N/A","correlationId":"N/A","message":"Mapped {/quittances/:id/annuler, PATCH} route"}
{"timestamp":"2026-10-02 13:32:57","level":"\u001b[32minfo\u001b[39m","context":"RouterExplorer","method":"N/A","correlationId":"N/A","message":"Mapped {/quittances/:id, DELETE} route"}
{"timestamp":"2026-10-02 13:32:57","level":"\u001b[32minfo\u001b[39m","context":"RoutesResolver","method":"N/A","correlationId":"N/A","message":"QuittanceCessionController {/quittances-cession}:"}
{"timestamp":"2026-10-02 13:32:57","level":"\u001b[32minfo\u001b[39m","context":"RouterExplorer","method":"N/A","correlationId":"N/A","message":"Mapped {/quittances-cession, GET} route"}
{"timestamp":"2026-10-02 13:32:57","level":"\u001b[32minfo\u001b[39m","context":"RouterExplorer","method":"N/A","correlationId":"N/A","message":"Mapped {/quittances-cession/:id, GET} route"}
{"timestamp":"2026-10-02 13:32:57","level":"\u001b[32minfo\u001b[39m","context":"RouterExplorer","method":"N/A","correlationId":"N/A","message":"Mapped {/quittances-cession, POST} route"}
{"timestamp":"2026-10-02 13:32:57","level":"\u001b[32minfo\u001b[39m","context":"RouterExplorer","method":"N/A","correlationId":"N/A","message":"Mapped {/quittances-cession/:id, PUT} route"}
{"timestamp":"2026-10-02 13:32:57","level":"\u001b[32minfo\u001b[39m","context":"RouterExplorer","method":"N/A","correlationId":"N/A","message":"Mapped {/quittances-cession/:id, DELETE} route"}
{"timestamp":"2026-10-02 13:32:57","level":"\u001b[32minfo\u001b[39m","context":"RoutesResolver","method":"N/A","correlationId":"N/A","message":"EcheancePmdController {/echeances-pmd}:"}
{"timestamp":"2026-10-02 13:32:57","level":"\u001b[32minfo\u001b[39m","context":"RouterExplorer","method":"N/A","correlationId":"N/A","message":"Mapped {/echeances-pmd, GET} route"}
{"timestamp":"2026-10-02 13:32:57","level":"\u001b[32minfo\u001b[39m","context":"RouterExplorer","method":"N/A","correlationId":"N/A","message":"Mapped {/echeances-pmd/:id, GET} route"}
{"timestamp":"2026-10-02 13:32:57","level":"\u001b[32minfo\u001b[39m","context":"RouterExplorer","method":"N/A","correlationId":"N/A","message":"Mapped {/echeances-pmd, POST} route"}
{"timestamp":"2026-10-02 13:32:57","level":"\u001b[32minfo\u001b[39m","context":"RouterExplorer","method":"N/A","correlationId":"N/A","message":"Mapped {/echeances-pmd/:id, PUT} route"}
{"timestamp":"2026-10-02 13:32:57","level":"\u001b[32minfo\u001b[39m","context":"RouterExplorer","method":"N/A","correlationId":"N/A","message":"Mapped {/echeances-pmd/:id, DELETE} route"}
{"timestamp":"2026-10-02 13:32:57","level":"\u001b[32minfo\u001b[39m","context":"RoutesResolver","method":"N/A","correlationId":"N/A","message":"BordereauController {/bordereaux}:"}
{"timestamp":"2026-10-02 13:32:57","level":"\u001b[32minfo\u001b[39m","context":"RouterExplorer","method":"N/A","correlationId":"N/A","message":"Mapped {/bordereaux, GET} route"}
{"timestamp":"2026-10-02 13:32:57","level":"\u001b[32minfo\u001b[39m","context":"RouterExplorer","method":"N/A","correlationId":"N/A","message":"Mapped {/bordereaux/:id, GET} route"}
{"timestamp":"2026-10-02 13:32:57","level":"\u001b[32minfo\u001b[39m","context":"RouterExplorer","method":"N/A","correlationId":"N/A","message":"Mapped {/bordereaux, POST} route"}
{"timestamp":"2026-10-02 13:32:57","level":"\u001b[32minfo\u001b[39m","context":"RouterExplorer","method":"N/A","correlationId":"N/A","message":"Mapped {/bordereaux/:id, PUT} route"}
{"timestamp":"2026-10-02 13:32:57","level":"\u001b[32minfo\u001b[39m","context":"RouterExplorer","method":"N/A","correlationId":"N/A","message":"Mapped {/bordereaux/:id, DELETE} route"}
{"timestamp":"2026-10-02 13:32:57","level":"\u001b[32minfo\u001b[39m","context":"RoutesResolver","method":"N/A","correlationId":"N/A","message":"CompteTraiteController {/comptes-traite}:"}
{"timestamp":"2026-10-02 13:32:57","level":"\u001b[32minfo\u001b[39m","context":"RouterExplorer","method":"N/A","correlationId":"N/A","message":"Mapped {/comptes-traite, GET} route"}
{"timestamp":"2026-10-02 13:32:57","level":"\u001b[32minfo\u001b[39m","context":"RouterExplorer","method":"N/A","correlationId":"N/A","message":"Mapped {/comptes-traite/:id, GET} route"}
{"timestamp":"2026-10-02 13:32:57","level":"\u001b[32minfo\u001b[39m","context":"RouterExplorer","method":"N/A","correlationId":"N/A","message":"Mapped {/comptes-traite, POST} route"}
{"timestamp":"2026-10-02 13:32:57","level":"\u001b[32minfo\u001b[39m","context":"RouterExplorer","method":"N/A","correlationId":"N/A","message":"Mapped {/comptes-traite/:id, PUT} route"}
{"timestamp":"2026-10-02 13:32:57","level":"\u001b[32minfo\u001b[39m","context":"RouterExplorer","method":"N/A","correlationId":"N/A","message":"Mapped {/comptes-traite/:id, DELETE} route"}
{"timestamp":"2026-10-02 13:32:57","level":"\u001b[32minfo\u001b[39m","context":"RoutesResolver","method":"N/A","correlationId":"N/A","message":"NoteDebitCreditController {/notes-debit-credit}:"}
{"timestamp":"2026-10-02 13:32:57","level":"\u001b[32minfo\u001b[39m","context":"RouterExplorer","method":"N/A","correlationId":"N/A","message":"Mapped {/notes-debit-credit, GET} route"}
{"timestamp":"2026-10-02 13:32:57","level":"\u001b[32minfo\u001b[39m","context":"RouterExplorer","method":"N/A","correlationId":"N/A","message":"Mapped {/notes-debit-credit/:id, GET} route"}
{"timestamp":"2026-10-02 13:32:57","level":"\u001b[32minfo\u001b[39m","context":"RouterExplorer","method":"N/A","correlationId":"N/A","message":"Mapped {/notes-debit-credit, POST} route"}
{"timestamp":"2026-10-02 13:32:57","level":"\u001b[32minfo\u001b[39m","context":"RouterExplorer","method":"N/A","correlationId":"N/A","message":"Mapped {/notes-debit-credit/:id, PUT} route"}
{"timestamp":"2026-10-02 13:32:57","level":"\u001b[32minfo\u001b[39m","context":"RouterExplorer","method":"N/A","correlationId":"N/A","message":"Mapped {/notes-debit-credit/:id, DELETE} route"}
{"timestamp":"2026-10-02 13:32:57","level":"\u001b[32minfo\u001b[39m","context":"RoutesResolver","method":"N/A","correlationId":"N/A","message":"ReglementController {/reglements}:"}
{"timestamp":"2026-10-02 13:32:57","level":"\u001b[32minfo\u001b[39m","context":"RouterExplorer","method":"N/A","correlationId":"N/A","message":"Mapped {/reglements, GET} route"}
{"timestamp":"2026-10-02 13:32:57","level":"\u001b[32minfo\u001b[39m","context":"RouterExplorer","method":"N/A","correlationId":"N/A","message":"Mapped {/reglements/:id, GET} route"}
{"timestamp":"2026-10-02 13:32:57","level":"\u001b[32minfo\u001b[39m","context":"RouterExplorer","method":"N/A","correlationId":"N/A","message":"Mapped {/reglements, POST} route"}
{"timestamp":"2026-10-02 13:32:57","level":"\u001b[32minfo\u001b[39m","context":"RouterExplorer","method":"N/A","correlationId":"N/A","message":"Mapped {/reglements/:id, PUT} route"}
{"timestamp":"2026-10-02 13:32:57","level":"\u001b[32minfo\u001b[39m","context":"RouterExplorer","method":"N/A","correlationId":"N/A","message":"Mapped {/reglements/:id, DELETE} route"}
{"timestamp":"2026-10-02 13:32:57","level":"\u001b[32minfo\u001b[39m","context":"RoutesResolver","method":"N/A","correlationId":"N/A","message":"SinistreStatutController {/sinistre-statuts}:"}
{"timestamp":"2026-10-02 13:32:57","level":"\u001b[32minfo\u001b[39m","context":"RouterExplorer","method":"N/A","correlationId":"N/A","message":"Mapped {/sinistre-statuts, GET} route"}
{"timestamp":"2026-10-02 13:32:57","level":"\u001b[32minfo\u001b[39m","context":"RouterExplorer","method":"N/A","correlationId":"N/A","message":"Mapped {/sinistre-statuts/:id, GET} route"}
{"timestamp":"2026-10-02 13:32:57","level":"\u001b[32minfo\u001b[39m","context":"RouterExplorer","method":"N/A","correlationId":"N/A","message":"Mapped {/sinistre-statuts, POST} route"}
{"timestamp":"2026-10-02 13:32:57","level":"\u001b[32minfo\u001b[39m","context":"RouterExplorer","method":"N/A","correlationId":"N/A","message":"Mapped {/sinistre-statuts/:id, PUT} route"}
{"timestamp":"2026-10-02 13:32:57","level":"\u001b[32minfo\u001b[39m","context":"RouterExplorer","method":"N/A","correlationId":"N/A","message":"Mapped {/sinistre-statuts/:id, DELETE} route"}
{"timestamp":"2026-10-02 13:32:57","level":"\u001b[32minfo\u001b[39m","context":"RoutesResolver","method":"N/A","correlationId":"N/A","message":"SinistreTypeEvaluationController {/sinistres-types-evaluation}:"}
{"timestamp":"2026-10-02 13:32:57","level":"\u001b[32minfo\u001b[39m","context":"RouterExplorer","method":"N/A","correlationId":"N/A","message":"Mapped {/sinistres-types-evaluation, GET} route"}
{"timestamp":"2026-10-02 13:32:57","level":"\u001b[32minfo\u001b[39m","context":"RouterExplorer","method":"N/A","correlationId":"N/A","message":"Mapped {/sinistres-types-evaluation/:id, GET} route"}
{"timestamp":"2026-10-02 13:32:57","level":"\u001b[32minfo\u001b[39m","context":"RouterExplorer","method":"N/A","correlationId":"N/A","message":"Mapped {/sinistres-types-evaluation, POST} route"}
{"timestamp":"2026-10-02 13:32:57","level":"\u001b[32minfo\u001b[39m","context":"RouterExplorer","method":"N/A","correlationId":"N/A","message":"Mapped {/sinistres-types-evaluation/:id, PUT} route"}
{"timestamp":"2026-10-02 13:32:57","level":"\u001b[32minfo\u001b[39m","context":"RouterExplorer","method":"N/A","correlationId":"N/A","message":"Mapped {/sinistres-types-evaluation/:id, DELETE} route"}
{"timestamp":"2026-10-02 13:32:57","level":"\u001b[32minfo\u001b[39m","context":"RoutesResolver","method":"N/A","correlationId":"N/A","message":"SinistreController {/sinistre}:"}
{"timestamp":"2026-10-02 13:32:57","level":"\u001b[32minfo\u001b[39m","context":"RouterExplorer","method":"N/A","correlationId":"N/A","message":"Mapped {/sinistre, GET} route"}
{"timestamp":"2026-10-02 13:32:57","level":"\u001b[32minfo\u001b[39m","context":"RouterExplorer","method":"N/A","correlationId":"N/A","message":"Mapped {/sinistre/:id, GET} route"}
{"timestamp":"2026-10-02 13:32:57","level":"\u001b[32minfo\u001b[39m","context":"RouterExplorer","method":"N/A","correlationId":"N/A","message":"Mapped {/sinistre, POST} route"}
{"timestamp":"2026-10-02 13:32:57","level":"\u001b[32minfo\u001b[39m","context":"RouterExplorer","method":"N/A","correlationId":"N/A","message":"Mapped {/sinistre/:id, PUT} route"}
{"timestamp":"2026-10-02 13:32:57","level":"\u001b[32minfo\u001b[39m","context":"RouterExplorer","method":"N/A","correlationId":"N/A","message":"Mapped {/sinistre/:id, DELETE} route"}
{"timestamp":"2026-10-02 13:32:57","level":"\u001b[32minfo\u001b[39m","context":"RoutesResolver","method":"N/A","correlationId":"N/A","message":"SinistreEvaluationController {/sinistres-evaluations}:"}
{"timestamp":"2026-10-02 13:32:57","level":"\u001b[32minfo\u001b[39m","context":"RouterExplorer","method":"N/A","correlationId":"N/A","message":"Mapped {/sinistres-evaluations, GET} route"}
{"timestamp":"2026-10-02 13:32:57","level":"\u001b[32minfo\u001b[39m","context":"RouterExplorer","method":"N/A","correlationId":"N/A","message":"Mapped {/sinistres-evaluations/:id, GET} route"}
{"timestamp":"2026-10-02 13:32:57","level":"\u001b[32minfo\u001b[39m","context":"RouterExplorer","method":"N/A","correlationId":"N/A","message":"Mapped {/sinistres-evaluations, POST} route"}
{"timestamp":"2026-10-02 13:32:57","level":"\u001b[32minfo\u001b[39m","context":"RouterExplorer","method":"N/A","correlationId":"N/A","message":"Mapped {/sinistres-evaluations/:id, PUT} route"}
{"timestamp":"2026-10-02 13:32:57","level":"\u001b[32minfo\u001b[39m","context":"RouterExplorer","method":"N/A","correlationId":"N/A","message":"Mapped {/sinistres-evaluations/:id, DELETE} route"}
{"timestamp":"2026-10-02 13:32:57","level":"\u001b[32minfo\u001b[39m","context":"RoutesResolver","method":"N/A","correlationId":"N/A","message":"SinistreReglementController {/sinistres-reglements}:"}
{"timestamp":"2026-10-02 13:32:57","level":"\u001b[32minfo\u001b[39m","context":"RouterExplorer","method":"N/A","correlationId":"N/A","message":"Mapped {/sinistres-reglements, GET} route"}
{"timestamp":"2026-10-02 13:32:57","level":"\u001b[32minfo\u001b[39m","context":"RouterExplorer","method":"N/A","correlationId":"N/A","message":"Mapped {/sinistres-reglements/:id, GET} route"}
{"timestamp":"2026-10-02 13:32:57","level":"\u001b[32minfo\u001b[39m","context":"RouterExplorer","method":"N/A","correlationId":"N/A","message":"Mapped {/sinistres-reglements, POST} route"}
{"timestamp":"2026-10-02 13:32:57","level":"\u001b[32minfo\u001b[39m","context":"RouterExplorer","method":"N/A","correlationId":"N/A","message":"Mapped {/sinistres-reglements/:id, PUT} route"}
{"timestamp":"2026-10-02 13:32:57","level":"\u001b[32minfo\u001b[39m","context":"RouterExplorer","method":"N/A","correlationId":"N/A","message":"Mapped {/sinistres-reglements/:id, DELETE} route"}
{"timestamp":"2026-10-02 13:32:57","level":"\u001b[32minfo\u001b[39m","context":"NestApplication","method":"N/A","correlationId":"N/A","message":"Nest application successfully started"}
{"timestamp":"2026-10-02 13:35:21","level":"\u001b[32minfo\u001b[39m","context":"NestFactory","method":"N/A","correlationId":"N/A","message":"Starting Nest application..."}
{"timestamp":"2026-10-02 13:35:21","level":"\u001b[32minfo\u001b[39m","context":"InstanceLoader","method":"N/A","correlationId":"N/A","message":"TypeOrmModule dependencies initialized"}
{"timestamp":"2026-10-02 13:35:21","level":"\u001b[32minfo\u001b[39m","context":"InstanceLoader","method":"N/A","correlationId":"N/A","message":"ClsModule dependencies initialized"}
{"timestamp":"2026-10-02 13:35:21","level":"\u001b[32minfo\u001b[39m","context":"InstanceLoader","method":"N/A","correlationId":"N/A","message":"ClsCommonModule dependencies initialized"}
{"timestamp":"2026-10-02 13:35:21","level":"\u001b[32minfo\u001b[39m","context":"InstanceLoader","method":"N/A","correlationId":"N/A","message":"ClsModule dependencies initialized"}
{"timestamp":"2026-10-02 13:35:21","level":"\u001b[32minfo\u001b[39m","context":"InstanceLoader","method":"N/A","correlationId":"N/A","message":"ConfigHostModule dependencies initialized"}
{"timestamp":"2026-10-02 13:35:21","level":"\u001b[32minfo\u001b[39m","context":"InstanceLoader","method":"N/A","correlationId":"N/A","message":"DiscoveryModule dependencies initialized"}
{"timestamp":"2026-10-02 13:35:21","level":"\u001b[32minfo\u001b[39m","context":"InstanceLoader","method":"N/A","correlationId":"N/A","message":"ClsRootModule dependencies initialized"}
{"timestamp":"2026-10-02 13:35:21","level":"\u001b[32minfo\u001b[39m","context":"InstanceLoader","method":"N/A","correlationId":"N/A","message":"AppModule dependencies initialized"}
{"timestamp":"2026-10-02 13:35:21","level":"\u001b[32minfo\u001b[39m","context":"InstanceLoader","method":"N/A","correlationId":"N/A","message":"ConfigModule dependencies initialized"}
{"timestamp":"2026-10-02 13:35:21","level":"\u001b[32minfo\u001b[39m","context":"InstanceLoader","method":"N/A","correlationId":"N/A","message":"ClsPluginsModule dependencies initialized"}
{"timestamp":"2026-10-02 13:35:21","level":"\u001b[32minfo\u001b[39m","context":"InstanceLoader","method":"N/A","correlationId":"N/A","message":"TypeOrmCoreModule dependencies initialized"}
{"timestamp":"2026-10-02 13:35:21","level":"\u001b[32minfo\u001b[39m","context":"InstanceLoader","method":"N/A","correlationId":"N/A","message":"TypeOrmModule dependencies initialized"}
{"timestamp":"2026-10-02 13:35:21","level":"\u001b[32minfo\u001b[39m","context":"InstanceLoader","method":"N/A","correlationId":"N/A","message":"TypeOrmModule dependencies initialized"}
{"timestamp":"2026-10-02 13:35:21","level":"\u001b[32minfo\u001b[39m","context":"InstanceLoader","method":"N/A","correlationId":"N/A","message":"TypeOrmModule dependencies initialized"}
{"timestamp":"2026-10-02 13:35:21","level":"\u001b[32minfo\u001b[39m","context":"InstanceLoader","method":"N/A","correlationId":"N/A","message":"TypeOrmModule dependencies initialized"}
{"timestamp":"2026-10-02 13:35:21","level":"\u001b[32minfo\u001b[39m","context":"InstanceLoader","method":"N/A","correlationId":"N/A","message":"TypeOrmModule dependencies initialized"}
{"timestamp":"2026-10-02 13:35:21","level":"\u001b[32minfo\u001b[39m","context":"InstanceLoader","method":"N/A","correlationId":"N/A","message":"TypeOrmModule dependencies initialized"}
{"timestamp":"2026-10-02 13:35:21","level":"\u001b[32minfo\u001b[39m","context":"InstanceLoader","method":"N/A","correlationId":"N/A","message":"ClsPluginModule dependencies initialized"}
{"timestamp":"2026-10-02 13:35:21","level":"\u001b[32minfo\u001b[39m","context":"InstanceLoader","method":"N/A","correlationId":"N/A","message":"ActeursModule dependencies initialized"}
{"timestamp":"2026-10-02 13:35:21","level":"\u001b[32minfo\u001b[39m","context":"InstanceLoader","method":"N/A","correlationId":"N/A","message":"ReferentielModule dependencies initialized"}
{"timestamp":"2026-10-02 13:35:21","level":"\u001b[32minfo\u001b[39m","context":"InstanceLoader","method":"N/A","correlationId":"N/A","message":"PolicesModule dependencies initialized"}
{"timestamp":"2026-10-02 13:35:21","level":"\u001b[32minfo\u001b[39m","context":"InstanceLoader","method":"N/A","correlationId":"N/A","message":"FluxFinancierModule dependencies initialized"}
{"timestamp":"2026-10-02 13:35:21","level":"\u001b[32minfo\u001b[39m","context":"InstanceLoader","method":"N/A","correlationId":"N/A","message":"SinistresModule dependencies initialized"}
{"timestamp":"2026-10-02 13:35:21","level":"\u001b[32minfo\u001b[39m","context":"InstanceLoader","method":"N/A","correlationId":"N/A","message":"QuittancesModule dependencies initialized"}
{"timestamp":"2026-10-02 13:35:21","level":"\u001b[32minfo\u001b[39m","context":"RoutesResolver","method":"N/A","correlationId":"N/A","message":"BrancheController {/branches}:"}
{"timestamp":"2026-10-02 13:35:21","level":"\u001b[32minfo\u001b[39m","context":"RouterExplorer","method":"N/A","correlationId":"N/A","message":"Mapped {/branches, GET} route"}
{"timestamp":"2026-10-02 13:35:21","level":"\u001b[32minfo\u001b[39m","context":"RouterExplorer","method":"N/A","correlationId":"N/A","message":"Mapped {/branches/:id, GET} route"}
{"timestamp":"2026-10-02 13:35:21","level":"\u001b[32minfo\u001b[39m","context":"RouterExplorer","method":"N/A","correlationId":"N/A","message":"Mapped {/branches, POST} route"}
{"timestamp":"2026-10-02 13:35:21","level":"\u001b[32minfo\u001b[39m","context":"RouterExplorer","method":"N/A","correlationId":"N/A","message":"Mapped {/branches/:id, PUT} route"}
{"timestamp":"2026-10-02 13:35:21","level":"\u001b[32minfo\u001b[39m","context":"RouterExplorer","method":"N/A","correlationId":"N/A","message":"Mapped {/branches/:id, DELETE} route"}
{"timestamp":"2026-10-02 13:35:21","level":"\u001b[32minfo\u001b[39m","context":"RoutesResolver","method":"N/A","correlationId":"N/A","message":"SousBrancheController {/sous-branches}:"}
{"timestamp":"2026-10-02 13:35:21","level":"\u001b[32minfo\u001b[39m","context":"RouterExplorer","method":"N/A","correlationId":"N/A","message":"Mapped {/sous-branches, GET} route"}
{"timestamp":"2026-10-02 13:35:21","level":"\u001b[32minfo\u001b[39m","context":"RouterExplorer","method":"N/A","correlationId":"N/A","message":"Mapped {/sous-branches/:id, GET} route"}
{"timestamp":"2026-10-02 13:35:21","level":"\u001b[32minfo\u001b[39m","context":"RouterExplorer","method":"N/A","correlationId":"N/A","message":"Mapped {/sous-branches, POST} route"}
{"timestamp":"2026-10-02 13:35:21","level":"\u001b[32minfo\u001b[39m","context":"RouterExplorer","method":"N/A","correlationId":"N/A","message":"Mapped {/sous-branches/:id, PUT} route"}
{"timestamp":"2026-10-02 13:35:21","level":"\u001b[32minfo\u001b[39m","context":"RouterExplorer","method":"N/A","correlationId":"N/A","message":"Mapped {/sous-branches/:id, DELETE} route"}
{"timestamp":"2026-10-02 13:35:21","level":"\u001b[32minfo\u001b[39m","context":"RoutesResolver","method":"N/A","correlationId":"N/A","message":"DomaineActiviteController {/domaines-activite}:"}
{"timestamp":"2026-10-02 13:35:21","level":"\u001b[32minfo\u001b[39m","context":"RouterExplorer","method":"N/A","correlationId":"N/A","message":"Mapped {/domaines-activite, GET} route"}
{"timestamp":"2026-10-02 13:35:21","level":"\u001b[32minfo\u001b[39m","context":"RouterExplorer","method":"N/A","correlationId":"N/A","message":"Mapped {/domaines-activite/:id, GET} route"}
{"timestamp":"2026-10-02 13:35:21","level":"\u001b[32minfo\u001b[39m","context":"RouterExplorer","method":"N/A","correlationId":"N/A","message":"Mapped {/domaines-activite, POST} route"}
{"timestamp":"2026-10-02 13:35:21","level":"\u001b[32minfo\u001b[39m","context":"RouterExplorer","method":"N/A","correlationId":"N/A","message":"Mapped {/domaines-activite/:id, PUT} route"}
{"timestamp":"2026-10-02 13:35:21","level":"\u001b[32minfo\u001b[39m","context":"RouterExplorer","method":"N/A","correlationId":"N/A","message":"Mapped {/domaines-activite/:id, DELETE} route"}
{"timestamp":"2026-10-02 13:35:21","level":"\u001b[32minfo\u001b[39m","context":"RoutesResolver","method":"N/A","correlationId":"N/A","message":"CampagneController {/campagnes}:"}
{"timestamp":"2026-10-02 13:35:21","level":"\u001b[32minfo\u001b[39m","context":"RouterExplorer","method":"N/A","correlationId":"N/A","message":"Mapped {/campagnes, GET} route"}
{"timestamp":"2026-10-02 13:35:21","level":"\u001b[32minfo\u001b[39m","context":"RouterExplorer","method":"N/A","correlationId":"N/A","message":"Mapped {/campagnes/:id, GET} route"}
{"timestamp":"2026-10-02 13:35:21","level":"\u001b[32minfo\u001b[39m","context":"RouterExplorer","method":"N/A","correlationId":"N/A","message":"Mapped {/campagnes, POST} route"}
{"timestamp":"2026-10-02 13:35:21","level":"\u001b[32minfo\u001b[39m","context":"RouterExplorer","method":"N/A","correlationId":"N/A","message":"Mapped {/campagnes/:id, PUT} route"}
{"timestamp":"2026-10-02 13:35:21","level":"\u001b[32minfo\u001b[39m","context":"RouterExplorer","method":"N/A","correlationId":"N/A","message":"Mapped {/campagnes/:id, DELETE} route"}
{"timestamp":"2026-10-02 13:35:21","level":"\u001b[32minfo\u001b[39m","context":"RoutesResolver","method":"N/A","correlationId":"N/A","message":"MouvementController {/mouvements}:"}
{"timestamp":"2026-10-02 13:35:21","level":"\u001b[32minfo\u001b[39m","context":"RouterExplorer","method":"N/A","correlationId":"N/A","message":"Mapped {/mouvements, GET} route"}
{"timestamp":"2026-10-02 13:35:21","level":"\u001b[32minfo\u001b[39m","context":"RouterExplorer","method":"N/A","correlationId":"N/A","message":"Mapped {/mouvements/:id, GET} route"}
{"timestamp":"2026-10-02 13:35:21","level":"\u001b[32minfo\u001b[39m","context":"RouterExplorer","method":"N/A","correlationId":"N/A","message":"Mapped {/mouvements, POST} route"}
{"timestamp":"2026-10-02 13:35:21","level":"\u001b[32minfo\u001b[39m","context":"RouterExplorer","method":"N/A","correlationId":"N/A","message":"Mapped {/mouvements/:id, PUT} route"}
{"timestamp":"2026-10-02 13:35:21","level":"\u001b[32minfo\u001b[39m","context":"RouterExplorer","method":"N/A","correlationId":"N/A","message":"Mapped {/mouvements/:id, DELETE} route"}
{"timestamp":"2026-10-02 13:35:21","level":"\u001b[32minfo\u001b[39m","context":"RoutesResolver","method":"N/A","correlationId":"N/A","message":"CompteTypeController {/compte-types}:"}
{"timestamp":"2026-10-02 13:35:21","level":"\u001b[32minfo\u001b[39m","context":"RouterExplorer","method":"N/A","correlationId":"N/A","message":"Mapped {/compte-types, GET} route"}
{"timestamp":"2026-10-02 13:35:21","level":"\u001b[32minfo\u001b[39m","context":"RouterExplorer","method":"N/A","correlationId":"N/A","message":"Mapped {/compte-types/:id, GET} route"}
{"timestamp":"2026-10-02 13:35:21","level":"\u001b[32minfo\u001b[39m","context":"RouterExplorer","method":"N/A","correlationId":"N/A","message":"Mapped {/compte-types, POST} route"}
{"timestamp":"2026-10-02 13:35:21","level":"\u001b[32minfo\u001b[39m","context":"RouterExplorer","method":"N/A","correlationId":"N/A","message":"Mapped {/compte-types/:id, PUT} route"}
{"timestamp":"2026-10-02 13:35:21","level":"\u001b[32minfo\u001b[39m","context":"RouterExplorer","method":"N/A","correlationId":"N/A","message":"Mapped {/compte-types/:id, DELETE} route"}
{"timestamp":"2026-10-02 13:35:21","level":"\u001b[32minfo\u001b[39m","context":"RoutesResolver","method":"N/A","correlationId":"N/A","message":"NatureCessionController {/natures-cession}:"}
{"timestamp":"2026-10-02 13:35:21","level":"\u001b[32minfo\u001b[39m","context":"RouterExplorer","method":"N/A","correlationId":"N/A","message":"Mapped {/natures-cession, GET} route"}
{"timestamp":"2026-10-02 13:35:21","level":"\u001b[32minfo\u001b[39m","context":"RouterExplorer","method":"N/A","correlationId":"N/A","message":"Mapped {/natures-cession/:id, GET} route"}
{"timestamp":"2026-10-02 13:35:21","level":"\u001b[32minfo\u001b[39m","context":"RouterExplorer","method":"N/A","correlationId":"N/A","message":"Mapped {/natures-cession, POST} route"}
{"timestamp":"2026-10-02 13:35:21","level":"\u001b[32minfo\u001b[39m","context":"RouterExplorer","method":"N/A","correlationId":"N/A","message":"Mapped {/natures-cession/:id, PUT} route"}
{"timestamp":"2026-10-02 13:35:21","level":"\u001b[32minfo\u001b[39m","context":"RouterExplorer","method":"N/A","correlationId":"N/A","message":"Mapped {/natures-cession/:id, DELETE} route"}
{"timestamp":"2026-10-02 13:35:21","level":"\u001b[32minfo\u001b[39m","context":"RoutesResolver","method":"N/A","correlationId":"N/A","message":"RegionController {/regions}:"}
{"timestamp":"2026-10-02 13:35:21","level":"\u001b[32minfo\u001b[39m","context":"RouterExplorer","method":"N/A","correlationId":"N/A","message":"Mapped {/regions, GET} route"}
{"timestamp":"2026-10-02 13:35:21","level":"\u001b[32minfo\u001b[39m","context":"RouterExplorer","method":"N/A","correlationId":"N/A","message":"Mapped {/regions/:id, GET} route"}
{"timestamp":"2026-10-02 13:35:21","level":"\u001b[32minfo\u001b[39m","context":"RouterExplorer","method":"N/A","correlationId":"N/A","message":"Mapped {/regions, POST} route"}
{"timestamp":"2026-10-02 13:35:21","level":"\u001b[32minfo\u001b[39m","context":"RouterExplorer","method":"N/A","correlationId":"N/A","message":"Mapped {/regions/:id, PUT} route"}
{"timestamp":"2026-10-02 13:35:21","level":"\u001b[32minfo\u001b[39m","context":"RouterExplorer","method":"N/A","correlationId":"N/A","message":"Mapped {/regions/:id, DELETE} route"}
{"timestamp":"2026-10-02 13:35:21","level":"\u001b[32minfo\u001b[39m","context":"RoutesResolver","method":"N/A","correlationId":"N/A","message":"PaysController {/pays}:"}
{"timestamp":"2026-10-02 13:35:21","level":"\u001b[32minfo\u001b[39m","context":"RouterExplorer","method":"N/A","correlationId":"N/A","message":"Mapped {/pays, GET} route"}
{"timestamp":"2026-10-02 13:35:21","level":"\u001b[32minfo\u001b[39m","context":"RouterExplorer","method":"N/A","correlationId":"N/A","message":"Mapped {/pays/:id, GET} route"}
{"timestamp":"2026-10-02 13:35:21","level":"\u001b[32minfo\u001b[39m","context":"RouterExplorer","method":"N/A","correlationId":"N/A","message":"Mapped {/pays, POST} route"}
{"timestamp":"2026-10-02 13:35:21","level":"\u001b[32minfo\u001b[39m","context":"RouterExplorer","method":"N/A","correlationId":"N/A","message":"Mapped {/pays/:id, PUT} route"}
{"timestamp":"2026-10-02 13:35:21","level":"\u001b[32minfo\u001b[39m","context":"RouterExplorer","method":"N/A","correlationId":"N/A","message":"Mapped {/pays/:id, DELETE} route"}
{"timestamp":"2026-10-02 13:35:21","level":"\u001b[32minfo\u001b[39m","context":"RoutesResolver","method":"N/A","correlationId":"N/A","message":"ActeurController {/acteurs}:"}
{"timestamp":"2026-10-02 13:35:21","level":"\u001b[32minfo\u001b[39m","context":"RouterExplorer","method":"N/A","correlationId":"N/A","message":"Mapped {/acteurs, GET} route"}
{"timestamp":"2026-10-02 13:35:21","level":"\u001b[32minfo\u001b[39m","context":"RouterExplorer","method":"N/A","correlationId":"N/A","message":"Mapped {/acteurs/:id, GET} route"}
{"timestamp":"2026-10-02 13:35:21","level":"\u001b[32minfo\u001b[39m","context":"RouterExplorer","method":"N/A","correlationId":"N/A","message":"Mapped {/acteurs, POST} route"}
{"timestamp":"2026-10-02 13:35:21","level":"\u001b[32minfo\u001b[39m","context":"RouterExplorer","method":"N/A","correlationId":"N/A","message":"Mapped {/acteurs/:id, PUT} route"}
{"timestamp":"2026-10-02 13:35:21","level":"\u001b[32minfo\u001b[39m","context":"RouterExplorer","method":"N/A","correlationId":"N/A","message":"Mapped {/acteurs/:id, DELETE} route"}
{"timestamp":"2026-10-02 13:35:21","level":"\u001b[32minfo\u001b[39m","context":"RoutesResolver","method":"N/A","correlationId":"N/A","message":"AssureController {/assures}:"}
{"timestamp":"2026-10-02 13:35:21","level":"\u001b[32minfo\u001b[39m","context":"RouterExplorer","method":"N/A","correlationId":"N/A","message":"Mapped {/assures, GET} route"}
{"timestamp":"2026-10-02 13:35:21","level":"\u001b[32minfo\u001b[39m","context":"RouterExplorer","method":"N/A","correlationId":"N/A","message":"Mapped {/assures/:id, GET} route"}
{"timestamp":"2026-10-02 13:35:21","level":"\u001b[32minfo\u001b[39m","context":"RouterExplorer","method":"N/A","correlationId":"N/A","message":"Mapped {/assures, POST} route"}
{"timestamp":"2026-10-02 13:35:21","level":"\u001b[32minfo\u001b[39m","context":"RouterExplorer","method":"N/A","correlationId":"N/A","message":"Mapped {/assures/:id, PUT} route"}
{"timestamp":"2026-10-02 13:35:21","level":"\u001b[32minfo\u001b[39m","context":"RouterExplorer","method":"N/A","correlationId":"N/A","message":"Mapped {/assures/:id, DELETE} route"}
{"timestamp":"2026-10-02 13:35:21","level":"\u001b[32minfo\u001b[39m","context":"RoutesResolver","method":"N/A","correlationId":"N/A","message":"ContactController {/contacts}:"}
{"timestamp":"2026-10-02 13:35:21","level":"\u001b[32minfo\u001b[39m","context":"RouterExplorer","method":"N/A","correlationId":"N/A","message":"Mapped {/contacts, GET} route"}
{"timestamp":"2026-10-02 13:35:21","level":"\u001b[32minfo\u001b[39m","context":"RouterExplorer","method":"N/A","correlationId":"N/A","message":"Mapped {/contacts/:id, GET} route"}
{"timestamp":"2026-10-02 13:35:21","level":"\u001b[32minfo\u001b[39m","context":"RouterExplorer","method":"N/A","correlationId":"N/A","message":"Mapped {/contacts, POST} route"}
{"timestamp":"2026-10-02 13:35:21","level":"\u001b[32minfo\u001b[39m","context":"RouterExplorer","method":"N/A","correlationId":"N/A","message":"Mapped {/contacts/:id, PUT} route"}
{"timestamp":"2026-10-02 13:35:21","level":"\u001b[32minfo\u001b[39m","context":"RouterExplorer","method":"N/A","correlationId":"N/A","message":"Mapped {/contacts/:id, DELETE} route"}
{"timestamp":"2026-10-02 13:35:21","level":"\u001b[32minfo\u001b[39m","context":"RoutesResolver","method":"N/A","correlationId":"N/A","message":"PoliceController {/polices}:"}
{"timestamp":"2026-10-02 13:35:21","level":"\u001b[32minfo\u001b[39m","context":"RouterExplorer","method":"N/A","correlationId":"N/A","message":"Mapped {/polices, GET} route"}
{"timestamp":"2026-10-02 13:35:21","level":"\u001b[32minfo\u001b[39m","context":"RouterExplorer","method":"N/A","correlationId":"N/A","message":"Mapped {/polices/:id, GET} route"}
{"timestamp":"2026-10-02 13:35:21","level":"\u001b[32minfo\u001b[39m","context":"RouterExplorer","method":"N/A","correlationId":"N/A","message":"Mapped {/polices, POST} route"}
{"timestamp":"2026-10-02 13:35:21","level":"\u001b[32minfo\u001b[39m","context":"RouterExplorer","method":"N/A","correlationId":"N/A","message":"Mapped {/polices/:id, PUT} route"}
{"timestamp":"2026-10-02 13:35:21","level":"\u001b[32minfo\u001b[39m","context":"RouterExplorer","method":"N/A","correlationId":"N/A","message":"Mapped {/polices/:id, DELETE} route"}
{"timestamp":"2026-10-02 13:35:21","level":"\u001b[32minfo\u001b[39m","context":"RoutesResolver","method":"N/A","correlationId":"N/A","message":"QuittanceController {/quittances}:"}
{"timestamp":"2026-10-02 13:35:21","level":"\u001b[32minfo\u001b[39m","context":"RouterExplorer","method":"N/A","correlationId":"N/A","message":"Mapped {/quittances, GET} route"}
{"timestamp":"2026-10-02 13:35:21","level":"\u001b[32minfo\u001b[39m","context":"RouterExplorer","method":"N/A","correlationId":"N/A","message":"Mapped {/quittances/:id, GET} route"}
{"timestamp":"2026-10-02 13:35:21","level":"\u001b[32minfo\u001b[39m","context":"RouterExplorer","method":"N/A","correlationId":"N/A","message":"Mapped {/quittances, POST} route"}
{"timestamp":"2026-10-02 13:35:21","level":"\u001b[32minfo\u001b[39m","context":"RouterExplorer","method":"N/A","correlationId":"N/A","message":"Mapped {/quittances/:id, PUT} route"}
{"timestamp":"2026-10-02 13:35:21","level":"\u001b[32minfo\u001b[39m","context":"RouterExplorer","method":"N/A","correlationId":"N/A","message":"Mapped {/quittances/:id/annuler, PATCH} route"}
{"timestamp":"2026-10-02 13:35:21","level":"\u001b[32minfo\u001b[39m","context":"RouterExplorer","method":"N/A","correlationId":"N/A","message":"Mapped {/quittances/:id, DELETE} route"}
{"timestamp":"2026-10-02 13:35:21","level":"\u001b[32minfo\u001b[39m","context":"RoutesResolver","method":"N/A","correlationId":"N/A","message":"QuittanceCessionController {/quittances-cession}:"}
{"timestamp":"2026-10-02 13:35:21","level":"\u001b[32minfo\u001b[39m","context":"RouterExplorer","method":"N/A","correlationId":"N/A","message":"Mapped {/quittances-cession, GET} route"}
{"timestamp":"2026-10-02 13:35:21","level":"\u001b[32minfo\u001b[39m","context":"RouterExplorer","method":"N/A","correlationId":"N/A","message":"Mapped {/quittances-cession/:id, GET} route"}
{"timestamp":"2026-10-02 13:35:21","level":"\u001b[32minfo\u001b[39m","context":"RouterExplorer","method":"N/A","correlationId":"N/A","message":"Mapped {/quittances-cession, POST} route"}
{"timestamp":"2026-10-02 13:35:21","level":"\u001b[32minfo\u001b[39m","context":"RouterExplorer","method":"N/A","correlationId":"N/A","message":"Mapped {/quittances-cession/:id, PUT} route"}
{"timestamp":"2026-10-02 13:35:21","level":"\u001b[32minfo\u001b[39m","context":"RouterExplorer","method":"N/A","correlationId":"N/A","message":"Mapped {/quittances-cession/:id, DELETE} route"}
{"timestamp":"2026-10-02 13:35:21","level":"\u001b[32minfo\u001b[39m","context":"RoutesResolver","method":"N/A","correlationId":"N/A","message":"EcheancePmdController {/echeances-pmd}:"}
{"timestamp":"2026-10-02 13:35:21","level":"\u001b[32minfo\u001b[39m","context":"RouterExplorer","method":"N/A","correlationId":"N/A","message":"Mapped {/echeances-pmd, GET} route"}
{"timestamp":"2026-10-02 13:35:21","level":"\u001b[32minfo\u001b[39m","context":"RouterExplorer","method":"N/A","correlationId":"N/A","message":"Mapped {/echeances-pmd/:id, GET} route"}
{"timestamp":"2026-10-02 13:35:21","level":"\u001b[32minfo\u001b[39m","context":"RouterExplorer","method":"N/A","correlationId":"N/A","message":"Mapped {/echeances-pmd, POST} route"}
{"timestamp":"2026-10-02 13:35:21","level":"\u001b[32minfo\u001b[39m","context":"RouterExplorer","method":"N/A","correlationId":"N/A","message":"Mapped {/echeances-pmd/:id, PUT} route"}
{"timestamp":"2026-10-02 13:35:21","level":"\u001b[32minfo\u001b[39m","context":"RouterExplorer","method":"N/A","correlationId":"N/A","message":"Mapped {/echeances-pmd/:id, DELETE} route"}
{"timestamp":"2026-10-02 13:35:21","level":"\u001b[32minfo\u001b[39m","context":"RoutesResolver","method":"N/A","correlationId":"N/A","message":"BordereauController {/bordereaux}:"}
{"timestamp":"2026-10-02 13:35:21","level":"\u001b[32minfo\u001b[39m","context":"RouterExplorer","method":"N/A","correlationId":"N/A","message":"Mapped {/bordereaux, GET} route"}
{"timestamp":"2026-10-02 13:35:21","level":"\u001b[32minfo\u001b[39m","context":"RouterExplorer","method":"N/A","correlationId":"N/A","message":"Mapped {/bordereaux/:id, GET} route"}
{"timestamp":"2026-10-02 13:35:21","level":"\u001b[32minfo\u001b[39m","context":"RouterExplorer","method":"N/A","correlationId":"N/A","message":"Mapped {/bordereaux, POST} route"}
{"timestamp":"2026-10-02 13:35:21","level":"\u001b[32minfo\u001b[39m","context":"RouterExplorer","method":"N/A","correlationId":"N/A","message":"Mapped {/bordereaux/:id, PUT} route"}
{"timestamp":"2026-10-02 13:35:21","level":"\u001b[32minfo\u001b[39m","context":"RouterExplorer","method":"N/A","correlationId":"N/A","message":"Mapped {/bordereaux/:id, DELETE} route"}
{"timestamp":"2026-10-02 13:35:21","level":"\u001b[32minfo\u001b[39m","context":"RoutesResolver","method":"N/A","correlationId":"N/A","message":"CompteTraiteController {/comptes-traite}:"}
{"timestamp":"2026-10-02 13:35:21","level":"\u001b[32minfo\u001b[39m","context":"RouterExplorer","method":"N/A","correlationId":"N/A","message":"Mapped {/comptes-traite, GET} route"}
{"timestamp":"2026-10-02 13:35:21","level":"\u001b[32minfo\u001b[39m","context":"RouterExplorer","method":"N/A","correlationId":"N/A","message":"Mapped {/comptes-traite/:id, GET} route"}
{"timestamp":"2026-10-02 13:35:21","level":"\u001b[32minfo\u001b[39m","context":"RouterExplorer","method":"N/A","correlationId":"N/A","message":"Mapped {/comptes-traite, POST} route"}
{"timestamp":"2026-10-02 13:35:21","level":"\u001b[32minfo\u001b[39m","context":"RouterExplorer","method":"N/A","correlationId":"N/A","message":"Mapped {/comptes-traite/:id, PUT} route"}
{"timestamp":"2026-10-02 13:35:21","level":"\u001b[32minfo\u001b[39m","context":"RouterExplorer","method":"N/A","correlationId":"N/A","message":"Mapped {/comptes-traite/:id, DELETE} route"}
{"timestamp":"2026-10-02 13:35:21","level":"\u001b[32minfo\u001b[39m","context":"RoutesResolver","method":"N/A","correlationId":"N/A","message":"NoteDebitCreditController {/notes-debit-credit}:"}
{"timestamp":"2026-10-02 13:35:21","level":"\u001b[32minfo\u001b[39m","context":"RouterExplorer","method":"N/A","correlationId":"N/A","message":"Mapped {/notes-debit-credit, GET} route"}
{"timestamp":"2026-10-02 13:35:21","level":"\u001b[32minfo\u001b[39m","context":"RouterExplorer","method":"N/A","correlationId":"N/A","message":"Mapped {/notes-debit-credit/:id, GET} route"}
{"timestamp":"2026-10-02 13:35:21","level":"\u001b[32minfo\u001b[39m","context":"RouterExplorer","method":"N/A","correlationId":"N/A","message":"Mapped {/notes-debit-credit, POST} route"}
{"timestamp":"2026-10-02 13:35:21","level":"\u001b[32minfo\u001b[39m","context":"RouterExplorer","method":"N/A","correlationId":"N/A","message":"Mapped {/notes-debit-credit/:id, PUT} route"}
{"timestamp":"2026-10-02 13:35:21","level":"\u001b[32minfo\u001b[39m","context":"RouterExplorer","method":"N/A","correlationId":"N/A","message":"Mapped {/notes-debit-credit/:id, DELETE} route"}
{"timestamp":"2026-10-02 13:35:21","level":"\u001b[32minfo\u001b[39m","context":"RoutesResolver","method":"N/A","correlationId":"N/A","message":"ReglementController {/reglements}:"}
{"timestamp":"2026-10-02 13:35:21","level":"\u001b[32minfo\u001b[39m","context":"RouterExplorer","method":"N/A","correlationId":"N/A","message":"Mapped {/reglements, GET} route"}
{"timestamp":"2026-10-02 13:35:21","level":"\u001b[32minfo\u001b[39m","context":"RouterExplorer","method":"N/A","correlationId":"N/A","message":"Mapped {/reglements/:id, GET} route"}
{"timestamp":"2026-10-02 13:35:21","level":"\u001b[32minfo\u001b[39m","context":"RouterExplorer","method":"N/A","correlationId":"N/A","message":"Mapped {/reglements, POST} route"}
{"timestamp":"2026-10-02 13:35:21","level":"\u001b[32minfo\u001b[39m","context":"RouterExplorer","method":"N/A","correlationId":"N/A","message":"Mapped {/reglements/:id, PUT} route"}
{"timestamp":"2026-10-02 13:35:21","level":"\u001b[32minfo\u001b[39m","context":"RouterExplorer","method":"N/A","correlationId":"N/A","message":"Mapped {/reglements/:id, DELETE} route"}
{"timestamp":"2026-10-02 13:35:21","level":"\u001b[32minfo\u001b[39m","context":"RoutesResolver","method":"N/A","correlationId":"N/A","message":"SinistreStatutController {/sinistre-statuts}:"}
{"timestamp":"2026-10-02 13:35:21","level":"\u001b[32minfo\u001b[39m","context":"RouterExplorer","method":"N/A","correlationId":"N/A","message":"Mapped {/sinistre-statuts, GET} route"}
{"timestamp":"2026-10-02 13:35:21","level":"\u001b[32minfo\u001b[39m","context":"RouterExplorer","method":"N/A","correlationId":"N/A","message":"Mapped {/sinistre-statuts/:id, GET} route"}
{"timestamp":"2026-10-02 13:35:21","level":"\u001b[32minfo\u001b[39m","context":"RouterExplorer","method":"N/A","correlationId":"N/A","message":"Mapped {/sinistre-statuts, POST} route"}
{"timestamp":"2026-10-02 13:35:21","level":"\u001b[32minfo\u001b[39m","context":"RouterExplorer","method":"N/A","correlationId":"N/A","message":"Mapped {/sinistre-statuts/:id, PUT} route"}
{"timestamp":"2026-10-02 13:35:21","level":"\u001b[32minfo\u001b[39m","context":"RouterExplorer","method":"N/A","correlationId":"N/A","message":"Mapped {/sinistre-statuts/:id, DELETE} route"}
{"timestamp":"2026-10-02 13:35:21","level":"\u001b[32minfo\u001b[39m","context":"RoutesResolver","method":"N/A","correlationId":"N/A","message":"SinistreTypeEvaluationController {/sinistres-types-evaluation}:"}
{"timestamp":"2026-10-02 13:35:21","level":"\u001b[32minfo\u001b[39m","context":"RouterExplorer","method":"N/A","correlationId":"N/A","message":"Mapped {/sinistres-types-evaluation, GET} route"}
{"timestamp":"2026-10-02 13:35:21","level":"\u001b[32minfo\u001b[39m","context":"RouterExplorer","method":"N/A","correlationId":"N/A","message":"Mapped {/sinistres-types-evaluation/:id, GET} route"}
{"timestamp":"2026-10-02 13:35:21","level":"\u001b[32minfo\u001b[39m","context":"RouterExplorer","method":"N/A","correlationId":"N/A","message":"Mapped {/sinistres-types-evaluation, POST} route"}
{"timestamp":"2026-10-02 13:35:21","level":"\u001b[32minfo\u001b[39m","context":"RouterExplorer","method":"N/A","correlationId":"N/A","message":"Mapped {/sinistres-types-evaluation/:id, PUT} route"}
{"timestamp":"2026-10-02 13:35:21","level":"\u001b[32minfo\u001b[39m","context":"RouterExplorer","method":"N/A","correlationId":"N/A","message":"Mapped {/sinistres-types-evaluation/:id, DELETE} route"}
{"timestamp":"2026-10-02 13:35:21","level":"\u001b[32minfo\u001b[39m","context":"RoutesResolver","method":"N/A","correlationId":"N/A","message":"SinistreController {/sinistre}:"}
{"timestamp":"2026-10-02 13:35:21","level":"\u001b[32minfo\u001b[39m","context":"RouterExplorer","method":"N/A","correlationId":"N/A","message":"Mapped {/sinistre, GET} route"}
{"timestamp":"2026-10-02 13:35:21","level":"\u001b[32minfo\u001b[39m","context":"RouterExplorer","method":"N/A","correlationId":"N/A","message":"Mapped {/sinistre/:id, GET} route"}
{"timestamp":"2026-10-02 13:35:21","level":"\u001b[32minfo\u001b[39m","context":"RouterExplorer","method":"N/A","correlationId":"N/A","message":"Mapped {/sinistre, POST} route"}
{"timestamp":"2026-10-02 13:35:21","level":"\u001b[32minfo\u001b[39m","context":"RouterExplorer","method":"N/A","correlationId":"N/A","message":"Mapped {/sinistre/:id, PUT} route"}
{"timestamp":"2026-10-02 13:35:21","level":"\u001b[32minfo\u001b[39m","context":"RouterExplorer","method":"N/A","correlationId":"N/A","message":"Mapped {/sinistre/:id, DELETE} route"}
{"timestamp":"2026-10-02 13:35:21","level":"\u001b[32minfo\u001b[39m","context":"RoutesResolver","method":"N/A","correlationId":"N/A","message":"SinistreEvaluationController {/sinistres-evaluations}:"}
{"timestamp":"2026-10-02 13:35:21","level":"\u001b[32minfo\u001b[39m","context":"RouterExplorer","method":"N/A","correlationId":"N/A","message":"Mapped {/sinistres-evaluations, GET} route"}
{"timestamp":"2026-10-02 13:35:21","level":"\u001b[32minfo\u001b[39m","context":"RouterExplorer","method":"N/A","correlationId":"N/A","message":"Mapped {/sinistres-evaluations/:id, GET} route"}
{"timestamp":"2026-10-02 13:35:21","level":"\u001b[32minfo\u001b[39m","context":"RouterExplorer","method":"N/A","correlationId":"N/A","message":"Mapped {/sinistres-evaluations, POST} route"}
{"timestamp":"2026-10-02 13:35:21","level":"\u001b[32minfo\u001b[39m","context":"RouterExplorer","method":"N/A","correlationId":"N/A","message":"Mapped {/sinistres-evaluations/:id, PUT} route"}
{"timestamp":"2026-10-02 13:35:21","level":"\u001b[32minfo\u001b[39m","context":"RouterExplorer","method":"N/A","correlationId":"N/A","message":"Mapped {/sinistres-evaluations/:id, DELETE} route"}
{"timestamp":"2026-10-02 13:35:21","level":"\u001b[32minfo\u001b[39m","context":"RoutesResolver","method":"N/A","correlationId":"N/A","message":"SinistreReglementController {/sinistres-reglements}:"}
{"timestamp":"2026-10-02 13:35:21","level":"\u001b[32minfo\u001b[39m","context":"RouterExplorer","method":"N/A","correlationId":"N/A","message":"Mapped {/sinistres-reglements, GET} route"}
{"timestamp":"2026-10-02 13:35:21","level":"\u001b[32minfo\u001b[39m","context":"RouterExplorer","method":"N/A","correlationId":"N/A","message":"Mapped {/sinistres-reglements/:id, GET} route"}
{"timestamp":"2026-10-02 13:35:21","level":"\u001b[32minfo\u001b[39m","context":"RouterExplorer","method":"N/A","correlationId":"N/A","message":"Mapped {/sinistres-reglements, POST} route"}
{"timestamp":"2026-10-02 13:35:21","level":"\u001b[32minfo\u001b[39m","context":"RouterExplorer","method":"N/A","correlationId":"N/A","message":"Mapped {/sinistres-reglements/:id, PUT} route"}
{"timestamp":"2026-10-02 13:35:21","level":"\u001b[32minfo\u001b[39m","context":"RouterExplorer","method":"N/A","correlationId":"N/A","message":"Mapped {/sinistres-reglements/:id, DELETE} route"}
{"timestamp":"2026-10-02 13:35:21","level":"\u001b[32minfo\u001b[39m","context":"NestApplication","method":"N/A","correlationId":"N/A","message":"Nest application successfully started"}
{"timestamp":"2026-10-02 13:35:24","level":"\u001b[32minfo\u001b[39m","context":"NestFactory","method":"N/A","correlationId":"N/A","message":"Starting Nest application..."}
{"timestamp":"2026-10-02 13:35:24","level":"\u001b[32minfo\u001b[39m","context":"InstanceLoader","method":"N/A","correlationId":"N/A","message":"TypeOrmModule dependencies initialized"}
{"timestamp":"2026-10-02 13:35:24","level":"\u001b[32minfo\u001b[39m","context":"InstanceLoader","method":"N/A","correlationId":"N/A","message":"ClsModule dependencies initialized"}
{"timestamp":"2026-10-02 13:35:24","level":"\u001b[32minfo\u001b[39m","context":"InstanceLoader","method":"N/A","correlationId":"N/A","message":"ClsCommonModule dependencies initialized"}
{"timestamp":"2026-10-02 13:35:24","level":"\u001b[32minfo\u001b[39m","context":"InstanceLoader","method":"N/A","correlationId":"N/A","message":"ClsModule dependencies initialized"}
{"timestamp":"2026-10-02 13:35:24","level":"\u001b[32minfo\u001b[39m","context":"InstanceLoader","method":"N/A","correlationId":"N/A","message":"ConfigHostModule dependencies initialized"}
{"timestamp":"2026-10-02 13:35:24","level":"\u001b[32minfo\u001b[39m","context":"InstanceLoader","method":"N/A","correlationId":"N/A","message":"DiscoveryModule dependencies initialized"}
{"timestamp":"2026-10-02 13:35:24","level":"\u001b[32minfo\u001b[39m","context":"InstanceLoader","method":"N/A","correlationId":"N/A","message":"ClsRootModule dependencies initialized"}
{"timestamp":"2026-10-02 13:35:24","level":"\u001b[32minfo\u001b[39m","context":"InstanceLoader","method":"N/A","correlationId":"N/A","message":"AppModule dependencies initialized"}
{"timestamp":"2026-10-02 13:35:24","level":"\u001b[32minfo\u001b[39m","context":"InstanceLoader","method":"N/A","correlationId":"N/A","message":"ConfigModule dependencies initialized"}
{"timestamp":"2026-10-02 13:35:24","level":"\u001b[32minfo\u001b[39m","context":"InstanceLoader","method":"N/A","correlationId":"N/A","message":"ClsPluginsModule dependencies initialized"}
{"timestamp":"2026-10-02 13:35:24","level":"\u001b[32minfo\u001b[39m","context":"InstanceLoader","method":"N/A","correlationId":"N/A","message":"TypeOrmCoreModule dependencies initialized"}
{"timestamp":"2026-10-02 13:35:24","level":"\u001b[32minfo\u001b[39m","context":"InstanceLoader","method":"N/A","correlationId":"N/A","message":"TypeOrmModule dependencies initialized"}
{"timestamp":"2026-10-02 13:35:24","level":"\u001b[32minfo\u001b[39m","context":"InstanceLoader","method":"N/A","correlationId":"N/A","message":"TypeOrmModule dependencies initialized"}
{"timestamp":"2026-10-02 13:35:24","level":"\u001b[32minfo\u001b[39m","context":"InstanceLoader","method":"N/A","correlationId":"N/A","message":"TypeOrmModule dependencies initialized"}
{"timestamp":"2026-10-02 13:35:24","level":"\u001b[32minfo\u001b[39m","context":"InstanceLoader","method":"N/A","correlationId":"N/A","message":"TypeOrmModule dependencies initialized"}
{"timestamp":"2026-10-02 13:35:24","level":"\u001b[32minfo\u001b[39m","context":"InstanceLoader","method":"N/A","correlationId":"N/A","message":"TypeOrmModule dependencies initialized"}
{"timestamp":"2026-10-02 13:35:24","level":"\u001b[32minfo\u001b[39m","context":"InstanceLoader","method":"N/A","correlationId":"N/A","message":"TypeOrmModule dependencies initialized"}
{"timestamp":"2026-10-02 13:35:24","level":"\u001b[32minfo\u001b[39m","context":"InstanceLoader","method":"N/A","correlationId":"N/A","message":"ClsPluginModule dependencies initialized"}
{"timestamp":"2026-10-02 13:35:24","level":"\u001b[32minfo\u001b[39m","context":"InstanceLoader","method":"N/A","correlationId":"N/A","message":"ActeursModule dependencies initialized"}
{"timestamp":"2026-10-02 13:35:24","level":"\u001b[32minfo\u001b[39m","context":"InstanceLoader","method":"N/A","correlationId":"N/A","message":"ReferentielModule dependencies initialized"}
{"timestamp":"2026-10-02 13:35:24","level":"\u001b[32minfo\u001b[39m","context":"InstanceLoader","method":"N/A","correlationId":"N/A","message":"PolicesModule dependencies initialized"}
{"timestamp":"2026-10-02 13:35:24","level":"\u001b[32minfo\u001b[39m","context":"InstanceLoader","method":"N/A","correlationId":"N/A","message":"FluxFinancierModule dependencies initialized"}
{"timestamp":"2026-10-02 13:35:24","level":"\u001b[32minfo\u001b[39m","context":"InstanceLoader","method":"N/A","correlationId":"N/A","message":"SinistresModule dependencies initialized"}
{"timestamp":"2026-10-02 13:35:24","level":"\u001b[32minfo\u001b[39m","context":"InstanceLoader","method":"N/A","correlationId":"N/A","message":"QuittancesModule dependencies initialized"}
{"timestamp":"2026-10-02 13:35:24","level":"\u001b[32minfo\u001b[39m","context":"RoutesResolver","method":"N/A","correlationId":"N/A","message":"BrancheController {/branches}:"}
{"timestamp":"2026-10-02 13:35:24","level":"\u001b[32minfo\u001b[39m","context":"RouterExplorer","method":"N/A","correlationId":"N/A","message":"Mapped {/branches, GET} route"}
{"timestamp":"2026-10-02 13:35:24","level":"\u001b[32minfo\u001b[39m","context":"RouterExplorer","method":"N/A","correlationId":"N/A","message":"Mapped {/branches/:id, GET} route"}
{"timestamp":"2026-10-02 13:35:24","level":"\u001b[32minfo\u001b[39m","context":"RouterExplorer","method":"N/A","correlationId":"N/A","message":"Mapped {/branches, POST} route"}
{"timestamp":"2026-10-02 13:35:24","level":"\u001b[32minfo\u001b[39m","context":"RouterExplorer","method":"N/A","correlationId":"N/A","message":"Mapped {/branches/:id, PUT} route"}
{"timestamp":"2026-10-02 13:35:24","level":"\u001b[32minfo\u001b[39m","context":"RouterExplorer","method":"N/A","correlationId":"N/A","message":"Mapped {/branches/:id, DELETE} route"}
{"timestamp":"2026-10-02 13:35:24","level":"\u001b[32minfo\u001b[39m","context":"RoutesResolver","method":"N/A","correlationId":"N/A","message":"SousBrancheController {/sous-branches}:"}
{"timestamp":"2026-10-02 13:35:24","level":"\u001b[32minfo\u001b[39m","context":"RouterExplorer","method":"N/A","correlationId":"N/A","message":"Mapped {/sous-branches, GET} route"}
{"timestamp":"2026-10-02 13:35:24","level":"\u001b[32minfo\u001b[39m","context":"RouterExplorer","method":"N/A","correlationId":"N/A","message":"Mapped {/sous-branches/:id, GET} route"}
{"timestamp":"2026-10-02 13:35:24","level":"\u001b[32minfo\u001b[39m","context":"RouterExplorer","method":"N/A","correlationId":"N/A","message":"Mapped {/sous-branches, POST} route"}
{"timestamp":"2026-10-02 13:35:24","level":"\u001b[32minfo\u001b[39m","context":"RouterExplorer","method":"N/A","correlationId":"N/A","message":"Mapped {/sous-branches/:id, PUT} route"}
{"timestamp":"2026-10-02 13:35:24","level":"\u001b[32minfo\u001b[39m","context":"RouterExplorer","method":"N/A","correlationId":"N/A","message":"Mapped {/sous-branches/:id, DELETE} route"}
{"timestamp":"2026-10-02 13:35:24","level":"\u001b[32minfo\u001b[39m","context":"RoutesResolver","method":"N/A","correlationId":"N/A","message":"DomaineActiviteController {/domaines-activite}:"}
{"timestamp":"2026-10-02 13:35:24","level":"\u001b[32minfo\u001b[39m","context":"RouterExplorer","method":"N/A","correlationId":"N/A","message":"Mapped {/domaines-activite, GET} route"}
{"timestamp":"2026-10-02 13:35:24","level":"\u001b[32minfo\u001b[39m","context":"RouterExplorer","method":"N/A","correlationId":"N/A","message":"Mapped {/domaines-activite/:id, GET} route"}
{"timestamp":"2026-10-02 13:35:24","level":"\u001b[32minfo\u001b[39m","context":"RouterExplorer","method":"N/A","correlationId":"N/A","message":"Mapped {/domaines-activite, POST} route"}
{"timestamp":"2026-10-02 13:35:24","level":"\u001b[32minfo\u001b[39m","context":"RouterExplorer","method":"N/A","correlationId":"N/A","message":"Mapped {/domaines-activite/:id, PUT} route"}
{"timestamp":"2026-10-02 13:35:24","level":"\u001b[32minfo\u001b[39m","context":"RouterExplorer","method":"N/A","correlationId":"N/A","message":"Mapped {/domaines-activite/:id, DELETE} route"}
{"timestamp":"2026-10-02 13:35:24","level":"\u001b[32minfo\u001b[39m","context":"RoutesResolver","method":"N/A","correlationId":"N/A","message":"CampagneController {/campagnes}:"}
{"timestamp":"2026-10-02 13:35:24","level":"\u001b[32minfo\u001b[39m","context":"RouterExplorer","method":"N/A","correlationId":"N/A","message":"Mapped {/campagnes, GET} route"}
{"timestamp":"2026-10-02 13:35:24","level":"\u001b[32minfo\u001b[39m","context":"RouterExplorer","method":"N/A","correlationId":"N/A","message":"Mapped {/campagnes/:id, GET} route"}
{"timestamp":"2026-10-02 13:35:24","level":"\u001b[32minfo\u001b[39m","context":"RouterExplorer","method":"N/A","correlationId":"N/A","message":"Mapped {/campagnes, POST} route"}
{"timestamp":"2026-10-02 13:35:24","level":"\u001b[32minfo\u001b[39m","context":"RouterExplorer","method":"N/A","correlationId":"N/A","message":"Mapped {/campagnes/:id, PUT} route"}
{"timestamp":"2026-10-02 13:35:24","level":"\u001b[32minfo\u001b[39m","context":"RouterExplorer","method":"N/A","correlationId":"N/A","message":"Mapped {/campagnes/:id, DELETE} route"}
{"timestamp":"2026-10-02 13:35:24","level":"\u001b[32minfo\u001b[39m","context":"RoutesResolver","method":"N/A","correlationId":"N/A","message":"MouvementController {/mouvements}:"}
{"timestamp":"2026-10-02 13:35:24","level":"\u001b[32minfo\u001b[39m","context":"RouterExplorer","method":"N/A","correlationId":"N/A","message":"Mapped {/mouvements, GET} route"}
{"timestamp":"2026-10-02 13:35:24","level":"\u001b[32minfo\u001b[39m","context":"RouterExplorer","method":"N/A","correlationId":"N/A","message":"Mapped {/mouvements/:id, GET} route"}
{"timestamp":"2026-10-02 13:35:24","level":"\u001b[32minfo\u001b[39m","context":"RouterExplorer","method":"N/A","correlationId":"N/A","message":"Mapped {/mouvements, POST} route"}
{"timestamp":"2026-10-02 13:35:24","level":"\u001b[32minfo\u001b[39m","context":"RouterExplorer","method":"N/A","correlationId":"N/A","message":"Mapped {/mouvements/:id, PUT} route"}
{"timestamp":"2026-10-02 13:35:24","level":"\u001b[32minfo\u001b[39m","context":"RouterExplorer","method":"N/A","correlationId":"N/A","message":"Mapped {/mouvements/:id, DELETE} route"}
{"timestamp":"2026-10-02 13:35:24","level":"\u001b[32minfo\u001b[39m","context":"RoutesResolver","method":"N/A","correlationId":"N/A","message":"CompteTypeController {/compte-types}:"}
{"timestamp":"2026-10-02 13:35:24","level":"\u001b[32minfo\u001b[39m","context":"RouterExplorer","method":"N/A","correlationId":"N/A","message":"Mapped {/compte-types, GET} route"}
{"timestamp":"2026-10-02 13:35:24","level":"\u001b[32minfo\u001b[39m","context":"RouterExplorer","method":"N/A","correlationId":"N/A","message":"Mapped {/compte-types/:id, GET} route"}
{"timestamp":"2026-10-02 13:35:24","level":"\u001b[32minfo\u001b[39m","context":"RouterExplorer","method":"N/A","correlationId":"N/A","message":"Mapped {/compte-types, POST} route"}
{"timestamp":"2026-10-02 13:35:24","level":"\u001b[32minfo\u001b[39m","context":"RouterExplorer","method":"N/A","correlationId":"N/A","message":"Mapped {/compte-types/:id, PUT} route"}
{"timestamp":"2026-10-02 13:35:24","level":"\u001b[32minfo\u001b[39m","context":"RouterExplorer","method":"N/A","correlationId":"N/A","message":"Mapped {/compte-types/:id, DELETE} route"}
{"timestamp":"2026-10-02 13:35:24","level":"\u001b[32minfo\u001b[39m","context":"RoutesResolver","method":"N/A","correlationId":"N/A","message":"NatureCessionController {/natures-cession}:"}
{"timestamp":"2026-10-02 13:35:24","level":"\u001b[32minfo\u001b[39m","context":"RouterExplorer","method":"N/A","correlationId":"N/A","message":"Mapped {/natures-cession, GET} route"}
{"timestamp":"2026-10-02 13:35:24","level":"\u001b[32minfo\u001b[39m","context":"RouterExplorer","method":"N/A","correlationId":"N/A","message":"Mapped {/natures-cession/:id, GET} route"}
{"timestamp":"2026-10-02 13:35:24","level":"\u001b[32minfo\u001b[39m","context":"RouterExplorer","method":"N/A","correlationId":"N/A","message":"Mapped {/natures-cession, POST} route"}
{"timestamp":"2026-10-02 13:35:24","level":"\u001b[32minfo\u001b[39m","context":"RouterExplorer","method":"N/A","correlationId":"N/A","message":"Mapped {/natures-cession/:id, PUT} route"}
{"timestamp":"2026-10-02 13:35:24","level":"\u001b[32minfo\u001b[39m","context":"RouterExplorer","method":"N/A","correlationId":"N/A","message":"Mapped {/natures-cession/:id, DELETE} route"}
{"timestamp":"2026-10-02 13:35:24","level":"\u001b[32minfo\u001b[39m","context":"RoutesResolver","method":"N/A","correlationId":"N/A","message":"RegionController {/regions}:"}
{"timestamp":"2026-10-02 13:35:24","level":"\u001b[32minfo\u001b[39m","context":"RouterExplorer","method":"N/A","correlationId":"N/A","message":"Mapped {/regions, GET} route"}
{"timestamp":"2026-10-02 13:35:24","level":"\u001b[32minfo\u001b[39m","context":"RouterExplorer","method":"N/A","correlationId":"N/A","message":"Mapped {/regions/:id, GET} route"}
{"timestamp":"2026-10-02 13:35:24","level":"\u001b[32minfo\u001b[39m","context":"RouterExplorer","method":"N/A","correlationId":"N/A","message":"Mapped {/regions, POST} route"}
{"timestamp":"2026-10-02 13:35:24","level":"\u001b[32minfo\u001b[39m","context":"RouterExplorer","method":"N/A","correlationId":"N/A","message":"Mapped {/regions/:id, PUT} route"}
{"timestamp":"2026-10-02 13:35:24","level":"\u001b[32minfo\u001b[39m","context":"RouterExplorer","method":"N/A","correlationId":"N/A","message":"Mapped {/regions/:id, DELETE} route"}
{"timestamp":"2026-10-02 13:35:24","level":"\u001b[32minfo\u001b[39m","context":"RoutesResolver","method":"N/A","correlationId":"N/A","message":"PaysController {/pays}:"}
{"timestamp":"2026-10-02 13:35:24","level":"\u001b[32minfo\u001b[39m","context":"RouterExplorer","method":"N/A","correlationId":"N/A","message":"Mapped {/pays, GET} route"}
{"timestamp":"2026-10-02 13:35:24","level":"\u001b[32minfo\u001b[39m","context":"RouterExplorer","method":"N/A","correlationId":"N/A","message":"Mapped {/pays/:id, GET} route"}
{"timestamp":"2026-10-02 13:35:24","level":"\u001b[32minfo\u001b[39m","context":"RouterExplorer","method":"N/A","correlationId":"N/A","message":"Mapped {/pays, POST} route"}
{"timestamp":"2026-10-02 13:35:24","level":"\u001b[32minfo\u001b[39m","context":"RouterExplorer","method":"N/A","correlationId":"N/A","message":"Mapped {/pays/:id, PUT} route"}
{"timestamp":"2026-10-02 13:35:24","level":"\u001b[32minfo\u001b[39m","context":"RouterExplorer","method":"N/A","correlationId":"N/A","message":"Mapped {/pays/:id, DELETE} route"}
{"timestamp":"2026-10-02 13:35:24","level":"\u001b[32minfo\u001b[39m","context":"RoutesResolver","method":"N/A","correlationId":"N/A","message":"ActeurController {/acteurs}:"}
{"timestamp":"2026-10-02 13:35:24","level":"\u001b[32minfo\u001b[39m","context":"RouterExplorer","method":"N/A","correlationId":"N/A","message":"Mapped {/acteurs, GET} route"}
{"timestamp":"2026-10-02 13:35:24","level":"\u001b[32minfo\u001b[39m","context":"RouterExplorer","method":"N/A","correlationId":"N/A","message":"Mapped {/acteurs/:id, GET} route"}
{"timestamp":"2026-10-02 13:35:24","level":"\u001b[32minfo\u001b[39m","context":"RouterExplorer","method":"N/A","correlationId":"N/A","message":"Mapped {/acteurs, POST} route"}
{"timestamp":"2026-10-02 13:35:24","level":"\u001b[32minfo\u001b[39m","context":"RouterExplorer","method":"N/A","correlationId":"N/A","message":"Mapped {/acteurs/:id, PUT} route"}
{"timestamp":"2026-10-02 13:35:24","level":"\u001b[32minfo\u001b[39m","context":"RouterExplorer","method":"N/A","correlationId":"N/A","message":"Mapped {/acteurs/:id, DELETE} route"}
{"timestamp":"2026-10-02 13:35:24","level":"\u001b[32minfo\u001b[39m","context":"RoutesResolver","method":"N/A","correlationId":"N/A","message":"AssureController {/assures}:"}
{"timestamp":"2026-10-02 13:35:24","level":"\u001b[32minfo\u001b[39m","context":"RouterExplorer","method":"N/A","correlationId":"N/A","message":"Mapped {/assures, GET} route"}
{"timestamp":"2026-10-02 13:35:24","level":"\u001b[32minfo\u001b[39m","context":"RouterExplorer","method":"N/A","correlationId":"N/A","message":"Mapped {/assures/:id, GET} route"}
{"timestamp":"2026-10-02 13:35:24","level":"\u001b[32minfo\u001b[39m","context":"RouterExplorer","method":"N/A","correlationId":"N/A","message":"Mapped {/assures, POST} route"}
{"timestamp":"2026-10-02 13:35:24","level":"\u001b[32minfo\u001b[39m","context":"RouterExplorer","method":"N/A","correlationId":"N/A","message":"Mapped {/assures/:id, PUT} route"}
{"timestamp":"2026-10-02 13:35:24","level":"\u001b[32minfo\u001b[39m","context":"RouterExplorer","method":"N/A","correlationId":"N/A","message":"Mapped {/assures/:id, DELETE} route"}
{"timestamp":"2026-10-02 13:35:24","level":"\u001b[32minfo\u001b[39m","context":"RoutesResolver","method":"N/A","correlationId":"N/A","message":"ContactController {/contacts}:"}
{"timestamp":"2026-10-02 13:35:24","level":"\u001b[32minfo\u001b[39m","context":"RouterExplorer","method":"N/A","correlationId":"N/A","message":"Mapped {/contacts, GET} route"}
{"timestamp":"2026-10-02 13:35:24","level":"\u001b[32minfo\u001b[39m","context":"RouterExplorer","method":"N/A","correlationId":"N/A","message":"Mapped {/contacts/:id, GET} route"}
{"timestamp":"2026-10-02 13:35:24","level":"\u001b[32minfo\u001b[39m","context":"RouterExplorer","method":"N/A","correlationId":"N/A","message":"Mapped {/contacts, POST} route"}
{"timestamp":"2026-10-02 13:35:24","level":"\u001b[32minfo\u001b[39m","context":"RouterExplorer","method":"N/A","correlationId":"N/A","message":"Mapped {/contacts/:id, PUT} route"}
{"timestamp":"2026-10-02 13:35:24","level":"\u001b[32minfo\u001b[39m","context":"RouterExplorer","method":"N/A","correlationId":"N/A","message":"Mapped {/contacts/:id, DELETE} route"}
{"timestamp":"2026-10-02 13:35:24","level":"\u001b[32minfo\u001b[39m","context":"RoutesResolver","method":"N/A","correlationId":"N/A","message":"PoliceController {/polices}:"}
{"timestamp":"2026-10-02 13:35:24","level":"\u001b[32minfo\u001b[39m","context":"RouterExplorer","method":"N/A","correlationId":"N/A","message":"Mapped {/polices, GET} route"}
{"timestamp":"2026-10-02 13:35:24","level":"\u001b[32minfo\u001b[39m","context":"RouterExplorer","method":"N/A","correlationId":"N/A","message":"Mapped {/polices/:id, GET} route"}
{"timestamp":"2026-10-02 13:35:24","level":"\u001b[32minfo\u001b[39m","context":"RouterExplorer","method":"N/A","correlationId":"N/A","message":"Mapped {/polices, POST} route"}
{"timestamp":"2026-10-02 13:35:24","level":"\u001b[32minfo\u001b[39m","context":"RouterExplorer","method":"N/A","correlationId":"N/A","message":"Mapped {/polices/:id, PUT} route"}
{"timestamp":"2026-10-02 13:35:24","level":"\u001b[32minfo\u001b[39m","context":"RouterExplorer","method":"N/A","correlationId":"N/A","message":"Mapped {/polices/:id, DELETE} route"}
{"timestamp":"2026-10-02 13:35:24","level":"\u001b[32minfo\u001b[39m","context":"RoutesResolver","method":"N/A","correlationId":"N/A","message":"QuittanceController {/quittances}:"}
{"timestamp":"2026-10-02 13:35:24","level":"\u001b[32minfo\u001b[39m","context":"RouterExplorer","method":"N/A","correlationId":"N/A","message":"Mapped {/quittances, GET} route"}
{"timestamp":"2026-10-02 13:35:24","level":"\u001b[32minfo\u001b[39m","context":"RouterExplorer","method":"N/A","correlationId":"N/A","message":"Mapped {/quittances/:id, GET} route"}
{"timestamp":"2026-10-02 13:35:24","level":"\u001b[32minfo\u001b[39m","context":"RouterExplorer","method":"N/A","correlationId":"N/A","message":"Mapped {/quittances, POST} route"}
{"timestamp":"2026-10-02 13:35:24","level":"\u001b[32minfo\u001b[39m","context":"RouterExplorer","method":"N/A","correlationId":"N/A","message":"Mapped {/quittances/:id, PUT} route"}
{"timestamp":"2026-10-02 13:35:24","level":"\u001b[32minfo\u001b[39m","context":"RouterExplorer","method":"N/A","correlationId":"N/A","message":"Mapped {/quittances/:id/annuler, PATCH} route"}
{"timestamp":"2026-10-02 13:35:24","level":"\u001b[32minfo\u001b[39m","context":"RouterExplorer","method":"N/A","correlationId":"N/A","message":"Mapped {/quittances/:id, DELETE} route"}
{"timestamp":"2026-10-02 13:35:24","level":"\u001b[32minfo\u001b[39m","context":"RoutesResolver","method":"N/A","correlationId":"N/A","message":"QuittanceCessionController {/quittances-cession}:"}
{"timestamp":"2026-10-02 13:35:24","level":"\u001b[32minfo\u001b[39m","context":"RouterExplorer","method":"N/A","correlationId":"N/A","message":"Mapped {/quittances-cession, GET} route"}
{"timestamp":"2026-10-02 13:35:24","level":"\u001b[32minfo\u001b[39m","context":"RouterExplorer","method":"N/A","correlationId":"N/A","message":"Mapped {/quittances-cession/:id, GET} route"}
{"timestamp":"2026-10-02 13:35:24","level":"\u001b[32minfo\u001b[39m","context":"RouterExplorer","method":"N/A","correlationId":"N/A","message":"Mapped {/quittances-cession, POST} route"}
{"timestamp":"2026-10-02 13:35:24","level":"\u001b[32minfo\u001b[39m","context":"RouterExplorer","method":"N/A","correlationId":"N/A","message":"Mapped {/quittances-cession/:id, PUT} route"}
{"timestamp":"2026-10-02 13:35:24","level":"\u001b[32minfo\u001b[39m","context":"RouterExplorer","method":"N/A","correlationId":"N/A","message":"Mapped {/quittances-cession/:id, DELETE} route"}
{"timestamp":"2026-10-02 13:35:24","level":"\u001b[32minfo\u001b[39m","context":"RoutesResolver","method":"N/A","correlationId":"N/A","message":"EcheancePmdController {/echeances-pmd}:"}
{"timestamp":"2026-10-02 13:35:24","level":"\u001b[32minfo\u001b[39m","context":"RouterExplorer","method":"N/A","correlationId":"N/A","message":"Mapped {/echeances-pmd, GET} route"}
{"timestamp":"2026-10-02 13:35:24","level":"\u001b[32minfo\u001b[39m","context":"RouterExplorer","method":"N/A","correlationId":"N/A","message":"Mapped {/echeances-pmd/:id, GET} route"}
{"timestamp":"2026-10-02 13:35:24","level":"\u001b[32minfo\u001b[39m","context":"RouterExplorer","method":"N/A","correlationId":"N/A","message":"Mapped {/echeances-pmd, POST} route"}
{"timestamp":"2026-10-02 13:35:24","level":"\u001b[32minfo\u001b[39m","context":"RouterExplorer","method":"N/A","correlationId":"N/A","message":"Mapped {/echeances-pmd/:id, PUT} route"}
{"timestamp":"2026-10-02 13:35:24","level":"\u001b[32minfo\u001b[39m","context":"RouterExplorer","method":"N/A","correlationId":"N/A","message":"Mapped {/echeances-pmd/:id, DELETE} route"}
{"timestamp":"2026-10-02 13:35:24","level":"\u001b[32minfo\u001b[39m","context":"RoutesResolver","method":"N/A","correlationId":"N/A","message":"BordereauController {/bordereaux}:"}
{"timestamp":"2026-10-02 13:35:24","level":"\u001b[32minfo\u001b[39m","context":"RouterExplorer","method":"N/A","correlationId":"N/A","message":"Mapped {/bordereaux, GET} route"}
{"timestamp":"2026-10-02 13:35:24","level":"\u001b[32minfo\u001b[39m","context":"RouterExplorer","method":"N/A","correlationId":"N/A","message":"Mapped {/bordereaux/:id, GET} route"}
{"timestamp":"2026-10-02 13:35:24","level":"\u001b[32minfo\u001b[39m","context":"RouterExplorer","method":"N/A","correlationId":"N/A","message":"Mapped {/bordereaux, POST} route"}
{"timestamp":"2026-10-02 13:35:24","level":"\u001b[32minfo\u001b[39m","context":"RouterExplorer","method":"N/A","correlationId":"N/A","message":"Mapped {/bordereaux/:id, PUT} route"}
{"timestamp":"2026-10-02 13:35:24","level":"\u001b[32minfo\u001b[39m","context":"RouterExplorer","method":"N/A","correlationId":"N/A","message":"Mapped {/bordereaux/:id, DELETE} route"}
{"timestamp":"2026-10-02 13:35:24","level":"\u001b[32minfo\u001b[39m","context":"RoutesResolver","method":"N/A","correlationId":"N/A","message":"CompteTraiteController {/comptes-traite}:"}
{"timestamp":"2026-10-02 13:35:24","level":"\u001b[32minfo\u001b[39m","context":"RouterExplorer","method":"N/A","correlationId":"N/A","message":"Mapped {/comptes-traite, GET} route"}
{"timestamp":"2026-10-02 13:35:24","level":"\u001b[32minfo\u001b[39m","context":"RouterExplorer","method":"N/A","correlationId":"N/A","message":"Mapped {/comptes-traite/:id, GET} route"}
{"timestamp":"2026-10-02 13:35:24","level":"\u001b[32minfo\u001b[39m","context":"RouterExplorer","method":"N/A","correlationId":"N/A","message":"Mapped {/comptes-traite, POST} route"}
{"timestamp":"2026-10-02 13:35:24","level":"\u001b[32minfo\u001b[39m","context":"RouterExplorer","method":"N/A","correlationId":"N/A","message":"Mapped {/comptes-traite/:id, PUT} route"}
{"timestamp":"2026-10-02 13:35:24","level":"\u001b[32minfo\u001b[39m","context":"RouterExplorer","method":"N/A","correlationId":"N/A","message":"Mapped {/comptes-traite/:id, DELETE} route"}
{"timestamp":"2026-10-02 13:35:24","level":"\u001b[32minfo\u001b[39m","context":"RoutesResolver","method":"N/A","correlationId":"N/A","message":"NoteDebitCreditController {/notes-debit-credit}:"}
{"timestamp":"2026-10-02 13:35:24","level":"\u001b[32minfo\u001b[39m","context":"RouterExplorer","method":"N/A","correlationId":"N/A","message":"Mapped {/notes-debit-credit, GET} route"}
{"timestamp":"2026-10-02 13:35:24","level":"\u001b[32minfo\u001b[39m","context":"RouterExplorer","method":"N/A","correlationId":"N/A","message":"Mapped {/notes-debit-credit/:id, GET} route"}
{"timestamp":"2026-10-02 13:35:24","level":"\u001b[32minfo\u001b[39m","context":"RouterExplorer","method":"N/A","correlationId":"N/A","message":"Mapped {/notes-debit-credit, POST} route"}
{"timestamp":"2026-10-02 13:35:24","level":"\u001b[32minfo\u001b[39m","context":"RouterExplorer","method":"N/A","correlationId":"N/A","message":"Mapped {/notes-debit-credit/:id, PUT} route"}
{"timestamp":"2026-10-02 13:35:24","level":"\u001b[32minfo\u001b[39m","context":"RouterExplorer","method":"N/A","correlationId":"N/A","message":"Mapped {/notes-debit-credit/:id, DELETE} route"}
{"timestamp":"2026-10-02 13:35:24","level":"\u001b[32minfo\u001b[39m","context":"RoutesResolver","method":"N/A","correlationId":"N/A","message":"ReglementController {/reglements}:"}
{"timestamp":"2026-10-02 13:35:24","level":"\u001b[32minfo\u001b[39m","context":"RouterExplorer","method":"N/A","correlationId":"N/A","message":"Mapped {/reglements, GET} route"}
{"timestamp":"2026-10-02 13:35:24","level":"\u001b[32minfo\u001b[39m","context":"RouterExplorer","method":"N/A","correlationId":"N/A","message":"Mapped {/reglements/:id, GET} route"}
{"timestamp":"2026-10-02 13:35:24","level":"\u001b[32minfo\u001b[39m","context":"RouterExplorer","method":"N/A","correlationId":"N/A","message":"Mapped {/reglements, POST} route"}
{"timestamp":"2026-10-02 13:35:24","level":"\u001b[32minfo\u001b[39m","context":"RouterExplorer","method":"N/A","correlationId":"N/A","message":"Mapped {/reglements/:id, PUT} route"}
{"timestamp":"2026-10-02 13:35:24","level":"\u001b[32minfo\u001b[39m","context":"RouterExplorer","method":"N/A","correlationId":"N/A","message":"Mapped {/reglements/:id, DELETE} route"}
{"timestamp":"2026-10-02 13:35:24","level":"\u001b[32minfo\u001b[39m","context":"RoutesResolver","method":"N/A","correlationId":"N/A","message":"SinistreStatutController {/sinistre-statuts}:"}
{"timestamp":"2026-10-02 13:35:24","level":"\u001b[32minfo\u001b[39m","context":"RouterExplorer","method":"N/A","correlationId":"N/A","message":"Mapped {/sinistre-statuts, GET} route"}
{"timestamp":"2026-10-02 13:35:24","level":"\u001b[32minfo\u001b[39m","context":"RouterExplorer","method":"N/A","correlationId":"N/A","message":"Mapped {/sinistre-statuts/:id, GET} route"}
{"timestamp":"2026-10-02 13:35:24","level":"\u001b[32minfo\u001b[39m","context":"RouterExplorer","method":"N/A","correlationId":"N/A","message":"Mapped {/sinistre-statuts, POST} route"}
{"timestamp":"2026-10-02 13:35:24","level":"\u001b[32minfo\u001b[39m","context":"RouterExplorer","method":"N/A","correlationId":"N/A","message":"Mapped {/sinistre-statuts/:id, PUT} route"}
{"timestamp":"2026-10-02 13:35:24","level":"\u001b[32minfo\u001b[39m","context":"RouterExplorer","method":"N/A","correlationId":"N/A","message":"Mapped {/sinistre-statuts/:id, DELETE} route"}
{"timestamp":"2026-10-02 13:35:24","level":"\u001b[32minfo\u001b[39m","context":"RoutesResolver","method":"N/A","correlationId":"N/A","message":"SinistreTypeEvaluationController {/sinistres-types-evaluation}:"}
{"timestamp":"2026-10-02 13:35:24","level":"\u001b[32minfo\u001b[39m","context":"RouterExplorer","method":"N/A","correlationId":"N/A","message":"Mapped {/sinistres-types-evaluation, GET} route"}
{"timestamp":"2026-10-02 13:35:24","level":"\u001b[32minfo\u001b[39m","context":"RouterExplorer","method":"N/A","correlationId":"N/A","message":"Mapped {/sinistres-types-evaluation/:id, GET} route"}
{"timestamp":"2026-10-02 13:35:24","level":"\u001b[32minfo\u001b[39m","context":"RouterExplorer","method":"N/A","correlationId":"N/A","message":"Mapped {/sinistres-types-evaluation, POST} route"}
{"timestamp":"2026-10-02 13:35:24","level":"\u001b[32minfo\u001b[39m","context":"RouterExplorer","method":"N/A","correlationId":"N/A","message":"Mapped {/sinistres-types-evaluation/:id, PUT} route"}
{"timestamp":"2026-10-02 13:35:24","level":"\u001b[32minfo\u001b[39m","context":"RouterExplorer","method":"N/A","correlationId":"N/A","message":"Mapped {/sinistres-types-evaluation/:id, DELETE} route"}
{"timestamp":"2026-10-02 13:35:24","level":"\u001b[32minfo\u001b[39m","context":"RoutesResolver","method":"N/A","correlationId":"N/A","message":"SinistreController {/sinistre}:"}
{"timestamp":"2026-10-02 13:35:24","level":"\u001b[32minfo\u001b[39m","context":"RouterExplorer","method":"N/A","correlationId":"N/A","message":"Mapped {/sinistre, GET} route"}
{"timestamp":"2026-10-02 13:35:24","level":"\u001b[32minfo\u001b[39m","context":"RouterExplorer","method":"N/A","correlationId":"N/A","message":"Mapped {/sinistre/:id, GET} route"}
{"timestamp":"2026-10-02 13:35:24","level":"\u001b[32minfo\u001b[39m","context":"RouterExplorer","method":"N/A","correlationId":"N/A","message":"Mapped {/sinistre, POST} route"}
{"timestamp":"2026-10-02 13:35:24","level":"\u001b[32minfo\u001b[39m","context":"RouterExplorer","method":"N/A","correlationId":"N/A","message":"Mapped {/sinistre/:id, PUT} route"}
{"timestamp":"2026-10-02 13:35:24","level":"\u001b[32minfo\u001b[39m","context":"RouterExplorer","method":"N/A","correlationId":"N/A","message":"Mapped {/sinistre/:id, DELETE} route"}
{"timestamp":"2026-10-02 13:35:24","level":"\u001b[32minfo\u001b[39m","context":"RoutesResolver","method":"N/A","correlationId":"N/A","message":"SinistreEvaluationController {/sinistres-evaluations}:"}
{"timestamp":"2026-10-02 13:35:24","level":"\u001b[32minfo\u001b[39m","context":"RouterExplorer","method":"N/A","correlationId":"N/A","message":"Mapped {/sinistres-evaluations, GET} route"}
{"timestamp":"2026-10-02 13:35:24","level":"\u001b[32minfo\u001b[39m","context":"RouterExplorer","method":"N/A","correlationId":"N/A","message":"Mapped {/sinistres-evaluations/:id, GET} route"}
{"timestamp":"2026-10-02 13:35:24","level":"\u001b[32minfo\u001b[39m","context":"RouterExplorer","method":"N/A","correlationId":"N/A","message":"Mapped {/sinistres-evaluations, POST} route"}
{"timestamp":"2026-10-02 13:35:24","level":"\u001b[32minfo\u001b[39m","context":"RouterExplorer","method":"N/A","correlationId":"N/A","message":"Mapped {/sinistres-evaluations/:id, PUT} route"}
{"timestamp":"2026-10-02 13:35:24","level":"\u001b[32minfo\u001b[39m","context":"RouterExplorer","method":"N/A","correlationId":"N/A","message":"Mapped {/sinistres-evaluations/:id, DELETE} route"}
{"timestamp":"2026-10-02 13:35:24","level":"\u001b[32minfo\u001b[39m","context":"RoutesResolver","method":"N/A","correlationId":"N/A","message":"SinistreReglementController {/sinistres-reglements}:"}
{"timestamp":"2026-10-02 13:35:24","level":"\u001b[32minfo\u001b[39m","context":"RouterExplorer","method":"N/A","correlationId":"N/A","message":"Mapped {/sinistres-reglements, GET} route"}
{"timestamp":"2026-10-02 13:35:24","level":"\u001b[32minfo\u001b[39m","context":"RouterExplorer","method":"N/A","correlationId":"N/A","message":"Mapped {/sinistres-reglements/:id, GET} route"}
{"timestamp":"2026-10-02 13:35:24","level":"\u001b[32minfo\u001b[39m","context":"RouterExplorer","method":"N/A","correlationId":"N/A","message":"Mapped {/sinistres-reglements, POST} route"}
{"timestamp":"2026-10-02 13:35:24","level":"\u001b[32minfo\u001b[39m","context":"RouterExplorer","method":"N/A","correlationId":"N/A","message":"Mapped {/sinistres-reglements/:id, PUT} route"}
{"timestamp":"2026-10-02 13:35:24","level":"\u001b[32minfo\u001b[39m","context":"RouterExplorer","method":"N/A","correlationId":"N/A","message":"Mapped {/sinistres-reglements/:id, DELETE} route"}
{"timestamp":"2026-10-02 13:35:24","level":"\u001b[32minfo\u001b[39m","context":"NestApplication","method":"N/A","correlationId":"N/A","message":"Nest application successfully started"}
{"timestamp":"2026-10-02 13:53:43","level":"\u001b[32minfo\u001b[39m","context":"NestFactory","method":"N/A","correlationId":"N/A","message":"Starting Nest application..."}
{"timestamp":"2026-10-02 13:53:43","level":"\u001b[32minfo\u001b[39m","context":"InstanceLoader","method":"N/A","correlationId":"N/A","message":"TypeOrmModule dependencies initialized"}
{"timestamp":"2026-10-02 13:53:43","level":"\u001b[32minfo\u001b[39m","context":"InstanceLoader","method":"N/A","correlationId":"N/A","message":"ClsModule dependencies initialized"}
{"timestamp":"2026-10-02 13:53:43","level":"\u001b[32minfo\u001b[39m","context":"InstanceLoader","method":"N/A","correlationId":"N/A","message":"ClsCommonModule dependencies initialized"}
{"timestamp":"2026-10-02 13:53:43","level":"\u001b[32minfo\u001b[39m","context":"InstanceLoader","method":"N/A","correlationId":"N/A","message":"ClsModule dependencies initialized"}
{"timestamp":"2026-10-02 13:53:43","level":"\u001b[32minfo\u001b[39m","context":"InstanceLoader","method":"N/A","correlationId":"N/A","message":"ConfigHostModule dependencies initialized"}
{"timestamp":"2026-10-02 13:53:43","level":"\u001b[32minfo\u001b[39m","context":"InstanceLoader","method":"N/A","correlationId":"N/A","message":"DiscoveryModule dependencies initialized"}
{"timestamp":"2026-10-02 13:53:43","level":"\u001b[32minfo\u001b[39m","context":"InstanceLoader","method":"N/A","correlationId":"N/A","message":"ClsRootModule dependencies initialized"}
{"timestamp":"2026-10-02 13:53:43","level":"\u001b[32minfo\u001b[39m","context":"InstanceLoader","method":"N/A","correlationId":"N/A","message":"AppModule dependencies initialized"}
{"timestamp":"2026-10-02 13:53:43","level":"\u001b[32minfo\u001b[39m","context":"InstanceLoader","method":"N/A","correlationId":"N/A","message":"ConfigModule dependencies initialized"}
{"timestamp":"2026-10-02 13:53:43","level":"\u001b[32minfo\u001b[39m","context":"InstanceLoader","method":"N/A","correlationId":"N/A","message":"ClsPluginsModule dependencies initialized"}
{"timestamp":"2026-10-02 13:53:43","level":"\u001b[32minfo\u001b[39m","context":"InstanceLoader","method":"N/A","correlationId":"N/A","message":"TypeOrmCoreModule dependencies initialized"}
{"timestamp":"2026-10-02 13:53:43","level":"\u001b[32minfo\u001b[39m","context":"InstanceLoader","method":"N/A","correlationId":"N/A","message":"TypeOrmModule dependencies initialized"}
{"timestamp":"2026-10-02 13:53:43","level":"\u001b[32minfo\u001b[39m","context":"InstanceLoader","method":"N/A","correlationId":"N/A","message":"TypeOrmModule dependencies initialized"}
{"timestamp":"2026-10-02 13:53:43","level":"\u001b[32minfo\u001b[39m","context":"InstanceLoader","method":"N/A","correlationId":"N/A","message":"TypeOrmModule dependencies initialized"}
{"timestamp":"2026-10-02 13:53:43","level":"\u001b[32minfo\u001b[39m","context":"InstanceLoader","method":"N/A","correlationId":"N/A","message":"TypeOrmModule dependencies initialized"}
{"timestamp":"2026-10-02 13:53:43","level":"\u001b[32minfo\u001b[39m","context":"InstanceLoader","method":"N/A","correlationId":"N/A","message":"TypeOrmModule dependencies initialized"}
{"timestamp":"2026-10-02 13:53:43","level":"\u001b[32minfo\u001b[39m","context":"InstanceLoader","method":"N/A","correlationId":"N/A","message":"TypeOrmModule dependencies initialized"}
{"timestamp":"2026-10-02 13:53:43","level":"\u001b[32minfo\u001b[39m","context":"InstanceLoader","method":"N/A","correlationId":"N/A","message":"ClsPluginModule dependencies initialized"}
{"timestamp":"2026-10-02 13:53:43","level":"\u001b[32minfo\u001b[39m","context":"InstanceLoader","method":"N/A","correlationId":"N/A","message":"ActeursModule dependencies initialized"}
{"timestamp":"2026-10-02 13:53:43","level":"\u001b[32minfo\u001b[39m","context":"InstanceLoader","method":"N/A","correlationId":"N/A","message":"ReferentielModule dependencies initialized"}
{"timestamp":"2026-10-02 13:53:43","level":"\u001b[32minfo\u001b[39m","context":"InstanceLoader","method":"N/A","correlationId":"N/A","message":"PolicesModule dependencies initialized"}
{"timestamp":"2026-10-02 13:53:43","level":"\u001b[32minfo\u001b[39m","context":"InstanceLoader","method":"N/A","correlationId":"N/A","message":"FluxFinancierModule dependencies initialized"}
{"timestamp":"2026-10-02 13:53:43","level":"\u001b[32minfo\u001b[39m","context":"InstanceLoader","method":"N/A","correlationId":"N/A","message":"SinistresModule dependencies initialized"}
{"timestamp":"2026-10-02 13:53:43","level":"\u001b[32minfo\u001b[39m","context":"InstanceLoader","method":"N/A","correlationId":"N/A","message":"QuittancesModule dependencies initialized"}
{"timestamp":"2026-10-02 13:53:43","level":"\u001b[32minfo\u001b[39m","context":"RoutesResolver","method":"N/A","correlationId":"N/A","message":"BrancheController {/branches}:"}
{"timestamp":"2026-10-02 13:53:43","level":"\u001b[32minfo\u001b[39m","context":"RouterExplorer","method":"N/A","correlationId":"N/A","message":"Mapped {/branches, GET} route"}
{"timestamp":"2026-10-02 13:53:43","level":"\u001b[32minfo\u001b[39m","context":"RouterExplorer","method":"N/A","correlationId":"N/A","message":"Mapped {/branches/:id, GET} route"}
{"timestamp":"2026-10-02 13:53:43","level":"\u001b[32minfo\u001b[39m","context":"RouterExplorer","method":"N/A","correlationId":"N/A","message":"Mapped {/branches, POST} route"}
{"timestamp":"2026-10-02 13:53:43","level":"\u001b[32minfo\u001b[39m","context":"RouterExplorer","method":"N/A","correlationId":"N/A","message":"Mapped {/branches/:id, PUT} route"}
{"timestamp":"2026-10-02 13:53:43","level":"\u001b[32minfo\u001b[39m","context":"RouterExplorer","method":"N/A","correlationId":"N/A","message":"Mapped {/branches/:id, DELETE} route"}
{"timestamp":"2026-10-02 13:53:43","level":"\u001b[32minfo\u001b[39m","context":"RoutesResolver","method":"N/A","correlationId":"N/A","message":"SousBrancheController {/sous-branches}:"}
{"timestamp":"2026-10-02 13:53:43","level":"\u001b[32minfo\u001b[39m","context":"RouterExplorer","method":"N/A","correlationId":"N/A","message":"Mapped {/sous-branches, GET} route"}
{"timestamp":"2026-10-02 13:53:43","level":"\u001b[32minfo\u001b[39m","context":"RouterExplorer","method":"N/A","correlationId":"N/A","message":"Mapped {/sous-branches/:id, GET} route"}
{"timestamp":"2026-10-02 13:53:43","level":"\u001b[32minfo\u001b[39m","context":"RouterExplorer","method":"N/A","correlationId":"N/A","message":"Mapped {/sous-branches, POST} route"}
{"timestamp":"2026-10-02 13:53:43","level":"\u001b[32minfo\u001b[39m","context":"RouterExplorer","method":"N/A","correlationId":"N/A","message":"Mapped {/sous-branches/:id, PUT} route"}
{"timestamp":"2026-10-02 13:53:43","level":"\u001b[32minfo\u001b[39m","context":"RouterExplorer","method":"N/A","correlationId":"N/A","message":"Mapped {/sous-branches/:id, DELETE} route"}
{"timestamp":"2026-10-02 13:53:43","level":"\u001b[32minfo\u001b[39m","context":"RoutesResolver","method":"N/A","correlationId":"N/A","message":"DomaineActiviteController {/domaines-activite}:"}
{"timestamp":"2026-10-02 13:53:43","level":"\u001b[32minfo\u001b[39m","context":"RouterExplorer","method":"N/A","correlationId":"N/A","message":"Mapped {/domaines-activite, GET} route"}
{"timestamp":"2026-10-02 13:53:43","level":"\u001b[32minfo\u001b[39m","context":"RouterExplorer","method":"N/A","correlationId":"N/A","message":"Mapped {/domaines-activite/:id, GET} route"}
{"timestamp":"2026-10-02 13:53:43","level":"\u001b[32minfo\u001b[39m","context":"RouterExplorer","method":"N/A","correlationId":"N/A","message":"Mapped {/domaines-activite, POST} route"}
{"timestamp":"2026-10-02 13:53:43","level":"\u001b[32minfo\u001b[39m","context":"RouterExplorer","method":"N/A","correlationId":"N/A","message":"Mapped {/domaines-activite/:id, PUT} route"}
{"timestamp":"2026-10-02 13:53:43","level":"\u001b[32minfo\u001b[39m","context":"RouterExplorer","method":"N/A","correlationId":"N/A","message":"Mapped {/domaines-activite/:id, DELETE} route"}
{"timestamp":"2026-10-02 13:53:43","level":"\u001b[32minfo\u001b[39m","context":"RoutesResolver","method":"N/A","correlationId":"N/A","message":"CampagneController {/campagnes}:"}
{"timestamp":"2026-10-02 13:53:43","level":"\u001b[32minfo\u001b[39m","context":"RouterExplorer","method":"N/A","correlationId":"N/A","message":"Mapped {/campagnes, GET} route"}
{"timestamp":"2026-10-02 13:53:43","level":"\u001b[32minfo\u001b[39m","context":"RouterExplorer","method":"N/A","correlationId":"N/A","message":"Mapped {/campagnes/:id, GET} route"}
{"timestamp":"2026-10-02 13:53:43","level":"\u001b[32minfo\u001b[39m","context":"RouterExplorer","method":"N/A","correlationId":"N/A","message":"Mapped {/campagnes, POST} route"}
{"timestamp":"2026-10-02 13:53:43","level":"\u001b[32minfo\u001b[39m","context":"RouterExplorer","method":"N/A","correlationId":"N/A","message":"Mapped {/campagnes/:id, PUT} route"}
{"timestamp":"2026-10-02 13:53:43","level":"\u001b[32minfo\u001b[39m","context":"RouterExplorer","method":"N/A","correlationId":"N/A","message":"Mapped {/campagnes/:id, DELETE} route"}
{"timestamp":"2026-10-02 13:53:43","level":"\u001b[32minfo\u001b[39m","context":"RoutesResolver","method":"N/A","correlationId":"N/A","message":"MouvementController {/mouvements}:"}
{"timestamp":"2026-10-02 13:53:43","level":"\u001b[32minfo\u001b[39m","context":"RouterExplorer","method":"N/A","correlationId":"N/A","message":"Mapped {/mouvements, GET} route"}
{"timestamp":"2026-10-02 13:53:43","level":"\u001b[32minfo\u001b[39m","context":"RouterExplorer","method":"N/A","correlationId":"N/A","message":"Mapped {/mouvements/:id, GET} route"}
{"timestamp":"2026-10-02 13:53:43","level":"\u001b[32minfo\u001b[39m","context":"RouterExplorer","method":"N/A","correlationId":"N/A","message":"Mapped {/mouvements, POST} route"}
{"timestamp":"2026-10-02 13:53:43","level":"\u001b[32minfo\u001b[39m","context":"RouterExplorer","method":"N/A","correlationId":"N/A","message":"Mapped {/mouvements/:id, PUT} route"}
{"timestamp":"2026-10-02 13:53:43","level":"\u001b[32minfo\u001b[39m","context":"RouterExplorer","method":"N/A","correlationId":"N/A","message":"Mapped {/mouvements/:id, DELETE} route"}
{"timestamp":"2026-10-02 13:53:43","level":"\u001b[32minfo\u001b[39m","context":"RoutesResolver","method":"N/A","correlationId":"N/A","message":"CompteTypeController {/compte-types}:"}
{"timestamp":"2026-10-02 13:53:43","level":"\u001b[32minfo\u001b[39m","context":"RouterExplorer","method":"N/A","correlationId":"N/A","message":"Mapped {/compte-types, GET} route"}
{"timestamp":"2026-10-02 13:53:43","level":"\u001b[32minfo\u001b[39m","context":"RouterExplorer","method":"N/A","correlationId":"N/A","message":"Mapped {/compte-types/:id, GET} route"}
{"timestamp":"2026-10-02 13:53:43","level":"\u001b[32minfo\u001b[39m","context":"RouterExplorer","method":"N/A","correlationId":"N/A","message":"Mapped {/compte-types, POST} route"}
{"timestamp":"2026-10-02 13:53:43","level":"\u001b[32minfo\u001b[39m","context":"RouterExplorer","method":"N/A","correlationId":"N/A","message":"Mapped {/compte-types/:id, PUT} route"}
{"timestamp":"2026-10-02 13:53:43","level":"\u001b[32minfo\u001b[39m","context":"RouterExplorer","method":"N/A","correlationId":"N/A","message":"Mapped {/compte-types/:id, DELETE} route"}
{"timestamp":"2026-10-02 13:53:43","level":"\u001b[32minfo\u001b[39m","context":"RoutesResolver","method":"N/A","correlationId":"N/A","message":"NatureCessionController {/natures-cession}:"}
{"timestamp":"2026-10-02 13:53:43","level":"\u001b[32minfo\u001b[39m","context":"RouterExplorer","method":"N/A","correlationId":"N/A","message":"Mapped {/natures-cession, GET} route"}
{"timestamp":"2026-10-02 13:53:43","level":"\u001b[32minfo\u001b[39m","context":"RouterExplorer","method":"N/A","correlationId":"N/A","message":"Mapped {/natures-cession/:id, GET} route"}
{"timestamp":"2026-10-02 13:53:43","level":"\u001b[32minfo\u001b[39m","context":"RouterExplorer","method":"N/A","correlationId":"N/A","message":"Mapped {/natures-cession, POST} route"}
{"timestamp":"2026-10-02 13:53:43","level":"\u001b[32minfo\u001b[39m","context":"RouterExplorer","method":"N/A","correlationId":"N/A","message":"Mapped {/natures-cession/:id, PUT} route"}
{"timestamp":"2026-10-02 13:53:43","level":"\u001b[32minfo\u001b[39m","context":"RouterExplorer","method":"N/A","correlationId":"N/A","message":"Mapped {/natures-cession/:id, DELETE} route"}
{"timestamp":"2026-10-02 13:53:43","level":"\u001b[32minfo\u001b[39m","context":"RoutesResolver","method":"N/A","correlationId":"N/A","message":"RegionController {/regions}:"}
{"timestamp":"2026-10-02 13:53:43","level":"\u001b[32minfo\u001b[39m","context":"RouterExplorer","method":"N/A","correlationId":"N/A","message":"Mapped {/regions, GET} route"}
{"timestamp":"2026-10-02 13:53:43","level":"\u001b[32minfo\u001b[39m","context":"RouterExplorer","method":"N/A","correlationId":"N/A","message":"Mapped {/regions/:id, GET} route"}
{"timestamp":"2026-10-02 13:53:43","level":"\u001b[32minfo\u001b[39m","context":"RouterExplorer","method":"N/A","correlationId":"N/A","message":"Mapped {/regions, POST} route"}
{"timestamp":"2026-10-02 13:53:43","level":"\u001b[32minfo\u001b[39m","context":"RouterExplorer","method":"N/A","correlationId":"N/A","message":"Mapped {/regions/:id, PUT} route"}
{"timestamp":"2026-10-02 13:53:43","level":"\u001b[32minfo\u001b[39m","context":"RouterExplorer","method":"N/A","correlationId":"N/A","message":"Mapped {/regions/:id, DELETE} route"}
{"timestamp":"2026-10-02 13:53:43","level":"\u001b[32minfo\u001b[39m","context":"RoutesResolver","method":"N/A","correlationId":"N/A","message":"PaysController {/pays}:"}
{"timestamp":"2026-10-02 13:53:43","level":"\u001b[32minfo\u001b[39m","context":"RouterExplorer","method":"N/A","correlationId":"N/A","message":"Mapped {/pays, GET} route"}
{"timestamp":"2026-10-02 13:53:43","level":"\u001b[32minfo\u001b[39m","context":"RouterExplorer","method":"N/A","correlationId":"N/A","message":"Mapped {/pays/:id, GET} route"}
{"timestamp":"2026-10-02 13:53:43","level":"\u001b[32minfo\u001b[39m","context":"RouterExplorer","method":"N/A","correlationId":"N/A","message":"Mapped {/pays, POST} route"}
{"timestamp":"2026-10-02 13:53:43","level":"\u001b[32minfo\u001b[39m","context":"RouterExplorer","method":"N/A","correlationId":"N/A","message":"Mapped {/pays/:id, PUT} route"}
{"timestamp":"2026-10-02 13:53:43","level":"\u001b[32minfo\u001b[39m","context":"RouterExplorer","method":"N/A","correlationId":"N/A","message":"Mapped {/pays/:id, DELETE} route"}
{"timestamp":"2026-10-02 13:53:43","level":"\u001b[32minfo\u001b[39m","context":"RoutesResolver","method":"N/A","correlationId":"N/A","message":"ActeurController {/acteurs}:"}
{"timestamp":"2026-10-02 13:53:43","level":"\u001b[32minfo\u001b[39m","context":"RouterExplorer","method":"N/A","correlationId":"N/A","message":"Mapped {/acteurs, GET} route"}
{"timestamp":"2026-10-02 13:53:43","level":"\u001b[32minfo\u001b[39m","context":"RouterExplorer","method":"N/A","correlationId":"N/A","message":"Mapped {/acteurs/:id, GET} route"}
{"timestamp":"2026-10-02 13:53:43","level":"\u001b[32minfo\u001b[39m","context":"RouterExplorer","method":"N/A","correlationId":"N/A","message":"Mapped {/acteurs, POST} route"}
{"timestamp":"2026-10-02 13:53:43","level":"\u001b[32minfo\u001b[39m","context":"RouterExplorer","method":"N/A","correlationId":"N/A","message":"Mapped {/acteurs/:id, PUT} route"}
{"timestamp":"2026-10-02 13:53:43","level":"\u001b[32minfo\u001b[39m","context":"RouterExplorer","method":"N/A","correlationId":"N/A","message":"Mapped {/acteurs/:id, DELETE} route"}
{"timestamp":"2026-10-02 13:53:43","level":"\u001b[32minfo\u001b[39m","context":"RoutesResolver","method":"N/A","correlationId":"N/A","message":"AssureController {/assures}:"}
{"timestamp":"2026-10-02 13:53:43","level":"\u001b[32minfo\u001b[39m","context":"RouterExplorer","method":"N/A","correlationId":"N/A","message":"Mapped {/assures, GET} route"}
{"timestamp":"2026-10-02 13:53:43","level":"\u001b[32minfo\u001b[39m","context":"RouterExplorer","method":"N/A","correlationId":"N/A","message":"Mapped {/assures/:id, GET} route"}
{"timestamp":"2026-10-02 13:53:43","level":"\u001b[32minfo\u001b[39m","context":"RouterExplorer","method":"N/A","correlationId":"N/A","message":"Mapped {/assures, POST} route"}
{"timestamp":"2026-10-02 13:53:43","level":"\u001b[32minfo\u001b[39m","context":"RouterExplorer","method":"N/A","correlationId":"N/A","message":"Mapped {/assures/:id, PUT} route"}
{"timestamp":"2026-10-02 13:53:43","level":"\u001b[32minfo\u001b[39m","context":"RouterExplorer","method":"N/A","correlationId":"N/A","message":"Mapped {/assures/:id, DELETE} route"}
{"timestamp":"2026-10-02 13:53:43","level":"\u001b[32minfo\u001b[39m","context":"RoutesResolver","method":"N/A","correlationId":"N/A","message":"ContactController {/contacts}:"}
{"timestamp":"2026-10-02 13:53:43","level":"\u001b[32minfo\u001b[39m","context":"RouterExplorer","method":"N/A","correlationId":"N/A","message":"Mapped {/contacts, GET} route"}
{"timestamp":"2026-10-02 13:53:43","level":"\u001b[32minfo\u001b[39m","context":"RouterExplorer","method":"N/A","correlationId":"N/A","message":"Mapped {/contacts/:id, GET} route"}
{"timestamp":"2026-10-02 13:53:43","level":"\u001b[32minfo\u001b[39m","context":"RouterExplorer","method":"N/A","correlationId":"N/A","message":"Mapped {/contacts, POST} route"}
{"timestamp":"2026-10-02 13:53:43","level":"\u001b[32minfo\u001b[39m","context":"RouterExplorer","method":"N/A","correlationId":"N/A","message":"Mapped {/contacts/:id, PUT} route"}
{"timestamp":"2026-10-02 13:53:43","level":"\u001b[32minfo\u001b[39m","context":"RouterExplorer","method":"N/A","correlationId":"N/A","message":"Mapped {/contacts/:id, DELETE} route"}
{"timestamp":"2026-10-02 13:53:43","level":"\u001b[32minfo\u001b[39m","context":"RoutesResolver","method":"N/A","correlationId":"N/A","message":"PoliceController {/polices}:"}
{"timestamp":"2026-10-02 13:53:43","level":"\u001b[32minfo\u001b[39m","context":"RouterExplorer","method":"N/A","correlationId":"N/A","message":"Mapped {/polices, GET} route"}
{"timestamp":"2026-10-02 13:53:43","level":"\u001b[32minfo\u001b[39m","context":"RouterExplorer","method":"N/A","correlationId":"N/A","message":"Mapped {/polices/:id, GET} route"}
{"timestamp":"2026-10-02 13:53:43","level":"\u001b[32minfo\u001b[39m","context":"RouterExplorer","method":"N/A","correlationId":"N/A","message":"Mapped {/polices, POST} route"}
{"timestamp":"2026-10-02 13:53:43","level":"\u001b[32minfo\u001b[39m","context":"RouterExplorer","method":"N/A","correlationId":"N/A","message":"Mapped {/polices/:id, PUT} route"}
{"timestamp":"2026-10-02 13:53:43","level":"\u001b[32minfo\u001b[39m","context":"RouterExplorer","method":"N/A","correlationId":"N/A","message":"Mapped {/polices/:id, DELETE} route"}
{"timestamp":"2026-10-02 13:53:43","level":"\u001b[32minfo\u001b[39m","context":"RoutesResolver","method":"N/A","correlationId":"N/A","message":"QuittanceController {/quittances}:"}
{"timestamp":"2026-10-02 13:53:43","level":"\u001b[32minfo\u001b[39m","context":"RouterExplorer","method":"N/A","correlationId":"N/A","message":"Mapped {/quittances, GET} route"}
{"timestamp":"2026-10-02 13:53:43","level":"\u001b[32minfo\u001b[39m","context":"RouterExplorer","method":"N/A","correlationId":"N/A","message":"Mapped {/quittances/:id, GET} route"}
{"timestamp":"2026-10-02 13:53:43","level":"\u001b[32minfo\u001b[39m","context":"RouterExplorer","method":"N/A","correlationId":"N/A","message":"Mapped {/quittances, POST} route"}
{"timestamp":"2026-10-02 13:53:43","level":"\u001b[32minfo\u001b[39m","context":"RouterExplorer","method":"N/A","correlationId":"N/A","message":"Mapped {/quittances/:id, PUT} route"}
{"timestamp":"2026-10-02 13:53:43","level":"\u001b[32minfo\u001b[39m","context":"RouterExplorer","method":"N/A","correlationId":"N/A","message":"Mapped {/quittances/:id/annuler, PATCH} route"}
{"timestamp":"2026-10-02 13:53:43","level":"\u001b[32minfo\u001b[39m","context":"RouterExplorer","method":"N/A","correlationId":"N/A","message":"Mapped {/quittances/:id, DELETE} route"}
{"timestamp":"2026-10-02 13:53:43","level":"\u001b[32minfo\u001b[39m","context":"RoutesResolver","method":"N/A","correlationId":"N/A","message":"QuittanceCessionController {/quittances-cession}:"}
{"timestamp":"2026-10-02 13:53:43","level":"\u001b[32minfo\u001b[39m","context":"RouterExplorer","method":"N/A","correlationId":"N/A","message":"Mapped {/quittances-cession, GET} route"}
{"timestamp":"2026-10-02 13:53:43","level":"\u001b[32minfo\u001b[39m","context":"RouterExplorer","method":"N/A","correlationId":"N/A","message":"Mapped {/quittances-cession/:id, GET} route"}
{"timestamp":"2026-10-02 13:53:43","level":"\u001b[32minfo\u001b[39m","context":"RouterExplorer","method":"N/A","correlationId":"N/A","message":"Mapped {/quittances-cession, POST} route"}
{"timestamp":"2026-10-02 13:53:43","level":"\u001b[32minfo\u001b[39m","context":"RouterExplorer","method":"N/A","correlationId":"N/A","message":"Mapped {/quittances-cession/:id, PUT} route"}
{"timestamp":"2026-10-02 13:53:43","level":"\u001b[32minfo\u001b[39m","context":"RouterExplorer","method":"N/A","correlationId":"N/A","message":"Mapped {/quittances-cession/:id, DELETE} route"}
{"timestamp":"2026-10-02 13:53:43","level":"\u001b[32minfo\u001b[39m","context":"RoutesResolver","method":"N/A","correlationId":"N/A","message":"EcheancePmdController {/echeances-pmd}:"}
{"timestamp":"2026-10-02 13:53:43","level":"\u001b[32minfo\u001b[39m","context":"RouterExplorer","method":"N/A","correlationId":"N/A","message":"Mapped {/echeances-pmd, GET} route"}
{"timestamp":"2026-10-02 13:53:43","level":"\u001b[32minfo\u001b[39m","context":"RouterExplorer","method":"N/A","correlationId":"N/A","message":"Mapped {/echeances-pmd/:id, GET} route"}
{"timestamp":"2026-10-02 13:53:43","level":"\u001b[32minfo\u001b[39m","context":"RouterExplorer","method":"N/A","correlationId":"N/A","message":"Mapped {/echeances-pmd, POST} route"}
{"timestamp":"2026-10-02 13:53:43","level":"\u001b[32minfo\u001b[39m","context":"RouterExplorer","method":"N/A","correlationId":"N/A","message":"Mapped {/echeances-pmd/:id, PUT} route"}
{"timestamp":"2026-10-02 13:53:43","level":"\u001b[32minfo\u001b[39m","context":"RouterExplorer","method":"N/A","correlationId":"N/A","message":"Mapped {/echeances-pmd/:id, DELETE} route"}
{"timestamp":"2026-10-02 13:53:43","level":"\u001b[32minfo\u001b[39m","context":"RoutesResolver","method":"N/A","correlationId":"N/A","message":"BordereauController {/bordereaux}:"}
{"timestamp":"2026-10-02 13:53:43","level":"\u001b[32minfo\u001b[39m","context":"RouterExplorer","method":"N/A","correlationId":"N/A","message":"Mapped {/bordereaux, GET} route"}
{"timestamp":"2026-10-02 13:53:43","level":"\u001b[32minfo\u001b[39m","context":"RouterExplorer","method":"N/A","correlationId":"N/A","message":"Mapped {/bordereaux/:id, GET} route"}
{"timestamp":"2026-10-02 13:53:43","level":"\u001b[32minfo\u001b[39m","context":"RouterExplorer","method":"N/A","correlationId":"N/A","message":"Mapped {/bordereaux, POST} route"}
{"timestamp":"2026-10-02 13:53:43","level":"\u001b[32minfo\u001b[39m","context":"RouterExplorer","method":"N/A","correlationId":"N/A","message":"Mapped {/bordereaux/:id, PUT} route"}
{"timestamp":"2026-10-02 13:53:43","level":"\u001b[32minfo\u001b[39m","context":"RouterExplorer","method":"N/A","correlationId":"N/A","message":"Mapped {/bordereaux/:id, DELETE} route"}
{"timestamp":"2026-10-02 13:53:43","level":"\u001b[32minfo\u001b[39m","context":"RoutesResolver","method":"N/A","correlationId":"N/A","message":"CompteTraiteController {/comptes-traite}:"}
{"timestamp":"2026-10-02 13:53:43","level":"\u001b[32minfo\u001b[39m","context":"RouterExplorer","method":"N/A","correlationId":"N/A","message":"Mapped {/comptes-traite, GET} route"}
{"timestamp":"2026-10-02 13:53:43","level":"\u001b[32minfo\u001b[39m","context":"RouterExplorer","method":"N/A","correlationId":"N/A","message":"Mapped {/comptes-traite/:id, GET} route"}
{"timestamp":"2026-10-02 13:53:43","level":"\u001b[32minfo\u001b[39m","context":"RouterExplorer","method":"N/A","correlationId":"N/A","message":"Mapped {/comptes-traite, POST} route"}
{"timestamp":"2026-10-02 13:53:43","level":"\u001b[32minfo\u001b[39m","context":"RouterExplorer","method":"N/A","correlationId":"N/A","message":"Mapped {/comptes-traite/:id, PUT} route"}
{"timestamp":"2026-10-02 13:53:43","level":"\u001b[32minfo\u001b[39m","context":"RouterExplorer","method":"N/A","correlationId":"N/A","message":"Mapped {/comptes-traite/:id, DELETE} route"}
{"timestamp":"2026-10-02 13:53:43","level":"\u001b[32minfo\u001b[39m","context":"RoutesResolver","method":"N/A","correlationId":"N/A","message":"NoteDebitCreditController {/notes-debit-credit}:"}
{"timestamp":"2026-10-02 13:53:43","level":"\u001b[32minfo\u001b[39m","context":"RouterExplorer","method":"N/A","correlationId":"N/A","message":"Mapped {/notes-debit-credit, GET} route"}
{"timestamp":"2026-10-02 13:53:43","level":"\u001b[32minfo\u001b[39m","context":"RouterExplorer","method":"N/A","correlationId":"N/A","message":"Mapped {/notes-debit-credit/:id, GET} route"}
{"timestamp":"2026-10-02 13:53:43","level":"\u001b[32minfo\u001b[39m","context":"RouterExplorer","method":"N/A","correlationId":"N/A","message":"Mapped {/notes-debit-credit, POST} route"}
{"timestamp":"2026-10-02 13:53:43","level":"\u001b[32minfo\u001b[39m","context":"RouterExplorer","method":"N/A","correlationId":"N/A","message":"Mapped {/notes-debit-credit/:id, PUT} route"}
{"timestamp":"2026-10-02 13:53:43","level":"\u001b[32minfo\u001b[39m","context":"RouterExplorer","method":"N/A","correlationId":"N/A","message":"Mapped {/notes-debit-credit/:id, DELETE} route"}
{"timestamp":"2026-10-02 13:53:43","level":"\u001b[32minfo\u001b[39m","context":"RoutesResolver","method":"N/A","correlationId":"N/A","message":"ReglementController {/reglements}:"}
{"timestamp":"2026-10-02 13:53:43","level":"\u001b[32minfo\u001b[39m","context":"RouterExplorer","method":"N/A","correlationId":"N/A","message":"Mapped {/reglements, GET} route"}
{"timestamp":"2026-10-02 13:53:43","level":"\u001b[32minfo\u001b[39m","context":"RouterExplorer","method":"N/A","correlationId":"N/A","message":"Mapped {/reglements/:id, GET} route"}
{"timestamp":"2026-10-02 13:53:43","level":"\u001b[32minfo\u001b[39m","context":"RouterExplorer","method":"N/A","correlationId":"N/A","message":"Mapped {/reglements, POST} route"}
{"timestamp":"2026-10-02 13:53:43","level":"\u001b[32minfo\u001b[39m","context":"RouterExplorer","method":"N/A","correlationId":"N/A","message":"Mapped {/reglements/:id, PUT} route"}
{"timestamp":"2026-10-02 13:53:43","level":"\u001b[32minfo\u001b[39m","context":"RouterExplorer","method":"N/A","correlationId":"N/A","message":"Mapped {/reglements/:id, DELETE} route"}
{"timestamp":"2026-10-02 13:53:43","level":"\u001b[32minfo\u001b[39m","context":"RoutesResolver","method":"N/A","correlationId":"N/A","message":"SinistreStatutController {/sinistre-statuts}:"}
{"timestamp":"2026-10-02 13:53:43","level":"\u001b[32minfo\u001b[39m","context":"RouterExplorer","method":"N/A","correlationId":"N/A","message":"Mapped {/sinistre-statuts, GET} route"}
{"timestamp":"2026-10-02 13:53:43","level":"\u001b[32minfo\u001b[39m","context":"RouterExplorer","method":"N/A","correlationId":"N/A","message":"Mapped {/sinistre-statuts/:id, GET} route"}
{"timestamp":"2026-10-02 13:53:43","level":"\u001b[32minfo\u001b[39m","context":"RouterExplorer","method":"N/A","correlationId":"N/A","message":"Mapped {/sinistre-statuts, POST} route"}
{"timestamp":"2026-10-02 13:53:43","level":"\u001b[32minfo\u001b[39m","context":"RouterExplorer","method":"N/A","correlationId":"N/A","message":"Mapped {/sinistre-statuts/:id, PUT} route"}
{"timestamp":"2026-10-02 13:53:43","level":"\u001b[32minfo\u001b[39m","context":"RouterExplorer","method":"N/A","correlationId":"N/A","message":"Mapped {/sinistre-statuts/:id, DELETE} route"}
{"timestamp":"2026-10-02 13:53:43","level":"\u001b[32minfo\u001b[39m","context":"RoutesResolver","method":"N/A","correlationId":"N/A","message":"SinistreTypeEvaluationController {/sinistres-types-evaluation}:"}
{"timestamp":"2026-10-02 13:53:43","level":"\u001b[32minfo\u001b[39m","context":"RouterExplorer","method":"N/A","correlationId":"N/A","message":"Mapped {/sinistres-types-evaluation, GET} route"}
{"timestamp":"2026-10-02 13:53:43","level":"\u001b[32minfo\u001b[39m","context":"RouterExplorer","method":"N/A","correlationId":"N/A","message":"Mapped {/sinistres-types-evaluation/:id, GET} route"}
{"timestamp":"2026-10-02 13:53:43","level":"\u001b[32minfo\u001b[39m","context":"RouterExplorer","method":"N/A","correlationId":"N/A","message":"Mapped {/sinistres-types-evaluation, POST} route"}
{"timestamp":"2026-10-02 13:53:43","level":"\u001b[32minfo\u001b[39m","context":"RouterExplorer","method":"N/A","correlationId":"N/A","message":"Mapped {/sinistres-types-evaluation/:id, PUT} route"}
{"timestamp":"2026-10-02 13:53:43","level":"\u001b[32minfo\u001b[39m","context":"RouterExplorer","method":"N/A","correlationId":"N/A","message":"Mapped {/sinistres-types-evaluation/:id, DELETE} route"}
{"timestamp":"2026-10-02 13:53:43","level":"\u001b[32minfo\u001b[39m","context":"RoutesResolver","method":"N/A","correlationId":"N/A","message":"SinistreController {/sinistre}:"}
{"timestamp":"2026-10-02 13:53:43","level":"\u001b[32minfo\u001b[39m","context":"RouterExplorer","method":"N/A","correlationId":"N/A","message":"Mapped {/sinistre, GET} route"}
{"timestamp":"2026-10-02 13:53:43","level":"\u001b[32minfo\u001b[39m","context":"RouterExplorer","method":"N/A","correlationId":"N/A","message":"Mapped {/sinistre/:id, GET} route"}
{"timestamp":"2026-10-02 13:53:43","level":"\u001b[32minfo\u001b[39m","context":"RouterExplorer","method":"N/A","correlationId":"N/A","message":"Mapped {/sinistre, POST} route"}
{"timestamp":"2026-10-02 13:53:43","level":"\u001b[32minfo\u001b[39m","context":"RouterExplorer","method":"N/A","correlationId":"N/A","message":"Mapped {/sinistre/:id, PUT} route"}
{"timestamp":"2026-10-02 13:53:43","level":"\u001b[32minfo\u001b[39m","context":"RouterExplorer","method":"N/A","correlationId":"N/A","message":"Mapped {/sinistre/:id, DELETE} route"}
{"timestamp":"2026-10-02 13:53:43","level":"\u001b[32minfo\u001b[39m","context":"RoutesResolver","method":"N/A","correlationId":"N/A","message":"SinistreEvaluationController {/sinistres-evaluations}:"}
{"timestamp":"2026-10-02 13:53:43","level":"\u001b[32minfo\u001b[39m","context":"RouterExplorer","method":"N/A","correlationId":"N/A","message":"Mapped {/sinistres-evaluations, GET} route"}
{"timestamp":"2026-10-02 13:53:43","level":"\u001b[32minfo\u001b[39m","context":"RouterExplorer","method":"N/A","correlationId":"N/A","message":"Mapped {/sinistres-evaluations/:id, GET} route"}
{"timestamp":"2026-10-02 13:53:43","level":"\u001b[32minfo\u001b[39m","context":"RouterExplorer","method":"N/A","correlationId":"N/A","message":"Mapped {/sinistres-evaluations, POST} route"}
{"timestamp":"2026-10-02 13:53:43","level":"\u001b[32minfo\u001b[39m","context":"RouterExplorer","method":"N/A","correlationId":"N/A","message":"Mapped {/sinistres-evaluations/:id, PUT} route"}
{"timestamp":"2026-10-02 13:53:43","level":"\u001b[32minfo\u001b[39m","context":"RouterExplorer","method":"N/A","correlationId":"N/A","message":"Mapped {/sinistres-evaluations/:id, DELETE} route"}
{"timestamp":"2026-10-02 13:53:43","level":"\u001b[32minfo\u001b[39m","context":"RoutesResolver","method":"N/A","correlationId":"N/A","message":"SinistreReglementController {/sinistres-reglements}:"}
{"timestamp":"2026-10-02 13:53:43","level":"\u001b[32minfo\u001b[39m","context":"RouterExplorer","method":"N/A","correlationId":"N/A","message":"Mapped {/sinistres-reglements, GET} route"}
{"timestamp":"2026-10-02 13:53:43","level":"\u001b[32minfo\u001b[39m","context":"RouterExplorer","method":"N/A","correlationId":"N/A","message":"Mapped {/sinistres-reglements/:id, GET} route"}
{"timestamp":"2026-10-02 13:53:43","level":"\u001b[32minfo\u001b[39m","context":"RouterExplorer","method":"N/A","correlationId":"N/A","message":"Mapped {/sinistres-reglements, POST} route"}
{"timestamp":"2026-10-02 13:53:43","level":"\u001b[32minfo\u001b[39m","context":"RouterExplorer","method":"N/A","correlationId":"N/A","message":"Mapped {/sinistres-reglements/:id, PUT} route"}
{"timestamp":"2026-10-02 13:53:43","level":"\u001b[32minfo\u001b[39m","context":"RouterExplorer","method":"N/A","correlationId":"N/A","message":"Mapped {/sinistres-reglements/:id, DELETE} route"}
{"timestamp":"2026-10-02 13:53:43","level":"\u001b[32minfo\u001b[39m","context":"NestApplication","method":"N/A","correlationId":"N/A","message":"Nest application successfully started"}
{"timestamp":"2026-10-02 13:53:45","level":"\u001b[32minfo\u001b[39m","context":"NestFactory","method":"N/A","correlationId":"N/A","message":"Starting Nest application..."}
{"timestamp":"2026-10-02 13:53:45","level":"\u001b[32minfo\u001b[39m","context":"InstanceLoader","method":"N/A","correlationId":"N/A","message":"TypeOrmModule dependencies initialized"}
{"timestamp":"2026-10-02 13:53:45","level":"\u001b[32minfo\u001b[39m","context":"InstanceLoader","method":"N/A","correlationId":"N/A","message":"ClsModule dependencies initialized"}
{"timestamp":"2026-10-02 13:53:45","level":"\u001b[32minfo\u001b[39m","context":"InstanceLoader","method":"N/A","correlationId":"N/A","message":"ClsCommonModule dependencies initialized"}
{"timestamp":"2026-10-02 13:53:45","level":"\u001b[32minfo\u001b[39m","context":"InstanceLoader","method":"N/A","correlationId":"N/A","message":"ClsModule dependencies initialized"}
{"timestamp":"2026-10-02 13:53:45","level":"\u001b[32minfo\u001b[39m","context":"InstanceLoader","method":"N/A","correlationId":"N/A","message":"ConfigHostModule dependencies initialized"}
{"timestamp":"2026-10-02 13:53:45","level":"\u001b[32minfo\u001b[39m","context":"InstanceLoader","method":"N/A","correlationId":"N/A","message":"DiscoveryModule dependencies initialized"}
{"timestamp":"2026-10-02 13:53:45","level":"\u001b[32minfo\u001b[39m","context":"InstanceLoader","method":"N/A","correlationId":"N/A","message":"ClsRootModule dependencies initialized"}
{"timestamp":"2026-10-02 13:53:45","level":"\u001b[32minfo\u001b[39m","context":"InstanceLoader","method":"N/A","correlationId":"N/A","message":"AppModule dependencies initialized"}
{"timestamp":"2026-10-02 13:53:45","level":"\u001b[32minfo\u001b[39m","context":"InstanceLoader","method":"N/A","correlationId":"N/A","message":"ConfigModule dependencies initialized"}
{"timestamp":"2026-10-02 13:53:45","level":"\u001b[32minfo\u001b[39m","context":"InstanceLoader","method":"N/A","correlationId":"N/A","message":"ClsPluginsModule dependencies initialized"}
{"timestamp":"2026-10-02 13:53:45","level":"\u001b[32minfo\u001b[39m","context":"InstanceLoader","method":"N/A","correlationId":"N/A","message":"TypeOrmCoreModule dependencies initialized"}
{"timestamp":"2026-10-02 13:53:45","level":"\u001b[32minfo\u001b[39m","context":"InstanceLoader","method":"N/A","correlationId":"N/A","message":"TypeOrmModule dependencies initialized"}
{"timestamp":"2026-10-02 13:53:45","level":"\u001b[32minfo\u001b[39m","context":"InstanceLoader","method":"N/A","correlationId":"N/A","message":"TypeOrmModule dependencies initialized"}
{"timestamp":"2026-10-02 13:53:45","level":"\u001b[32minfo\u001b[39m","context":"InstanceLoader","method":"N/A","correlationId":"N/A","message":"TypeOrmModule dependencies initialized"}
{"timestamp":"2026-10-02 13:53:45","level":"\u001b[32minfo\u001b[39m","context":"InstanceLoader","method":"N/A","correlationId":"N/A","message":"TypeOrmModule dependencies initialized"}
{"timestamp":"2026-10-02 13:53:45","level":"\u001b[32minfo\u001b[39m","context":"InstanceLoader","method":"N/A","correlationId":"N/A","message":"TypeOrmModule dependencies initialized"}
{"timestamp":"2026-10-02 13:53:45","level":"\u001b[32minfo\u001b[39m","context":"InstanceLoader","method":"N/A","correlationId":"N/A","message":"TypeOrmModule dependencies initialized"}
{"timestamp":"2026-10-02 13:53:45","level":"\u001b[32minfo\u001b[39m","context":"InstanceLoader","method":"N/A","correlationId":"N/A","message":"ClsPluginModule dependencies initialized"}
{"timestamp":"2026-10-02 13:53:45","level":"\u001b[32minfo\u001b[39m","context":"InstanceLoader","method":"N/A","correlationId":"N/A","message":"ActeursModule dependencies initialized"}
{"timestamp":"2026-10-02 13:53:45","level":"\u001b[32minfo\u001b[39m","context":"InstanceLoader","method":"N/A","correlationId":"N/A","message":"ReferentielModule dependencies initialized"}
{"timestamp":"2026-10-02 13:53:45","level":"\u001b[32minfo\u001b[39m","context":"InstanceLoader","method":"N/A","correlationId":"N/A","message":"PolicesModule dependencies initialized"}
{"timestamp":"2026-10-02 13:53:45","level":"\u001b[32minfo\u001b[39m","context":"InstanceLoader","method":"N/A","correlationId":"N/A","message":"FluxFinancierModule dependencies initialized"}
{"timestamp":"2026-10-02 13:53:45","level":"\u001b[32minfo\u001b[39m","context":"InstanceLoader","method":"N/A","correlationId":"N/A","message":"SinistresModule dependencies initialized"}
{"timestamp":"2026-10-02 13:53:45","level":"\u001b[32minfo\u001b[39m","context":"InstanceLoader","method":"N/A","correlationId":"N/A","message":"QuittancesModule dependencies initialized"}
{"timestamp":"2026-10-02 13:53:45","level":"\u001b[32minfo\u001b[39m","context":"RoutesResolver","method":"N/A","correlationId":"N/A","message":"BrancheController {/branches}:"}
{"timestamp":"2026-10-02 13:53:45","level":"\u001b[32minfo\u001b[39m","context":"RouterExplorer","method":"N/A","correlationId":"N/A","message":"Mapped {/branches, GET} route"}
{"timestamp":"2026-10-02 13:53:45","level":"\u001b[32minfo\u001b[39m","context":"RouterExplorer","method":"N/A","correlationId":"N/A","message":"Mapped {/branches/:id, GET} route"}
{"timestamp":"2026-10-02 13:53:45","level":"\u001b[32minfo\u001b[39m","context":"RouterExplorer","method":"N/A","correlationId":"N/A","message":"Mapped {/branches, POST} route"}
{"timestamp":"2026-10-02 13:53:45","level":"\u001b[32minfo\u001b[39m","context":"RouterExplorer","method":"N/A","correlationId":"N/A","message":"Mapped {/branches/:id, PUT} route"}
{"timestamp":"2026-10-02 13:53:45","level":"\u001b[32minfo\u001b[39m","context":"RouterExplorer","method":"N/A","correlationId":"N/A","message":"Mapped {/branches/:id, DELETE} route"}
{"timestamp":"2026-10-02 13:53:45","level":"\u001b[32minfo\u001b[39m","context":"RoutesResolver","method":"N/A","correlationId":"N/A","message":"SousBrancheController {/sous-branches}:"}
{"timestamp":"2026-10-02 13:53:45","level":"\u001b[32minfo\u001b[39m","context":"RouterExplorer","method":"N/A","correlationId":"N/A","message":"Mapped {/sous-branches, GET} route"}
{"timestamp":"2026-10-02 13:53:45","level":"\u001b[32minfo\u001b[39m","context":"RouterExplorer","method":"N/A","correlationId":"N/A","message":"Mapped {/sous-branches/:id, GET} route"}
{"timestamp":"2026-10-02 13:53:45","level":"\u001b[32minfo\u001b[39m","context":"RouterExplorer","method":"N/A","correlationId":"N/A","message":"Mapped {/sous-branches, POST} route"}
{"timestamp":"2026-10-02 13:53:45","level":"\u001b[32minfo\u001b[39m","context":"RouterExplorer","method":"N/A","correlationId":"N/A","message":"Mapped {/sous-branches/:id, PUT} route"}
{"timestamp":"2026-10-02 13:53:45","level":"\u001b[32minfo\u001b[39m","context":"RouterExplorer","method":"N/A","correlationId":"N/A","message":"Mapped {/sous-branches/:id, DELETE} route"}
{"timestamp":"2026-10-02 13:53:45","level":"\u001b[32minfo\u001b[39m","context":"RoutesResolver","method":"N/A","correlationId":"N/A","message":"DomaineActiviteController {/domaines-activite}:"}
{"timestamp":"2026-10-02 13:53:45","level":"\u001b[32minfo\u001b[39m","context":"RouterExplorer","method":"N/A","correlationId":"N/A","message":"Mapped {/domaines-activite, GET} route"}
{"timestamp":"2026-10-02 13:53:45","level":"\u001b[32minfo\u001b[39m","context":"RouterExplorer","method":"N/A","correlationId":"N/A","message":"Mapped {/domaines-activite/:id, GET} route"}
{"timestamp":"2026-10-02 13:53:45","level":"\u001b[32minfo\u001b[39m","context":"RouterExplorer","method":"N/A","correlationId":"N/A","message":"Mapped {/domaines-activite, POST} route"}
{"timestamp":"2026-10-02 13:53:45","level":"\u001b[32minfo\u001b[39m","context":"RouterExplorer","method":"N/A","correlationId":"N/A","message":"Mapped {/domaines-activite/:id, PUT} route"}
{"timestamp":"2026-10-02 13:53:45","level":"\u001b[32minfo\u001b[39m","context":"RouterExplorer","method":"N/A","correlationId":"N/A","message":"Mapped {/domaines-activite/:id, DELETE} route"}
{"timestamp":"2026-10-02 13:53:45","level":"\u001b[32minfo\u001b[39m","context":"RoutesResolver","method":"N/A","correlationId":"N/A","message":"CampagneController {/campagnes}:"}
{"timestamp":"2026-10-02 13:53:45","level":"\u001b[32minfo\u001b[39m","context":"RouterExplorer","method":"N/A","correlationId":"N/A","message":"Mapped {/campagnes, GET} route"}
{"timestamp":"2026-10-02 13:53:45","level":"\u001b[32minfo\u001b[39m","context":"RouterExplorer","method":"N/A","correlationId":"N/A","message":"Mapped {/campagnes/:id, GET} route"}
{"timestamp":"2026-10-02 13:53:45","level":"\u001b[32minfo\u001b[39m","context":"RouterExplorer","method":"N/A","correlationId":"N/A","message":"Mapped {/campagnes, POST} route"}
{"timestamp":"2026-10-02 13:53:45","level":"\u001b[32minfo\u001b[39m","context":"RouterExplorer","method":"N/A","correlationId":"N/A","message":"Mapped {/campagnes/:id, PUT} route"}
{"timestamp":"2026-10-02 13:53:45","level":"\u001b[32minfo\u001b[39m","context":"RouterExplorer","method":"N/A","correlationId":"N/A","message":"Mapped {/campagnes/:id, DELETE} route"}
{"timestamp":"2026-10-02 13:53:45","level":"\u001b[32minfo\u001b[39m","context":"RoutesResolver","method":"N/A","correlationId":"N/A","message":"MouvementController {/mouvements}:"}
{"timestamp":"2026-10-02 13:53:45","level":"\u001b[32minfo\u001b[39m","context":"RouterExplorer","method":"N/A","correlationId":"N/A","message":"Mapped {/mouvements, GET} route"}
{"timestamp":"2026-10-02 13:53:45","level":"\u001b[32minfo\u001b[39m","context":"RouterExplorer","method":"N/A","correlationId":"N/A","message":"Mapped {/mouvements/:id, GET} route"}
{"timestamp":"2026-10-02 13:53:45","level":"\u001b[32minfo\u001b[39m","context":"RouterExplorer","method":"N/A","correlationId":"N/A","message":"Mapped {/mouvements, POST} route"}
{"timestamp":"2026-10-02 13:53:45","level":"\u001b[32minfo\u001b[39m","context":"RouterExplorer","method":"N/A","correlationId":"N/A","message":"Mapped {/mouvements/:id, PUT} route"}
{"timestamp":"2026-10-02 13:53:45","level":"\u001b[32minfo\u001b[39m","context":"RouterExplorer","method":"N/A","correlationId":"N/A","message":"Mapped {/mouvements/:id, DELETE} route"}
{"timestamp":"2026-10-02 13:53:45","level":"\u001b[32minfo\u001b[39m","context":"RoutesResolver","method":"N/A","correlationId":"N/A","message":"CompteTypeController {/compte-types}:"}
{"timestamp":"2026-10-02 13:53:45","level":"\u001b[32minfo\u001b[39m","context":"RouterExplorer","method":"N/A","correlationId":"N/A","message":"Mapped {/compte-types, GET} route"}
{"timestamp":"2026-10-02 13:53:45","level":"\u001b[32minfo\u001b[39m","context":"RouterExplorer","method":"N/A","correlationId":"N/A","message":"Mapped {/compte-types/:id, GET} route"}
{"timestamp":"2026-10-02 13:53:45","level":"\u001b[32minfo\u001b[39m","context":"RouterExplorer","method":"N/A","correlationId":"N/A","message":"Mapped {/compte-types, POST} route"}
{"timestamp":"2026-10-02 13:53:45","level":"\u001b[32minfo\u001b[39m","context":"RouterExplorer","method":"N/A","correlationId":"N/A","message":"Mapped {/compte-types/:id, PUT} route"}
{"timestamp":"2026-10-02 13:53:45","level":"\u001b[32minfo\u001b[39m","context":"RouterExplorer","method":"N/A","correlationId":"N/A","message":"Mapped {/compte-types/:id, DELETE} route"}
{"timestamp":"2026-10-02 13:53:45","level":"\u001b[32minfo\u001b[39m","context":"RoutesResolver","method":"N/A","correlationId":"N/A","message":"NatureCessionController {/natures-cession}:"}
{"timestamp":"2026-10-02 13:53:45","level":"\u001b[32minfo\u001b[39m","context":"RouterExplorer","method":"N/A","correlationId":"N/A","message":"Mapped {/natures-cession, GET} route"}
{"timestamp":"2026-10-02 13:53:45","level":"\u001b[32minfo\u001b[39m","context":"RouterExplorer","method":"N/A","correlationId":"N/A","message":"Mapped {/natures-cession/:id, GET} route"}
{"timestamp":"2026-10-02 13:53:45","level":"\u001b[32minfo\u001b[39m","context":"RouterExplorer","method":"N/A","correlationId":"N/A","message":"Mapped {/natures-cession, POST} route"}
{"timestamp":"2026-10-02 13:53:45","level":"\u001b[32minfo\u001b[39m","context":"RouterExplorer","method":"N/A","correlationId":"N/A","message":"Mapped {/natures-cession/:id, PUT} route"}
{"timestamp":"2026-10-02 13:53:45","level":"\u001b[32minfo\u001b[39m","context":"RouterExplorer","method":"N/A","correlationId":"N/A","message":"Mapped {/natures-cession/:id, DELETE} route"}
{"timestamp":"2026-10-02 13:53:45","level":"\u001b[32minfo\u001b[39m","context":"RoutesResolver","method":"N/A","correlationId":"N/A","message":"RegionController {/regions}:"}
{"timestamp":"2026-10-02 13:53:45","level":"\u001b[32minfo\u001b[39m","context":"RouterExplorer","method":"N/A","correlationId":"N/A","message":"Mapped {/regions, GET} route"}
{"timestamp":"2026-10-02 13:53:45","level":"\u001b[32minfo\u001b[39m","context":"RouterExplorer","method":"N/A","correlationId":"N/A","message":"Mapped {/regions/:id, GET} route"}
{"timestamp":"2026-10-02 13:53:45","level":"\u001b[32minfo\u001b[39m","context":"RouterExplorer","method":"N/A","correlationId":"N/A","message":"Mapped {/regions, POST} route"}
{"timestamp":"2026-10-02 13:53:45","level":"\u001b[32minfo\u001b[39m","context":"RouterExplorer","method":"N/A","correlationId":"N/A","message":"Mapped {/regions/:id, PUT} route"}
{"timestamp":"2026-10-02 13:53:45","level":"\u001b[32minfo\u001b[39m","context":"RouterExplorer","method":"N/A","correlationId":"N/A","message":"Mapped {/regions/:id, DELETE} route"}
{"timestamp":"2026-10-02 13:53:45","level":"\u001b[32minfo\u001b[39m","context":"RoutesResolver","method":"N/A","correlationId":"N/A","message":"PaysController {/pays}:"}
{"timestamp":"2026-10-02 13:53:45","level":"\u001b[32minfo\u001b[39m","context":"RouterExplorer","method":"N/A","correlationId":"N/A","message":"Mapped {/pays, GET} route"}
{"timestamp":"2026-10-02 13:53:45","level":"\u001b[32minfo\u001b[39m","context":"RouterExplorer","method":"N/A","correlationId":"N/A","message":"Mapped {/pays/:id, GET} route"}
{"timestamp":"2026-10-02 13:53:45","level":"\u001b[32minfo\u001b[39m","context":"RouterExplorer","method":"N/A","correlationId":"N/A","message":"Mapped {/pays, POST} route"}
{"timestamp":"2026-10-02 13:53:45","level":"\u001b[32minfo\u001b[39m","context":"RouterExplorer","method":"N/A","correlationId":"N/A","message":"Mapped {/pays/:id, PUT} route"}
{"timestamp":"2026-10-02 13:53:45","level":"\u001b[32minfo\u001b[39m","context":"RouterExplorer","method":"N/A","correlationId":"N/A","message":"Mapped {/pays/:id, DELETE} route"}
{"timestamp":"2026-10-02 13:53:45","level":"\u001b[32minfo\u001b[39m","context":"RoutesResolver","method":"N/A","correlationId":"N/A","message":"ActeurController {/acteurs}:"}
{"timestamp":"2026-10-02 13:53:45","level":"\u001b[32minfo\u001b[39m","context":"RouterExplorer","method":"N/A","correlationId":"N/A","message":"Mapped {/acteurs, GET} route"}
{"timestamp":"2026-10-02 13:53:45","level":"\u001b[32minfo\u001b[39m","context":"RouterExplorer","method":"N/A","correlationId":"N/A","message":"Mapped {/acteurs/:id, GET} route"}
{"timestamp":"2026-10-02 13:53:45","level":"\u001b[32minfo\u001b[39m","context":"RouterExplorer","method":"N/A","correlationId":"N/A","message":"Mapped {/acteurs, POST} route"}
{"timestamp":"2026-10-02 13:53:45","level":"\u001b[32minfo\u001b[39m","context":"RouterExplorer","method":"N/A","correlationId":"N/A","message":"Mapped {/acteurs/:id, PUT} route"}
{"timestamp":"2026-10-02 13:53:45","level":"\u001b[32minfo\u001b[39m","context":"RouterExplorer","method":"N/A","correlationId":"N/A","message":"Mapped {/acteurs/:id, DELETE} route"}
{"timestamp":"2026-10-02 13:53:45","level":"\u001b[32minfo\u001b[39m","context":"RoutesResolver","method":"N/A","correlationId":"N/A","message":"AssureController {/assures}:"}
{"timestamp":"2026-10-02 13:53:45","level":"\u001b[32minfo\u001b[39m","context":"RouterExplorer","method":"N/A","correlationId":"N/A","message":"Mapped {/assures, GET} route"}
{"timestamp":"2026-10-02 13:53:45","level":"\u001b[32minfo\u001b[39m","context":"RouterExplorer","method":"N/A","correlationId":"N/A","message":"Mapped {/assures/:id, GET} route"}
{"timestamp":"2026-10-02 13:53:45","level":"\u001b[32minfo\u001b[39m","context":"RouterExplorer","method":"N/A","correlationId":"N/A","message":"Mapped {/assures, POST} route"}
{"timestamp":"2026-10-02 13:53:45","level":"\u001b[32minfo\u001b[39m","context":"RouterExplorer","method":"N/A","correlationId":"N/A","message":"Mapped {/assures/:id, PUT} route"}
{"timestamp":"2026-10-02 13:53:45","level":"\u001b[32minfo\u001b[39m","context":"RouterExplorer","method":"N/A","correlationId":"N/A","message":"Mapped {/assures/:id, DELETE} route"}
{"timestamp":"2026-10-02 13:53:45","level":"\u001b[32minfo\u001b[39m","context":"RoutesResolver","method":"N/A","correlationId":"N/A","message":"ContactController {/contacts}:"}
{"timestamp":"2026-10-02 13:53:45","level":"\u001b[32minfo\u001b[39m","context":"RouterExplorer","method":"N/A","correlationId":"N/A","message":"Mapped {/contacts, GET} route"}
{"timestamp":"2026-10-02 13:53:45","level":"\u001b[32minfo\u001b[39m","context":"RouterExplorer","method":"N/A","correlationId":"N/A","message":"Mapped {/contacts/:id, GET} route"}
{"timestamp":"2026-10-02 13:53:45","level":"\u001b[32minfo\u001b[39m","context":"RouterExplorer","method":"N/A","correlationId":"N/A","message":"Mapped {/contacts, POST} route"}
{"timestamp":"2026-10-02 13:53:45","level":"\u001b[32minfo\u001b[39m","context":"RouterExplorer","method":"N/A","correlationId":"N/A","message":"Mapped {/contacts/:id, PUT} route"}
{"timestamp":"2026-10-02 13:53:45","level":"\u001b[32minfo\u001b[39m","context":"RouterExplorer","method":"N/A","correlationId":"N/A","message":"Mapped {/contacts/:id, DELETE} route"}
{"timestamp":"2026-10-02 13:53:45","level":"\u001b[32minfo\u001b[39m","context":"RoutesResolver","method":"N/A","correlationId":"N/A","message":"PoliceController {/polices}:"}
{"timestamp":"2026-10-02 13:53:45","level":"\u001b[32minfo\u001b[39m","context":"RouterExplorer","method":"N/A","correlationId":"N/A","message":"Mapped {/polices, GET} route"}
{"timestamp":"2026-10-02 13:53:45","level":"\u001b[32minfo\u001b[39m","context":"RouterExplorer","method":"N/A","correlationId":"N/A","message":"Mapped {/polices/:id, GET} route"}
{"timestamp":"2026-10-02 13:53:45","level":"\u001b[32minfo\u001b[39m","context":"RouterExplorer","method":"N/A","correlationId":"N/A","message":"Mapped {/polices, POST} route"}
{"timestamp":"2026-10-02 13:53:45","level":"\u001b[32minfo\u001b[39m","context":"RouterExplorer","method":"N/A","correlationId":"N/A","message":"Mapped {/polices/:id, PUT} route"}
{"timestamp":"2026-10-02 13:53:45","level":"\u001b[32minfo\u001b[39m","context":"RouterExplorer","method":"N/A","correlationId":"N/A","message":"Mapped {/polices/:id, DELETE} route"}
{"timestamp":"2026-10-02 13:53:45","level":"\u001b[32minfo\u001b[39m","context":"RoutesResolver","method":"N/A","correlationId":"N/A","message":"QuittanceController {/quittances}:"}
{"timestamp":"2026-10-02 13:53:45","level":"\u001b[32minfo\u001b[39m","context":"RouterExplorer","method":"N/A","correlationId":"N/A","message":"Mapped {/quittances, GET} route"}
{"timestamp":"2026-10-02 13:53:45","level":"\u001b[32minfo\u001b[39m","context":"RouterExplorer","method":"N/A","correlationId":"N/A","message":"Mapped {/quittances/:id, GET} route"}
{"timestamp":"2026-10-02 13:53:45","level":"\u001b[32minfo\u001b[39m","context":"RouterExplorer","method":"N/A","correlationId":"N/A","message":"Mapped {/quittances, POST} route"}
{"timestamp":"2026-10-02 13:53:45","level":"\u001b[32minfo\u001b[39m","context":"RouterExplorer","method":"N/A","correlationId":"N/A","message":"Mapped {/quittances/:id, PUT} route"}
{"timestamp":"2026-10-02 13:53:45","level":"\u001b[32minfo\u001b[39m","context":"RouterExplorer","method":"N/A","correlationId":"N/A","message":"Mapped {/quittances/:id/annuler, PATCH} route"}
{"timestamp":"2026-10-02 13:53:45","level":"\u001b[32minfo\u001b[39m","context":"RouterExplorer","method":"N/A","correlationId":"N/A","message":"Mapped {/quittances/:id, DELETE} route"}
{"timestamp":"2026-10-02 13:53:45","level":"\u001b[32minfo\u001b[39m","context":"RoutesResolver","method":"N/A","correlationId":"N/A","message":"QuittanceCessionController {/quittances-cession}:"}
{"timestamp":"2026-10-02 13:53:45","level":"\u001b[32minfo\u001b[39m","context":"RouterExplorer","method":"N/A","correlationId":"N/A","message":"Mapped {/quittances-cession, GET} route"}
{"timestamp":"2026-10-02 13:53:45","level":"\u001b[32minfo\u001b[39m","context":"RouterExplorer","method":"N/A","correlationId":"N/A","message":"Mapped {/quittances-cession/:id, GET} route"}
{"timestamp":"2026-10-02 13:53:45","level":"\u001b[32minfo\u001b[39m","context":"RouterExplorer","method":"N/A","correlationId":"N/A","message":"Mapped {/quittances-cession, POST} route"}
{"timestamp":"2026-10-02 13:53:45","level":"\u001b[32minfo\u001b[39m","context":"RouterExplorer","method":"N/A","correlationId":"N/A","message":"Mapped {/quittances-cession/:id, PUT} route"}
{"timestamp":"2026-10-02 13:53:45","level":"\u001b[32minfo\u001b[39m","context":"RouterExplorer","method":"N/A","correlationId":"N/A","message":"Mapped {/quittances-cession/:id, DELETE} route"}
{"timestamp":"2026-10-02 13:53:45","level":"\u001b[32minfo\u001b[39m","context":"RoutesResolver","method":"N/A","correlationId":"N/A","message":"EcheancePmdController {/echeances-pmd}:"}
{"timestamp":"2026-10-02 13:53:45","level":"\u001b[32minfo\u001b[39m","context":"RouterExplorer","method":"N/A","correlationId":"N/A","message":"Mapped {/echeances-pmd, GET} route"}
{"timestamp":"2026-10-02 13:53:45","level":"\u001b[32minfo\u001b[39m","context":"RouterExplorer","method":"N/A","correlationId":"N/A","message":"Mapped {/echeances-pmd/:id, GET} route"}
{"timestamp":"2026-10-02 13:53:45","level":"\u001b[32minfo\u001b[39m","context":"RouterExplorer","method":"N/A","correlationId":"N/A","message":"Mapped {/echeances-pmd, POST} route"}
{"timestamp":"2026-10-02 13:53:45","level":"\u001b[32minfo\u001b[39m","context":"RouterExplorer","method":"N/A","correlationId":"N/A","message":"Mapped {/echeances-pmd/:id, PUT} route"}
{"timestamp":"2026-10-02 13:53:45","level":"\u001b[32minfo\u001b[39m","context":"RouterExplorer","method":"N/A","correlationId":"N/A","message":"Mapped {/echeances-pmd/:id, DELETE} route"}
{"timestamp":"2026-10-02 13:53:45","level":"\u001b[32minfo\u001b[39m","context":"RoutesResolver","method":"N/A","correlationId":"N/A","message":"BordereauController {/bordereaux}:"}
{"timestamp":"2026-10-02 13:53:45","level":"\u001b[32minfo\u001b[39m","context":"RouterExplorer","method":"N/A","correlationId":"N/A","message":"Mapped {/bordereaux, GET} route"}
{"timestamp":"2026-10-02 13:53:45","level":"\u001b[32minfo\u001b[39m","context":"RouterExplorer","method":"N/A","correlationId":"N/A","message":"Mapped {/bordereaux/:id, GET} route"}
{"timestamp":"2026-10-02 13:53:45","level":"\u001b[32minfo\u001b[39m","context":"RouterExplorer","method":"N/A","correlationId":"N/A","message":"Mapped {/bordereaux, POST} route"}
{"timestamp":"2026-10-02 13:53:45","level":"\u001b[32minfo\u001b[39m","context":"RouterExplorer","method":"N/A","correlationId":"N/A","message":"Mapped {/bordereaux/:id, PUT} route"}
{"timestamp":"2026-10-02 13:53:45","level":"\u001b[32minfo\u001b[39m","context":"RouterExplorer","method":"N/A","correlationId":"N/A","message":"Mapped {/bordereaux/:id, DELETE} route"}
{"timestamp":"2026-10-02 13:53:45","level":"\u001b[32minfo\u001b[39m","context":"RoutesResolver","method":"N/A","correlationId":"N/A","message":"CompteTraiteController {/comptes-traite}:"}
{"timestamp":"2026-10-02 13:53:45","level":"\u001b[32minfo\u001b[39m","context":"RouterExplorer","method":"N/A","correlationId":"N/A","message":"Mapped {/comptes-traite, GET} route"}
{"timestamp":"2026-10-02 13:53:45","level":"\u001b[32minfo\u001b[39m","context":"RouterExplorer","method":"N/A","correlationId":"N/A","message":"Mapped {/comptes-traite/:id, GET} route"}
{"timestamp":"2026-10-02 13:53:45","level":"\u001b[32minfo\u001b[39m","context":"RouterExplorer","method":"N/A","correlationId":"N/A","message":"Mapped {/comptes-traite, POST} route"}
{"timestamp":"2026-10-02 13:53:45","level":"\u001b[32minfo\u001b[39m","context":"RouterExplorer","method":"N/A","correlationId":"N/A","message":"Mapped {/comptes-traite/:id, PUT} route"}
{"timestamp":"2026-10-02 13:53:45","level":"\u001b[32minfo\u001b[39m","context":"RouterExplorer","method":"N/A","correlationId":"N/A","message":"Mapped {/comptes-traite/:id, DELETE} route"}
{"timestamp":"2026-10-02 13:53:45","level":"\u001b[32minfo\u001b[39m","context":"RoutesResolver","method":"N/A","correlationId":"N/A","message":"NoteDebitCreditController {/notes-debit-credit}:"}
{"timestamp":"2026-10-02 13:53:45","level":"\u001b[32minfo\u001b[39m","context":"RouterExplorer","method":"N/A","correlationId":"N/A","message":"Mapped {/notes-debit-credit, GET} route"}
{"timestamp":"2026-10-02 13:53:45","level":"\u001b[32minfo\u001b[39m","context":"RouterExplorer","method":"N/A","correlationId":"N/A","message":"Mapped {/notes-debit-credit/:id, GET} route"}
{"timestamp":"2026-10-02 13:53:45","level":"\u001b[32minfo\u001b[39m","context":"RouterExplorer","method":"N/A","correlationId":"N/A","message":"Mapped {/notes-debit-credit, POST} route"}
{"timestamp":"2026-10-02 13:53:45","level":"\u001b[32minfo\u001b[39m","context":"RouterExplorer","method":"N/A","correlationId":"N/A","message":"Mapped {/notes-debit-credit/:id, PUT} route"}
{"timestamp":"2026-10-02 13:53:45","level":"\u001b[32minfo\u001b[39m","context":"RouterExplorer","method":"N/A","correlationId":"N/A","message":"Mapped {/notes-debit-credit/:id, DELETE} route"}
{"timestamp":"2026-10-02 13:53:45","level":"\u001b[32minfo\u001b[39m","context":"RoutesResolver","method":"N/A","correlationId":"N/A","message":"ReglementController {/reglements}:"}
{"timestamp":"2026-10-02 13:53:45","level":"\u001b[32minfo\u001b[39m","context":"RouterExplorer","method":"N/A","correlationId":"N/A","message":"Mapped {/reglements, GET} route"}
{"timestamp":"2026-10-02 13:53:45","level":"\u001b[32minfo\u001b[39m","context":"RouterExplorer","method":"N/A","correlationId":"N/A","message":"Mapped {/reglements/:id, GET} route"}
{"timestamp":"2026-10-02 13:53:45","level":"\u001b[32minfo\u001b[39m","context":"RouterExplorer","method":"N/A","correlationId":"N/A","message":"Mapped {/reglements, POST} route"}
{"timestamp":"2026-10-02 13:53:45","level":"\u001b[32minfo\u001b[39m","context":"RouterExplorer","method":"N/A","correlationId":"N/A","message":"Mapped {/reglements/:id, PUT} route"}
{"timestamp":"2026-10-02 13:53:45","level":"\u001b[32minfo\u001b[39m","context":"RouterExplorer","method":"N/A","correlationId":"N/A","message":"Mapped {/reglements/:id, DELETE} route"}
{"timestamp":"2026-10-02 13:53:45","level":"\u001b[32minfo\u001b[39m","context":"RoutesResolver","method":"N/A","correlationId":"N/A","message":"SinistreStatutController {/sinistre-statuts}:"}
{"timestamp":"2026-10-02 13:53:45","level":"\u001b[32minfo\u001b[39m","context":"RouterExplorer","method":"N/A","correlationId":"N/A","message":"Mapped {/sinistre-statuts, GET} route"}
{"timestamp":"2026-10-02 13:53:45","level":"\u001b[32minfo\u001b[39m","context":"RouterExplorer","method":"N/A","correlationId":"N/A","message":"Mapped {/sinistre-statuts/:id, GET} route"}
{"timestamp":"2026-10-02 13:53:45","level":"\u001b[32minfo\u001b[39m","context":"RouterExplorer","method":"N/A","correlationId":"N/A","message":"Mapped {/sinistre-statuts, POST} route"}
{"timestamp":"2026-10-02 13:53:45","level":"\u001b[32minfo\u001b[39m","context":"RouterExplorer","method":"N/A","correlationId":"N/A","message":"Mapped {/sinistre-statuts/:id, PUT} route"}
{"timestamp":"2026-10-02 13:53:45","level":"\u001b[32minfo\u001b[39m","context":"RouterExplorer","method":"N/A","correlationId":"N/A","message":"Mapped {/sinistre-statuts/:id, DELETE} route"}
{"timestamp":"2026-10-02 13:53:45","level":"\u001b[32minfo\u001b[39m","context":"RoutesResolver","method":"N/A","correlationId":"N/A","message":"SinistreTypeEvaluationController {/sinistres-types-evaluation}:"}
{"timestamp":"2026-10-02 13:53:45","level":"\u001b[32minfo\u001b[39m","context":"RouterExplorer","method":"N/A","correlationId":"N/A","message":"Mapped {/sinistres-types-evaluation, GET} route"}
{"timestamp":"2026-10-02 13:53:45","level":"\u001b[32minfo\u001b[39m","context":"RouterExplorer","method":"N/A","correlationId":"N/A","message":"Mapped {/sinistres-types-evaluation/:id, GET} route"}
{"timestamp":"2026-10-02 13:53:45","level":"\u001b[32minfo\u001b[39m","context":"RouterExplorer","method":"N/A","correlationId":"N/A","message":"Mapped {/sinistres-types-evaluation, POST} route"}
{"timestamp":"2026-10-02 13:53:45","level":"\u001b[32minfo\u001b[39m","context":"RouterExplorer","method":"N/A","correlationId":"N/A","message":"Mapped {/sinistres-types-evaluation/:id, PUT} route"}
{"timestamp":"2026-10-02 13:53:45","level":"\u001b[32minfo\u001b[39m","context":"RouterExplorer","method":"N/A","correlationId":"N/A","message":"Mapped {/sinistres-types-evaluation/:id, DELETE} route"}
{"timestamp":"2026-10-02 13:53:45","level":"\u001b[32minfo\u001b[39m","context":"RoutesResolver","method":"N/A","correlationId":"N/A","message":"SinistreController {/sinistre}:"}
{"timestamp":"2026-10-02 13:53:45","level":"\u001b[32minfo\u001b[39m","context":"RouterExplorer","method":"N/A","correlationId":"N/A","message":"Mapped {/sinistre, GET} route"}
{"timestamp":"2026-10-02 13:53:45","level":"\u001b[32minfo\u001b[39m","context":"RouterExplorer","method":"N/A","correlationId":"N/A","message":"Mapped {/sinistre/:id, GET} route"}
{"timestamp":"2026-10-02 13:53:45","level":"\u001b[32minfo\u001b[39m","context":"RouterExplorer","method":"N/A","correlationId":"N/A","message":"Mapped {/sinistre, POST} route"}
{"timestamp":"2026-10-02 13:53:45","level":"\u001b[32minfo\u001b[39m","context":"RouterExplorer","method":"N/A","correlationId":"N/A","message":"Mapped {/sinistre/:id, PUT} route"}
{"timestamp":"2026-10-02 13:53:45","level":"\u001b[32minfo\u001b[39m","context":"RouterExplorer","method":"N/A","correlationId":"N/A","message":"Mapped {/sinistre/:id, DELETE} route"}
{"timestamp":"2026-10-02 13:53:45","level":"\u001b[32minfo\u001b[39m","context":"RoutesResolver","method":"N/A","correlationId":"N/A","message":"SinistreEvaluationController {/sinistres-evaluations}:"}
{"timestamp":"2026-10-02 13:53:45","level":"\u001b[32minfo\u001b[39m","context":"RouterExplorer","method":"N/A","correlationId":"N/A","message":"Mapped {/sinistres-evaluations, GET} route"}
{"timestamp":"2026-10-02 13:53:45","level":"\u001b[32minfo\u001b[39m","context":"RouterExplorer","method":"N/A","correlationId":"N/A","message":"Mapped {/sinistres-evaluations/:id, GET} route"}
{"timestamp":"2026-10-02 13:53:45","level":"\u001b[32minfo\u001b[39m","context":"RouterExplorer","method":"N/A","correlationId":"N/A","message":"Mapped {/sinistres-evaluations, POST} route"}
{"timestamp":"2026-10-02 13:53:45","level":"\u001b[32minfo\u001b[39m","context":"RouterExplorer","method":"N/A","correlationId":"N/A","message":"Mapped {/sinistres-evaluations/:id, PUT} route"}
{"timestamp":"2026-10-02 13:53:45","level":"\u001b[32minfo\u001b[39m","context":"RouterExplorer","method":"N/A","correlationId":"N/A","message":"Mapped {/sinistres-evaluations/:id, DELETE} route"}
{"timestamp":"2026-10-02 13:53:45","level":"\u001b[32minfo\u001b[39m","context":"RoutesResolver","method":"N/A","correlationId":"N/A","message":"SinistreReglementController {/sinistres-reglements}:"}
{"timestamp":"2026-10-02 13:53:45","level":"\u001b[32minfo\u001b[39m","context":"RouterExplorer","method":"N/A","correlationId":"N/A","message":"Mapped {/sinistres-reglements, GET} route"}
{"timestamp":"2026-10-02 13:53:45","level":"\u001b[32minfo\u001b[39m","context":"RouterExplorer","method":"N/A","correlationId":"N/A","message":"Mapped {/sinistres-reglements/:id, GET} route"}
{"timestamp":"2026-10-02 13:53:45","level":"\u001b[32minfo\u001b[39m","context":"RouterExplorer","method":"N/A","correlationId":"N/A","message":"Mapped {/sinistres-reglements, POST} route"}
{"timestamp":"2026-10-02 13:53:45","level":"\u001b[32minfo\u001b[39m","context":"RouterExplorer","method":"N/A","correlationId":"N/A","message":"Mapped {/sinistres-reglements/:id, PUT} route"}
{"timestamp":"2026-10-02 13:53:45","level":"\u001b[32minfo\u001b[39m","context":"RouterExplorer","method":"N/A","correlationId":"N/A","message":"Mapped {/sinistres-reglements/:id, DELETE} route"}
{"timestamp":"2026-10-02 13:53:45","level":"\u001b[32minfo\u001b[39m","context":"NestApplication","method":"N/A","correlationId":"N/A","message":"Nest application successfully started"}
{"timestamp":"2026-10-02 13:54:31","level":"\u001b[32minfo\u001b[39m","context":"NestFactory","method":"N/A","correlationId":"N/A","message":"Starting Nest application..."}
{"timestamp":"2026-10-02 13:54:31","level":"\u001b[32minfo\u001b[39m","context":"InstanceLoader","method":"N/A","correlationId":"N/A","message":"TypeOrmModule dependencies initialized"}
{"timestamp":"2026-10-02 13:54:31","level":"\u001b[32minfo\u001b[39m","context":"InstanceLoader","method":"N/A","correlationId":"N/A","message":"ClsModule dependencies initialized"}
{"timestamp":"2026-10-02 13:54:31","level":"\u001b[32minfo\u001b[39m","context":"InstanceLoader","method":"N/A","correlationId":"N/A","message":"ClsCommonModule dependencies initialized"}
{"timestamp":"2026-10-02 13:54:31","level":"\u001b[32minfo\u001b[39m","context":"InstanceLoader","method":"N/A","correlationId":"N/A","message":"ClsModule dependencies initialized"}
{"timestamp":"2026-10-02 13:54:31","level":"\u001b[32minfo\u001b[39m","context":"InstanceLoader","method":"N/A","correlationId":"N/A","message":"ConfigHostModule dependencies initialized"}
{"timestamp":"2026-10-02 13:54:31","level":"\u001b[32minfo\u001b[39m","context":"InstanceLoader","method":"N/A","correlationId":"N/A","message":"DiscoveryModule dependencies initialized"}
{"timestamp":"2026-10-02 13:54:31","level":"\u001b[32minfo\u001b[39m","context":"InstanceLoader","method":"N/A","correlationId":"N/A","message":"ClsRootModule dependencies initialized"}
{"timestamp":"2026-10-02 13:54:31","level":"\u001b[32minfo\u001b[39m","context":"InstanceLoader","method":"N/A","correlationId":"N/A","message":"AppModule dependencies initialized"}
{"timestamp":"2026-10-02 13:54:31","level":"\u001b[32minfo\u001b[39m","context":"InstanceLoader","method":"N/A","correlationId":"N/A","message":"ConfigModule dependencies initialized"}
{"timestamp":"2026-10-02 13:54:31","level":"\u001b[32minfo\u001b[39m","context":"InstanceLoader","method":"N/A","correlationId":"N/A","message":"ClsPluginsModule dependencies initialized"}
{"timestamp":"2026-10-02 13:54:31","level":"\u001b[32minfo\u001b[39m","context":"InstanceLoader","method":"N/A","correlationId":"N/A","message":"TypeOrmCoreModule dependencies initialized"}
{"timestamp":"2026-10-02 13:54:31","level":"\u001b[32minfo\u001b[39m","context":"InstanceLoader","method":"N/A","correlationId":"N/A","message":"TypeOrmModule dependencies initialized"}
{"timestamp":"2026-10-02 13:54:31","level":"\u001b[32minfo\u001b[39m","context":"InstanceLoader","method":"N/A","correlationId":"N/A","message":"TypeOrmModule dependencies initialized"}
{"timestamp":"2026-10-02 13:54:31","level":"\u001b[32minfo\u001b[39m","context":"InstanceLoader","method":"N/A","correlationId":"N/A","message":"TypeOrmModule dependencies initialized"}
{"timestamp":"2026-10-02 13:54:31","level":"\u001b[32minfo\u001b[39m","context":"InstanceLoader","method":"N/A","correlationId":"N/A","message":"TypeOrmModule dependencies initialized"}
{"timestamp":"2026-10-02 13:54:31","level":"\u001b[32minfo\u001b[39m","context":"InstanceLoader","method":"N/A","correlationId":"N/A","message":"TypeOrmModule dependencies initialized"}
{"timestamp":"2026-10-02 13:54:31","level":"\u001b[32minfo\u001b[39m","context":"InstanceLoader","method":"N/A","correlationId":"N/A","message":"TypeOrmModule dependencies initialized"}
{"timestamp":"2026-10-02 13:54:31","level":"\u001b[32minfo\u001b[39m","context":"InstanceLoader","method":"N/A","correlationId":"N/A","message":"ClsPluginModule dependencies initialized"}
{"timestamp":"2026-10-02 13:54:31","level":"\u001b[32minfo\u001b[39m","context":"InstanceLoader","method":"N/A","correlationId":"N/A","message":"ActeursModule dependencies initialized"}
{"timestamp":"2026-10-02 13:54:31","level":"\u001b[32minfo\u001b[39m","context":"InstanceLoader","method":"N/A","correlationId":"N/A","message":"ReferentielModule dependencies initialized"}
{"timestamp":"2026-10-02 13:54:31","level":"\u001b[32minfo\u001b[39m","context":"InstanceLoader","method":"N/A","correlationId":"N/A","message":"PolicesModule dependencies initialized"}
{"timestamp":"2026-10-02 13:54:31","level":"\u001b[32minfo\u001b[39m","context":"InstanceLoader","method":"N/A","correlationId":"N/A","message":"FluxFinancierModule dependencies initialized"}
{"timestamp":"2026-10-02 13:54:31","level":"\u001b[32minfo\u001b[39m","context":"InstanceLoader","method":"N/A","correlationId":"N/A","message":"SinistresModule dependencies initialized"}
{"timestamp":"2026-10-02 13:54:31","level":"\u001b[32minfo\u001b[39m","context":"InstanceLoader","method":"N/A","correlationId":"N/A","message":"QuittancesModule dependencies initialized"}
{"timestamp":"2026-10-02 13:54:31","level":"\u001b[32minfo\u001b[39m","context":"RoutesResolver","method":"N/A","correlationId":"N/A","message":"BrancheController {/branches}:"}
{"timestamp":"2026-10-02 13:54:31","level":"\u001b[32minfo\u001b[39m","context":"RouterExplorer","method":"N/A","correlationId":"N/A","message":"Mapped {/branches, GET} route"}
{"timestamp":"2026-10-02 13:54:31","level":"\u001b[32minfo\u001b[39m","context":"RouterExplorer","method":"N/A","correlationId":"N/A","message":"Mapped {/branches/:id, GET} route"}
{"timestamp":"2026-10-02 13:54:31","level":"\u001b[32minfo\u001b[39m","context":"RouterExplorer","method":"N/A","correlationId":"N/A","message":"Mapped {/branches, POST} route"}
{"timestamp":"2026-10-02 13:54:31","level":"\u001b[32minfo\u001b[39m","context":"RouterExplorer","method":"N/A","correlationId":"N/A","message":"Mapped {/branches/:id, PUT} route"}
{"timestamp":"2026-10-02 13:54:31","level":"\u001b[32minfo\u001b[39m","context":"RouterExplorer","method":"N/A","correlationId":"N/A","message":"Mapped {/branches/:id, DELETE} route"}
{"timestamp":"2026-10-02 13:54:31","level":"\u001b[32minfo\u001b[39m","context":"RoutesResolver","method":"N/A","correlationId":"N/A","message":"SousBrancheController {/sous-branches}:"}
{"timestamp":"2026-10-02 13:54:31","level":"\u001b[32minfo\u001b[39m","context":"RouterExplorer","method":"N/A","correlationId":"N/A","message":"Mapped {/sous-branches, GET} route"}
{"timestamp":"2026-10-02 13:54:31","level":"\u001b[32minfo\u001b[39m","context":"RouterExplorer","method":"N/A","correlationId":"N/A","message":"Mapped {/sous-branches/:id, GET} route"}
{"timestamp":"2026-10-02 13:54:31","level":"\u001b[32minfo\u001b[39m","context":"RouterExplorer","method":"N/A","correlationId":"N/A","message":"Mapped {/sous-branches, POST} route"}
{"timestamp":"2026-10-02 13:54:31","level":"\u001b[32minfo\u001b[39m","context":"RouterExplorer","method":"N/A","correlationId":"N/A","message":"Mapped {/sous-branches/:id, PUT} route"}
{"timestamp":"2026-10-02 13:54:31","level":"\u001b[32minfo\u001b[39m","context":"RouterExplorer","method":"N/A","correlationId":"N/A","message":"Mapped {/sous-branches/:id, DELETE} route"}
{"timestamp":"2026-10-02 13:54:31","level":"\u001b[32minfo\u001b[39m","context":"RoutesResolver","method":"N/A","correlationId":"N/A","message":"DomaineActiviteController {/domaines-activite}:"}
{"timestamp":"2026-10-02 13:54:31","level":"\u001b[32minfo\u001b[39m","context":"RouterExplorer","method":"N/A","correlationId":"N/A","message":"Mapped {/domaines-activite, GET} route"}
{"timestamp":"2026-10-02 13:54:31","level":"\u001b[32minfo\u001b[39m","context":"RouterExplorer","method":"N/A","correlationId":"N/A","message":"Mapped {/domaines-activite/:id, GET} route"}
{"timestamp":"2026-10-02 13:54:31","level":"\u001b[32minfo\u001b[39m","context":"RouterExplorer","method":"N/A","correlationId":"N/A","message":"Mapped {/domaines-activite, POST} route"}
{"timestamp":"2026-10-02 13:54:31","level":"\u001b[32minfo\u001b[39m","context":"RouterExplorer","method":"N/A","correlationId":"N/A","message":"Mapped {/domaines-activite/:id, PUT} route"}
{"timestamp":"2026-10-02 13:54:31","level":"\u001b[32minfo\u001b[39m","context":"RouterExplorer","method":"N/A","correlationId":"N/A","message":"Mapped {/domaines-activite/:id, DELETE} route"}
{"timestamp":"2026-10-02 13:54:31","level":"\u001b[32minfo\u001b[39m","context":"RoutesResolver","method":"N/A","correlationId":"N/A","message":"CampagneController {/campagnes}:"}
{"timestamp":"2026-10-02 13:54:31","level":"\u001b[32minfo\u001b[39m","context":"RouterExplorer","method":"N/A","correlationId":"N/A","message":"Mapped {/campagnes, GET} route"}
{"timestamp":"2026-10-02 13:54:31","level":"\u001b[32minfo\u001b[39m","context":"RouterExplorer","method":"N/A","correlationId":"N/A","message":"Mapped {/campagnes/:id, GET} route"}
{"timestamp":"2026-10-02 13:54:31","level":"\u001b[32minfo\u001b[39m","context":"RouterExplorer","method":"N/A","correlationId":"N/A","message":"Mapped {/campagnes, POST} route"}
{"timestamp":"2026-10-02 13:54:31","level":"\u001b[32minfo\u001b[39m","context":"RouterExplorer","method":"N/A","correlationId":"N/A","message":"Mapped {/campagnes/:id, PUT} route"}
{"timestamp":"2026-10-02 13:54:31","level":"\u001b[32minfo\u001b[39m","context":"RouterExplorer","method":"N/A","correlationId":"N/A","message":"Mapped {/campagnes/:id, DELETE} route"}
{"timestamp":"2026-10-02 13:54:31","level":"\u001b[32minfo\u001b[39m","context":"RoutesResolver","method":"N/A","correlationId":"N/A","message":"MouvementController {/mouvements}:"}
{"timestamp":"2026-10-02 13:54:31","level":"\u001b[32minfo\u001b[39m","context":"RouterExplorer","method":"N/A","correlationId":"N/A","message":"Mapped {/mouvements, GET} route"}
{"timestamp":"2026-10-02 13:54:31","level":"\u001b[32minfo\u001b[39m","context":"RouterExplorer","method":"N/A","correlationId":"N/A","message":"Mapped {/mouvements/:id, GET} route"}
{"timestamp":"2026-10-02 13:54:31","level":"\u001b[32minfo\u001b[39m","context":"RouterExplorer","method":"N/A","correlationId":"N/A","message":"Mapped {/mouvements, POST} route"}
{"timestamp":"2026-10-02 13:54:31","level":"\u001b[32minfo\u001b[39m","context":"RouterExplorer","method":"N/A","correlationId":"N/A","message":"Mapped {/mouvements/:id, PUT} route"}
{"timestamp":"2026-10-02 13:54:31","level":"\u001b[32minfo\u001b[39m","context":"RouterExplorer","method":"N/A","correlationId":"N/A","message":"Mapped {/mouvements/:id, DELETE} route"}
{"timestamp":"2026-10-02 13:54:31","level":"\u001b[32minfo\u001b[39m","context":"RoutesResolver","method":"N/A","correlationId":"N/A","message":"CompteTypeController {/compte-types}:"}
{"timestamp":"2026-10-02 13:54:31","level":"\u001b[32minfo\u001b[39m","context":"RouterExplorer","method":"N/A","correlationId":"N/A","message":"Mapped {/compte-types, GET} route"}
{"timestamp":"2026-10-02 13:54:31","level":"\u001b[32minfo\u001b[39m","context":"RouterExplorer","method":"N/A","correlationId":"N/A","message":"Mapped {/compte-types/:id, GET} route"}
{"timestamp":"2026-10-02 13:54:31","level":"\u001b[32minfo\u001b[39m","context":"RouterExplorer","method":"N/A","correlationId":"N/A","message":"Mapped {/compte-types, POST} route"}
{"timestamp":"2026-10-02 13:54:31","level":"\u001b[32minfo\u001b[39m","context":"RouterExplorer","method":"N/A","correlationId":"N/A","message":"Mapped {/compte-types/:id, PUT} route"}
{"timestamp":"2026-10-02 13:54:31","level":"\u001b[32minfo\u001b[39m","context":"RouterExplorer","method":"N/A","correlationId":"N/A","message":"Mapped {/compte-types/:id, DELETE} route"}
{"timestamp":"2026-10-02 13:54:31","level":"\u001b[32minfo\u001b[39m","context":"RoutesResolver","method":"N/A","correlationId":"N/A","message":"NatureCessionController {/natures-cession}:"}
{"timestamp":"2026-10-02 13:54:31","level":"\u001b[32minfo\u001b[39m","context":"RouterExplorer","method":"N/A","correlationId":"N/A","message":"Mapped {/natures-cession, GET} route"}
{"timestamp":"2026-10-02 13:54:31","level":"\u001b[32minfo\u001b[39m","context":"RouterExplorer","method":"N/A","correlationId":"N/A","message":"Mapped {/natures-cession/:id, GET} route"}
{"timestamp":"2026-10-02 13:54:31","level":"\u001b[32minfo\u001b[39m","context":"RouterExplorer","method":"N/A","correlationId":"N/A","message":"Mapped {/natures-cession, POST} route"}
{"timestamp":"2026-10-02 13:54:31","level":"\u001b[32minfo\u001b[39m","context":"RouterExplorer","method":"N/A","correlationId":"N/A","message":"Mapped {/natures-cession/:id, PUT} route"}
{"timestamp":"2026-10-02 13:54:31","level":"\u001b[32minfo\u001b[39m","context":"RouterExplorer","method":"N/A","correlationId":"N/A","message":"Mapped {/natures-cession/:id, DELETE} route"}
{"timestamp":"2026-10-02 13:54:31","level":"\u001b[32minfo\u001b[39m","context":"RoutesResolver","method":"N/A","correlationId":"N/A","message":"RegionController {/regions}:"}
{"timestamp":"2026-10-02 13:54:31","level":"\u001b[32minfo\u001b[39m","context":"RouterExplorer","method":"N/A","correlationId":"N/A","message":"Mapped {/regions, GET} route"}
{"timestamp":"2026-10-02 13:54:31","level":"\u001b[32minfo\u001b[39m","context":"RouterExplorer","method":"N/A","correlationId":"N/A","message":"Mapped {/regions/:id, GET} route"}
{"timestamp":"2026-10-02 13:54:31","level":"\u001b[32minfo\u001b[39m","context":"RouterExplorer","method":"N/A","correlationId":"N/A","message":"Mapped {/regions, POST} route"}
{"timestamp":"2026-10-02 13:54:31","level":"\u001b[32minfo\u001b[39m","context":"RouterExplorer","method":"N/A","correlationId":"N/A","message":"Mapped {/regions/:id, PUT} route"}
{"timestamp":"2026-10-02 13:54:31","level":"\u001b[32minfo\u001b[39m","context":"RouterExplorer","method":"N/A","correlationId":"N/A","message":"Mapped {/regions/:id, DELETE} route"}
{"timestamp":"2026-10-02 13:54:31","level":"\u001b[32minfo\u001b[39m","context":"RoutesResolver","method":"N/A","correlationId":"N/A","message":"PaysController {/pays}:"}
{"timestamp":"2026-10-02 13:54:31","level":"\u001b[32minfo\u001b[39m","context":"RouterExplorer","method":"N/A","correlationId":"N/A","message":"Mapped {/pays, GET} route"}
{"timestamp":"2026-10-02 13:54:31","level":"\u001b[32minfo\u001b[39m","context":"RouterExplorer","method":"N/A","correlationId":"N/A","message":"Mapped {/pays/:id, GET} route"}
{"timestamp":"2026-10-02 13:54:31","level":"\u001b[32minfo\u001b[39m","context":"RouterExplorer","method":"N/A","correlationId":"N/A","message":"Mapped {/pays, POST} route"}
{"timestamp":"2026-10-02 13:54:31","level":"\u001b[32minfo\u001b[39m","context":"RouterExplorer","method":"N/A","correlationId":"N/A","message":"Mapped {/pays/:id, PUT} route"}
{"timestamp":"2026-10-02 13:54:31","level":"\u001b[32minfo\u001b[39m","context":"RouterExplorer","method":"N/A","correlationId":"N/A","message":"Mapped {/pays/:id, DELETE} route"}
{"timestamp":"2026-10-02 13:54:31","level":"\u001b[32minfo\u001b[39m","context":"RoutesResolver","method":"N/A","correlationId":"N/A","message":"ActeurController {/acteurs}:"}
{"timestamp":"2026-10-02 13:54:31","level":"\u001b[32minfo\u001b[39m","context":"RouterExplorer","method":"N/A","correlationId":"N/A","message":"Mapped {/acteurs, GET} route"}
{"timestamp":"2026-10-02 13:54:31","level":"\u001b[32minfo\u001b[39m","context":"RouterExplorer","method":"N/A","correlationId":"N/A","message":"Mapped {/acteurs/:id, GET} route"}
{"timestamp":"2026-10-02 13:54:31","level":"\u001b[32minfo\u001b[39m","context":"RouterExplorer","method":"N/A","correlationId":"N/A","message":"Mapped {/acteurs, POST} route"}
{"timestamp":"2026-10-02 13:54:31","level":"\u001b[32minfo\u001b[39m","context":"RouterExplorer","method":"N/A","correlationId":"N/A","message":"Mapped {/acteurs/:id, PUT} route"}
{"timestamp":"2026-10-02 13:54:31","level":"\u001b[32minfo\u001b[39m","context":"RouterExplorer","method":"N/A","correlationId":"N/A","message":"Mapped {/acteurs/:id, DELETE} route"}
{"timestamp":"2026-10-02 13:54:31","level":"\u001b[32minfo\u001b[39m","context":"RoutesResolver","method":"N/A","correlationId":"N/A","message":"AssureController {/assures}:"}
{"timestamp":"2026-10-02 13:54:31","level":"\u001b[32minfo\u001b[39m","context":"RouterExplorer","method":"N/A","correlationId":"N/A","message":"Mapped {/assures, GET} route"}
{"timestamp":"2026-10-02 13:54:31","level":"\u001b[32minfo\u001b[39m","context":"RouterExplorer","method":"N/A","correlationId":"N/A","message":"Mapped {/assures/:id, GET} route"}
{"timestamp":"2026-10-02 13:54:31","level":"\u001b[32minfo\u001b[39m","context":"RouterExplorer","method":"N/A","correlationId":"N/A","message":"Mapped {/assures, POST} route"}
{"timestamp":"2026-10-02 13:54:31","level":"\u001b[32minfo\u001b[39m","context":"RouterExplorer","method":"N/A","correlationId":"N/A","message":"Mapped {/assures/:id, PUT} route"}
{"timestamp":"2026-10-02 13:54:31","level":"\u001b[32minfo\u001b[39m","context":"RouterExplorer","method":"N/A","correlationId":"N/A","message":"Mapped {/assures/:id, DELETE} route"}
{"timestamp":"2026-10-02 13:54:31","level":"\u001b[32minfo\u001b[39m","context":"RoutesResolver","method":"N/A","correlationId":"N/A","message":"ContactController {/contacts}:"}
{"timestamp":"2026-10-02 13:54:31","level":"\u001b[32minfo\u001b[39m","context":"RouterExplorer","method":"N/A","correlationId":"N/A","message":"Mapped {/contacts, GET} route"}
{"timestamp":"2026-10-02 13:54:31","level":"\u001b[32minfo\u001b[39m","context":"RouterExplorer","method":"N/A","correlationId":"N/A","message":"Mapped {/contacts/:id, GET} route"}
{"timestamp":"2026-10-02 13:54:31","level":"\u001b[32minfo\u001b[39m","context":"RouterExplorer","method":"N/A","correlationId":"N/A","message":"Mapped {/contacts, POST} route"}
{"timestamp":"2026-10-02 13:54:31","level":"\u001b[32minfo\u001b[39m","context":"RouterExplorer","method":"N/A","correlationId":"N/A","message":"Mapped {/contacts/:id, PUT} route"}
{"timestamp":"2026-10-02 13:54:31","level":"\u001b[32minfo\u001b[39m","context":"RouterExplorer","method":"N/A","correlationId":"N/A","message":"Mapped {/contacts/:id, DELETE} route"}
{"timestamp":"2026-10-02 13:54:31","level":"\u001b[32minfo\u001b[39m","context":"RoutesResolver","method":"N/A","correlationId":"N/A","message":"PoliceController {/polices}:"}
{"timestamp":"2026-10-02 13:54:31","level":"\u001b[32minfo\u001b[39m","context":"RouterExplorer","method":"N/A","correlationId":"N/A","message":"Mapped {/polices, GET} route"}
{"timestamp":"2026-10-02 13:54:31","level":"\u001b[32minfo\u001b[39m","context":"RouterExplorer","method":"N/A","correlationId":"N/A","message":"Mapped {/polices/:id, GET} route"}
{"timestamp":"2026-10-02 13:54:31","level":"\u001b[32minfo\u001b[39m","context":"RouterExplorer","method":"N/A","correlationId":"N/A","message":"Mapped {/polices, POST} route"}
{"timestamp":"2026-10-02 13:54:31","level":"\u001b[32minfo\u001b[39m","context":"RouterExplorer","method":"N/A","correlationId":"N/A","message":"Mapped {/polices/:id, PUT} route"}
{"timestamp":"2026-10-02 13:54:31","level":"\u001b[32minfo\u001b[39m","context":"RouterExplorer","method":"N/A","correlationId":"N/A","message":"Mapped {/polices/:id, DELETE} route"}
{"timestamp":"2026-10-02 13:54:31","level":"\u001b[32minfo\u001b[39m","context":"RoutesResolver","method":"N/A","correlationId":"N/A","message":"QuittanceController {/quittances}:"}
{"timestamp":"2026-10-02 13:54:31","level":"\u001b[32minfo\u001b[39m","context":"RouterExplorer","method":"N/A","correlationId":"N/A","message":"Mapped {/quittances, GET} route"}
{"timestamp":"2026-10-02 13:54:31","level":"\u001b[32minfo\u001b[39m","context":"RouterExplorer","method":"N/A","correlationId":"N/A","message":"Mapped {/quittances/:id, GET} route"}
{"timestamp":"2026-10-02 13:54:31","level":"\u001b[32minfo\u001b[39m","context":"RouterExplorer","method":"N/A","correlationId":"N/A","message":"Mapped {/quittances, POST} route"}
{"timestamp":"2026-10-02 13:54:31","level":"\u001b[32minfo\u001b[39m","context":"RouterExplorer","method":"N/A","correlationId":"N/A","message":"Mapped {/quittances/:id, PUT} route"}
{"timestamp":"2026-10-02 13:54:31","level":"\u001b[32minfo\u001b[39m","context":"RouterExplorer","method":"N/A","correlationId":"N/A","message":"Mapped {/quittances/:id/annuler, PATCH} route"}
{"timestamp":"2026-10-02 13:54:31","level":"\u001b[32minfo\u001b[39m","context":"RouterExplorer","method":"N/A","correlationId":"N/A","message":"Mapped {/quittances/:id, DELETE} route"}
{"timestamp":"2026-10-02 13:54:31","level":"\u001b[32minfo\u001b[39m","context":"RoutesResolver","method":"N/A","correlationId":"N/A","message":"QuittanceCessionController {/quittances-cession}:"}
{"timestamp":"2026-10-02 13:54:31","level":"\u001b[32minfo\u001b[39m","context":"RouterExplorer","method":"N/A","correlationId":"N/A","message":"Mapped {/quittances-cession, GET} route"}
{"timestamp":"2026-10-02 13:54:31","level":"\u001b[32minfo\u001b[39m","context":"RouterExplorer","method":"N/A","correlationId":"N/A","message":"Mapped {/quittances-cession/:id, GET} route"}
{"timestamp":"2026-10-02 13:54:31","level":"\u001b[32minfo\u001b[39m","context":"RouterExplorer","method":"N/A","correlationId":"N/A","message":"Mapped {/quittances-cession, POST} route"}
{"timestamp":"2026-10-02 13:54:31","level":"\u001b[32minfo\u001b[39m","context":"RouterExplorer","method":"N/A","correlationId":"N/A","message":"Mapped {/quittances-cession/:id, PUT} route"}
{"timestamp":"2026-10-02 13:54:31","level":"\u001b[32minfo\u001b[39m","context":"RouterExplorer","method":"N/A","correlationId":"N/A","message":"Mapped {/quittances-cession/:id, DELETE} route"}
{"timestamp":"2026-10-02 13:54:31","level":"\u001b[32minfo\u001b[39m","context":"RoutesResolver","method":"N/A","correlationId":"N/A","message":"EcheancePmdController {/echeances-pmd}:"}
{"timestamp":"2026-10-02 13:54:31","level":"\u001b[32minfo\u001b[39m","context":"RouterExplorer","method":"N/A","correlationId":"N/A","message":"Mapped {/echeances-pmd, GET} route"}
{"timestamp":"2026-10-02 13:54:31","level":"\u001b[32minfo\u001b[39m","context":"RouterExplorer","method":"N/A","correlationId":"N/A","message":"Mapped {/echeances-pmd/:id, GET} route"}
{"timestamp":"2026-10-02 13:54:31","level":"\u001b[32minfo\u001b[39m","context":"RouterExplorer","method":"N/A","correlationId":"N/A","message":"Mapped {/echeances-pmd, POST} route"}
{"timestamp":"2026-10-02 13:54:31","level":"\u001b[32minfo\u001b[39m","context":"RouterExplorer","method":"N/A","correlationId":"N/A","message":"Mapped {/echeances-pmd/:id, PUT} route"}
{"timestamp":"2026-10-02 13:54:31","level":"\u001b[32minfo\u001b[39m","context":"RouterExplorer","method":"N/A","correlationId":"N/A","message":"Mapped {/echeances-pmd/:id, DELETE} route"}
{"timestamp":"2026-10-02 13:54:31","level":"\u001b[32minfo\u001b[39m","context":"RoutesResolver","method":"N/A","correlationId":"N/A","message":"BordereauController {/bordereaux}:"}
{"timestamp":"2026-10-02 13:54:31","level":"\u001b[32minfo\u001b[39m","context":"RouterExplorer","method":"N/A","correlationId":"N/A","message":"Mapped {/bordereaux, GET} route"}
{"timestamp":"2026-10-02 13:54:31","level":"\u001b[32minfo\u001b[39m","context":"RouterExplorer","method":"N/A","correlationId":"N/A","message":"Mapped {/bordereaux/:id, GET} route"}
{"timestamp":"2026-10-02 13:54:31","level":"\u001b[32minfo\u001b[39m","context":"RouterExplorer","method":"N/A","correlationId":"N/A","message":"Mapped {/bordereaux, POST} route"}
{"timestamp":"2026-10-02 13:54:31","level":"\u001b[32minfo\u001b[39m","context":"RouterExplorer","method":"N/A","correlationId":"N/A","message":"Mapped {/bordereaux/:id, PUT} route"}
{"timestamp":"2026-10-02 13:54:31","level":"\u001b[32minfo\u001b[39m","context":"RouterExplorer","method":"N/A","correlationId":"N/A","message":"Mapped {/bordereaux/:id, DELETE} route"}
{"timestamp":"2026-10-02 13:54:31","level":"\u001b[32minfo\u001b[39m","context":"RoutesResolver","method":"N/A","correlationId":"N/A","message":"CompteTraiteController {/comptes-traite}:"}
{"timestamp":"2026-10-02 13:54:31","level":"\u001b[32minfo\u001b[39m","context":"RouterExplorer","method":"N/A","correlationId":"N/A","message":"Mapped {/comptes-traite, GET} route"}
{"timestamp":"2026-10-02 13:54:31","level":"\u001b[32minfo\u001b[39m","context":"RouterExplorer","method":"N/A","correlationId":"N/A","message":"Mapped {/comptes-traite/:id, GET} route"}
{"timestamp":"2026-10-02 13:54:31","level":"\u001b[32minfo\u001b[39m","context":"RouterExplorer","method":"N/A","correlationId":"N/A","message":"Mapped {/comptes-traite, POST} route"}
{"timestamp":"2026-10-02 13:54:31","level":"\u001b[32minfo\u001b[39m","context":"RouterExplorer","method":"N/A","correlationId":"N/A","message":"Mapped {/comptes-traite/:id, PUT} route"}
{"timestamp":"2026-10-02 13:54:31","level":"\u001b[32minfo\u001b[39m","context":"RouterExplorer","method":"N/A","correlationId":"N/A","message":"Mapped {/comptes-traite/:id, DELETE} route"}
{"timestamp":"2026-10-02 13:54:31","level":"\u001b[32minfo\u001b[39m","context":"RoutesResolver","method":"N/A","correlationId":"N/A","message":"NoteDebitCreditController {/notes-debit-credit}:"}
{"timestamp":"2026-10-02 13:54:31","level":"\u001b[32minfo\u001b[39m","context":"RouterExplorer","method":"N/A","correlationId":"N/A","message":"Mapped {/notes-debit-credit, GET} route"}
{"timestamp":"2026-10-02 13:54:31","level":"\u001b[32minfo\u001b[39m","context":"RouterExplorer","method":"N/A","correlationId":"N/A","message":"Mapped {/notes-debit-credit/:id, GET} route"}
{"timestamp":"2026-10-02 13:54:31","level":"\u001b[32minfo\u001b[39m","context":"RouterExplorer","method":"N/A","correlationId":"N/A","message":"Mapped {/notes-debit-credit, POST} route"}
{"timestamp":"2026-10-02 13:54:31","level":"\u001b[32minfo\u001b[39m","context":"RouterExplorer","method":"N/A","correlationId":"N/A","message":"Mapped {/notes-debit-credit/:id, PUT} route"}
{"timestamp":"2026-10-02 13:54:31","level":"\u001b[32minfo\u001b[39m","context":"RouterExplorer","method":"N/A","correlationId":"N/A","message":"Mapped {/notes-debit-credit/:id, DELETE} route"}
{"timestamp":"2026-10-02 13:54:31","level":"\u001b[32minfo\u001b[39m","context":"RoutesResolver","method":"N/A","correlationId":"N/A","message":"ReglementController {/reglements}:"}
{"timestamp":"2026-10-02 13:54:31","level":"\u001b[32minfo\u001b[39m","context":"RouterExplorer","method":"N/A","correlationId":"N/A","message":"Mapped {/reglements, GET} route"}
{"timestamp":"2026-10-02 13:54:31","level":"\u001b[32minfo\u001b[39m","context":"RouterExplorer","method":"N/A","correlationId":"N/A","message":"Mapped {/reglements/:id, GET} route"}
{"timestamp":"2026-10-02 13:54:31","level":"\u001b[32minfo\u001b[39m","context":"RouterExplorer","method":"N/A","correlationId":"N/A","message":"Mapped {/reglements, POST} route"}
{"timestamp":"2026-10-02 13:54:31","level":"\u001b[32minfo\u001b[39m","context":"RouterExplorer","method":"N/A","correlationId":"N/A","message":"Mapped {/reglements/:id, PUT} route"}
{"timestamp":"2026-10-02 13:54:31","level":"\u001b[32minfo\u001b[39m","context":"RouterExplorer","method":"N/A","correlationId":"N/A","message":"Mapped {/reglements/:id, DELETE} route"}
{"timestamp":"2026-10-02 13:54:31","level":"\u001b[32minfo\u001b[39m","context":"RoutesResolver","method":"N/A","correlationId":"N/A","message":"SinistreStatutController {/sinistre-statuts}:"}
{"timestamp":"2026-10-02 13:54:31","level":"\u001b[32minfo\u001b[39m","context":"RouterExplorer","method":"N/A","correlationId":"N/A","message":"Mapped {/sinistre-statuts, GET} route"}
{"timestamp":"2026-10-02 13:54:31","level":"\u001b[32minfo\u001b[39m","context":"RouterExplorer","method":"N/A","correlationId":"N/A","message":"Mapped {/sinistre-statuts/:id, GET} route"}
{"timestamp":"2026-10-02 13:54:31","level":"\u001b[32minfo\u001b[39m","context":"RouterExplorer","method":"N/A","correlationId":"N/A","message":"Mapped {/sinistre-statuts, POST} route"}
{"timestamp":"2026-10-02 13:54:31","level":"\u001b[32minfo\u001b[39m","context":"RouterExplorer","method":"N/A","correlationId":"N/A","message":"Mapped {/sinistre-statuts/:id, PUT} route"}
{"timestamp":"2026-10-02 13:54:31","level":"\u001b[32minfo\u001b[39m","context":"RouterExplorer","method":"N/A","correlationId":"N/A","message":"Mapped {/sinistre-statuts/:id, DELETE} route"}
{"timestamp":"2026-10-02 13:54:31","level":"\u001b[32minfo\u001b[39m","context":"RoutesResolver","method":"N/A","correlationId":"N/A","message":"SinistreTypeEvaluationController {/sinistres-types-evaluation}:"}
{"timestamp":"2026-10-02 13:54:31","level":"\u001b[32minfo\u001b[39m","context":"RouterExplorer","method":"N/A","correlationId":"N/A","message":"Mapped {/sinistres-types-evaluation, GET} route"}
{"timestamp":"2026-10-02 13:54:31","level":"\u001b[32minfo\u001b[39m","context":"RouterExplorer","method":"N/A","correlationId":"N/A","message":"Mapped {/sinistres-types-evaluation/:id, GET} route"}
{"timestamp":"2026-10-02 13:54:31","level":"\u001b[32minfo\u001b[39m","context":"RouterExplorer","method":"N/A","correlationId":"N/A","message":"Mapped {/sinistres-types-evaluation, POST} route"}
{"timestamp":"2026-10-02 13:54:31","level":"\u001b[32minfo\u001b[39m","context":"RouterExplorer","method":"N/A","correlationId":"N/A","message":"Mapped {/sinistres-types-evaluation/:id, PUT} route"}
{"timestamp":"2026-10-02 13:54:31","level":"\u001b[32minfo\u001b[39m","context":"RouterExplorer","method":"N/A","correlationId":"N/A","message":"Mapped {/sinistres-types-evaluation/:id, DELETE} route"}
{"timestamp":"2026-10-02 13:54:31","level":"\u001b[32minfo\u001b[39m","context":"RoutesResolver","method":"N/A","correlationId":"N/A","message":"SinistreController {/sinistre}:"}
{"timestamp":"2026-10-02 13:54:31","level":"\u001b[32minfo\u001b[39m","context":"RouterExplorer","method":"N/A","correlationId":"N/A","message":"Mapped {/sinistre, GET} route"}
{"timestamp":"2026-10-02 13:54:31","level":"\u001b[32minfo\u001b[39m","context":"RouterExplorer","method":"N/A","correlationId":"N/A","message":"Mapped {/sinistre/:id, GET} route"}
{"timestamp":"2026-10-02 13:54:31","level":"\u001b[32minfo\u001b[39m","context":"RouterExplorer","method":"N/A","correlationId":"N/A","message":"Mapped {/sinistre, POST} route"}
{"timestamp":"2026-10-02 13:54:31","level":"\u001b[32minfo\u001b[39m","context":"RouterExplorer","method":"N/A","correlationId":"N/A","message":"Mapped {/sinistre/:id, PUT} route"}
{"timestamp":"2026-10-02 13:54:31","level":"\u001b[32minfo\u001b[39m","context":"RouterExplorer","method":"N/A","correlationId":"N/A","message":"Mapped {/sinistre/:id, DELETE} route"}
{"timestamp":"2026-10-02 13:54:31","level":"\u001b[32minfo\u001b[39m","context":"RoutesResolver","method":"N/A","correlationId":"N/A","message":"SinistreEvaluationController {/sinistres-evaluations}:"}
{"timestamp":"2026-10-02 13:54:31","level":"\u001b[32minfo\u001b[39m","context":"RouterExplorer","method":"N/A","correlationId":"N/A","message":"Mapped {/sinistres-evaluations, GET} route"}
{"timestamp":"2026-10-02 13:54:31","level":"\u001b[32minfo\u001b[39m","context":"RouterExplorer","method":"N/A","correlationId":"N/A","message":"Mapped {/sinistres-evaluations/:id, GET} route"}
{"timestamp":"2026-10-02 13:54:31","level":"\u001b[32minfo\u001b[39m","context":"RouterExplorer","method":"N/A","correlationId":"N/A","message":"Mapped {/sinistres-evaluations, POST} route"}
{"timestamp":"2026-10-02 13:54:31","level":"\u001b[32minfo\u001b[39m","context":"RouterExplorer","method":"N/A","correlationId":"N/A","message":"Mapped {/sinistres-evaluations/:id, PUT} route"}
{"timestamp":"2026-10-02 13:54:31","level":"\u001b[32minfo\u001b[39m","context":"RouterExplorer","method":"N/A","correlationId":"N/A","message":"Mapped {/sinistres-evaluations/:id, DELETE} route"}
{"timestamp":"2026-10-02 13:54:31","level":"\u001b[32minfo\u001b[39m","context":"RoutesResolver","method":"N/A","correlationId":"N/A","message":"SinistreReglementController {/sinistres-reglements}:"}
{"timestamp":"2026-10-02 13:54:31","level":"\u001b[32minfo\u001b[39m","context":"RouterExplorer","method":"N/A","correlationId":"N/A","message":"Mapped {/sinistres-reglements, GET} route"}
{"timestamp":"2026-10-02 13:54:31","level":"\u001b[32minfo\u001b[39m","context":"RouterExplorer","method":"N/A","correlationId":"N/A","message":"Mapped {/sinistres-reglements/:id, GET} route"}
{"timestamp":"2026-10-02 13:54:31","level":"\u001b[32minfo\u001b[39m","context":"RouterExplorer","method":"N/A","correlationId":"N/A","message":"Mapped {/sinistres-reglements, POST} route"}
{"timestamp":"2026-10-02 13:54:31","level":"\u001b[32minfo\u001b[39m","context":"RouterExplorer","method":"N/A","correlationId":"N/A","message":"Mapped {/sinistres-reglements/:id, PUT} route"}
{"timestamp":"2026-10-02 13:54:31","level":"\u001b[32minfo\u001b[39m","context":"RouterExplorer","method":"N/A","correlationId":"N/A","message":"Mapped {/sinistres-reglements/:id, DELETE} route"}
{"timestamp":"2026-10-02 13:54:31","level":"\u001b[32minfo\u001b[39m","context":"NestApplication","method":"N/A","correlationId":"N/A","message":"Nest application successfully started"}
{"timestamp":"2026-10-02 13:54:40","level":"\u001b[32minfo\u001b[39m","context":"NestFactory","method":"N/A","correlationId":"N/A","message":"Starting Nest application..."}
{"timestamp":"2026-10-02 13:54:40","level":"\u001b[32minfo\u001b[39m","context":"InstanceLoader","method":"N/A","correlationId":"N/A","message":"TypeOrmModule dependencies initialized"}
{"timestamp":"2026-10-02 13:54:40","level":"\u001b[32minfo\u001b[39m","context":"InstanceLoader","method":"N/A","correlationId":"N/A","message":"ClsModule dependencies initialized"}
{"timestamp":"2026-10-02 13:54:40","level":"\u001b[32minfo\u001b[39m","context":"InstanceLoader","method":"N/A","correlationId":"N/A","message":"ClsCommonModule dependencies initialized"}
{"timestamp":"2026-10-02 13:54:40","level":"\u001b[32minfo\u001b[39m","context":"InstanceLoader","method":"N/A","correlationId":"N/A","message":"ClsModule dependencies initialized"}
{"timestamp":"2026-10-02 13:54:40","level":"\u001b[32minfo\u001b[39m","context":"InstanceLoader","method":"N/A","correlationId":"N/A","message":"ConfigHostModule dependencies initialized"}
{"timestamp":"2026-10-02 13:54:40","level":"\u001b[32minfo\u001b[39m","context":"InstanceLoader","method":"N/A","correlationId":"N/A","message":"DiscoveryModule dependencies initialized"}
{"timestamp":"2026-10-02 13:54:40","level":"\u001b[32minfo\u001b[39m","context":"InstanceLoader","method":"N/A","correlationId":"N/A","message":"ClsRootModule dependencies initialized"}
{"timestamp":"2026-10-02 13:54:40","level":"\u001b[32minfo\u001b[39m","context":"InstanceLoader","method":"N/A","correlationId":"N/A","message":"AppModule dependencies initialized"}
{"timestamp":"2026-10-02 13:54:40","level":"\u001b[32minfo\u001b[39m","context":"InstanceLoader","method":"N/A","correlationId":"N/A","message":"ConfigModule dependencies initialized"}
{"timestamp":"2026-10-02 13:54:40","level":"\u001b[32minfo\u001b[39m","context":"InstanceLoader","method":"N/A","correlationId":"N/A","message":"ClsPluginsModule dependencies initialized"}
{"timestamp":"2026-10-02 13:54:40","level":"\u001b[32minfo\u001b[39m","context":"InstanceLoader","method":"N/A","correlationId":"N/A","message":"TypeOrmCoreModule dependencies initialized"}
{"timestamp":"2026-10-02 13:54:40","level":"\u001b[32minfo\u001b[39m","context":"InstanceLoader","method":"N/A","correlationId":"N/A","message":"TypeOrmModule dependencies initialized"}
{"timestamp":"2026-10-02 13:54:40","level":"\u001b[32minfo\u001b[39m","context":"InstanceLoader","method":"N/A","correlationId":"N/A","message":"TypeOrmModule dependencies initialized"}
{"timestamp":"2026-10-02 13:54:40","level":"\u001b[32minfo\u001b[39m","context":"InstanceLoader","method":"N/A","correlationId":"N/A","message":"TypeOrmModule dependencies initialized"}
{"timestamp":"2026-10-02 13:54:40","level":"\u001b[32minfo\u001b[39m","context":"InstanceLoader","method":"N/A","correlationId":"N/A","message":"TypeOrmModule dependencies initialized"}
{"timestamp":"2026-10-02 13:54:40","level":"\u001b[32minfo\u001b[39m","context":"InstanceLoader","method":"N/A","correlationId":"N/A","message":"TypeOrmModule dependencies initialized"}
{"timestamp":"2026-10-02 13:54:40","level":"\u001b[32minfo\u001b[39m","context":"InstanceLoader","method":"N/A","correlationId":"N/A","message":"TypeOrmModule dependencies initialized"}
{"timestamp":"2026-10-02 13:54:40","level":"\u001b[32minfo\u001b[39m","context":"InstanceLoader","method":"N/A","correlationId":"N/A","message":"ClsPluginModule dependencies initialized"}
{"timestamp":"2026-10-02 13:54:40","level":"\u001b[32minfo\u001b[39m","context":"InstanceLoader","method":"N/A","correlationId":"N/A","message":"ActeursModule dependencies initialized"}
{"timestamp":"2026-10-02 13:54:40","level":"\u001b[32minfo\u001b[39m","context":"InstanceLoader","method":"N/A","correlationId":"N/A","message":"ReferentielModule dependencies initialized"}
{"timestamp":"2026-10-02 13:54:40","level":"\u001b[32minfo\u001b[39m","context":"InstanceLoader","method":"N/A","correlationId":"N/A","message":"PolicesModule dependencies initialized"}
{"timestamp":"2026-10-02 13:54:40","level":"\u001b[32minfo\u001b[39m","context":"InstanceLoader","method":"N/A","correlationId":"N/A","message":"FluxFinancierModule dependencies initialized"}
{"timestamp":"2026-10-02 13:54:40","level":"\u001b[32minfo\u001b[39m","context":"InstanceLoader","method":"N/A","correlationId":"N/A","message":"SinistresModule dependencies initialized"}
{"timestamp":"2026-10-02 13:54:40","level":"\u001b[32minfo\u001b[39m","context":"InstanceLoader","method":"N/A","correlationId":"N/A","message":"QuittancesModule dependencies initialized"}
{"timestamp":"2026-10-02 13:54:40","level":"\u001b[32minfo\u001b[39m","context":"RoutesResolver","method":"N/A","correlationId":"N/A","message":"BrancheController {/branches}:"}
{"timestamp":"2026-10-02 13:54:40","level":"\u001b[32minfo\u001b[39m","context":"RouterExplorer","method":"N/A","correlationId":"N/A","message":"Mapped {/branches, GET} route"}
{"timestamp":"2026-10-02 13:54:40","level":"\u001b[32minfo\u001b[39m","context":"RouterExplorer","method":"N/A","correlationId":"N/A","message":"Mapped {/branches/:id, GET} route"}
{"timestamp":"2026-10-02 13:54:40","level":"\u001b[32minfo\u001b[39m","context":"RouterExplorer","method":"N/A","correlationId":"N/A","message":"Mapped {/branches, POST} route"}
{"timestamp":"2026-10-02 13:54:40","level":"\u001b[32minfo\u001b[39m","context":"RouterExplorer","method":"N/A","correlationId":"N/A","message":"Mapped {/branches/:id, PUT} route"}
{"timestamp":"2026-10-02 13:54:40","level":"\u001b[32minfo\u001b[39m","context":"RouterExplorer","method":"N/A","correlationId":"N/A","message":"Mapped {/branches/:id, DELETE} route"}
{"timestamp":"2026-10-02 13:54:40","level":"\u001b[32minfo\u001b[39m","context":"RoutesResolver","method":"N/A","correlationId":"N/A","message":"SousBrancheController {/sous-branches}:"}
{"timestamp":"2026-10-02 13:54:40","level":"\u001b[32minfo\u001b[39m","context":"RouterExplorer","method":"N/A","correlationId":"N/A","message":"Mapped {/sous-branches, GET} route"}
{"timestamp":"2026-10-02 13:54:40","level":"\u001b[32minfo\u001b[39m","context":"RouterExplorer","method":"N/A","correlationId":"N/A","message":"Mapped {/sous-branches/:id, GET} route"}
{"timestamp":"2026-10-02 13:54:40","level":"\u001b[32minfo\u001b[39m","context":"RouterExplorer","method":"N/A","correlationId":"N/A","message":"Mapped {/sous-branches, POST} route"}
{"timestamp":"2026-10-02 13:54:40","level":"\u001b[32minfo\u001b[39m","context":"RouterExplorer","method":"N/A","correlationId":"N/A","message":"Mapped {/sous-branches/:id, PUT} route"}
{"timestamp":"2026-10-02 13:54:40","level":"\u001b[32minfo\u001b[39m","context":"RouterExplorer","method":"N/A","correlationId":"N/A","message":"Mapped {/sous-branches/:id, DELETE} route"}
{"timestamp":"2026-10-02 13:54:40","level":"\u001b[32minfo\u001b[39m","context":"RoutesResolver","method":"N/A","correlationId":"N/A","message":"DomaineActiviteController {/domaines-activite}:"}
{"timestamp":"2026-10-02 13:54:40","level":"\u001b[32minfo\u001b[39m","context":"RouterExplorer","method":"N/A","correlationId":"N/A","message":"Mapped {/domaines-activite, GET} route"}
{"timestamp":"2026-10-02 13:54:40","level":"\u001b[32minfo\u001b[39m","context":"RouterExplorer","method":"N/A","correlationId":"N/A","message":"Mapped {/domaines-activite/:id, GET} route"}
{"timestamp":"2026-10-02 13:54:40","level":"\u001b[32minfo\u001b[39m","context":"RouterExplorer","method":"N/A","correlationId":"N/A","message":"Mapped {/domaines-activite, POST} route"}
{"timestamp":"2026-10-02 13:54:40","level":"\u001b[32minfo\u001b[39m","context":"RouterExplorer","method":"N/A","correlationId":"N/A","message":"Mapped {/domaines-activite/:id, PUT} route"}
{"timestamp":"2026-10-02 13:54:40","level":"\u001b[32minfo\u001b[39m","context":"RouterExplorer","method":"N/A","correlationId":"N/A","message":"Mapped {/domaines-activite/:id, DELETE} route"}
{"timestamp":"2026-10-02 13:54:40","level":"\u001b[32minfo\u001b[39m","context":"RoutesResolver","method":"N/A","correlationId":"N/A","message":"CampagneController {/campagnes}:"}
{"timestamp":"2026-10-02 13:54:40","level":"\u001b[32minfo\u001b[39m","context":"RouterExplorer","method":"N/A","correlationId":"N/A","message":"Mapped {/campagnes, GET} route"}
{"timestamp":"2026-10-02 13:54:40","level":"\u001b[32minfo\u001b[39m","context":"RouterExplorer","method":"N/A","correlationId":"N/A","message":"Mapped {/campagnes/:id, GET} route"}
{"timestamp":"2026-10-02 13:54:40","level":"\u001b[32minfo\u001b[39m","context":"RouterExplorer","method":"N/A","correlationId":"N/A","message":"Mapped {/campagnes, POST} route"}
{"timestamp":"2026-10-02 13:54:40","level":"\u001b[32minfo\u001b[39m","context":"RouterExplorer","method":"N/A","correlationId":"N/A","message":"Mapped {/campagnes/:id, PUT} route"}
{"timestamp":"2026-10-02 13:54:40","level":"\u001b[32minfo\u001b[39m","context":"RouterExplorer","method":"N/A","correlationId":"N/A","message":"Mapped {/campagnes/:id, DELETE} route"}
{"timestamp":"2026-10-02 13:54:40","level":"\u001b[32minfo\u001b[39m","context":"RoutesResolver","method":"N/A","correlationId":"N/A","message":"MouvementController {/mouvements}:"}
{"timestamp":"2026-10-02 13:54:40","level":"\u001b[32minfo\u001b[39m","context":"RouterExplorer","method":"N/A","correlationId":"N/A","message":"Mapped {/mouvements, GET} route"}
{"timestamp":"2026-10-02 13:54:40","level":"\u001b[32minfo\u001b[39m","context":"RouterExplorer","method":"N/A","correlationId":"N/A","message":"Mapped {/mouvements/:id, GET} route"}
{"timestamp":"2026-10-02 13:54:40","level":"\u001b[32minfo\u001b[39m","context":"RouterExplorer","method":"N/A","correlationId":"N/A","message":"Mapped {/mouvements, POST} route"}
{"timestamp":"2026-10-02 13:54:40","level":"\u001b[32minfo\u001b[39m","context":"RouterExplorer","method":"N/A","correlationId":"N/A","message":"Mapped {/mouvements/:id, PUT} route"}
{"timestamp":"2026-10-02 13:54:40","level":"\u001b[32minfo\u001b[39m","context":"RouterExplorer","method":"N/A","correlationId":"N/A","message":"Mapped {/mouvements/:id, DELETE} route"}
{"timestamp":"2026-10-02 13:54:40","level":"\u001b[32minfo\u001b[39m","context":"RoutesResolver","method":"N/A","correlationId":"N/A","message":"CompteTypeController {/compte-types}:"}
{"timestamp":"2026-10-02 13:54:40","level":"\u001b[32minfo\u001b[39m","context":"RouterExplorer","method":"N/A","correlationId":"N/A","message":"Mapped {/compte-types, GET} route"}
{"timestamp":"2026-10-02 13:54:40","level":"\u001b[32minfo\u001b[39m","context":"RouterExplorer","method":"N/A","correlationId":"N/A","message":"Mapped {/compte-types/:id, GET} route"}
{"timestamp":"2026-10-02 13:54:40","level":"\u001b[32minfo\u001b[39m","context":"RouterExplorer","method":"N/A","correlationId":"N/A","message":"Mapped {/compte-types, POST} route"}
{"timestamp":"2026-10-02 13:54:40","level":"\u001b[32minfo\u001b[39m","context":"RouterExplorer","method":"N/A","correlationId":"N/A","message":"Mapped {/compte-types/:id, PUT} route"}
{"timestamp":"2026-10-02 13:54:40","level":"\u001b[32minfo\u001b[39m","context":"RouterExplorer","method":"N/A","correlationId":"N/A","message":"Mapped {/compte-types/:id, DELETE} route"}
{"timestamp":"2026-10-02 13:54:40","level":"\u001b[32minfo\u001b[39m","context":"RoutesResolver","method":"N/A","correlationId":"N/A","message":"NatureCessionController {/natures-cession}:"}
{"timestamp":"2026-10-02 13:54:40","level":"\u001b[32minfo\u001b[39m","context":"RouterExplorer","method":"N/A","correlationId":"N/A","message":"Mapped {/natures-cession, GET} route"}
{"timestamp":"2026-10-02 13:54:40","level":"\u001b[32minfo\u001b[39m","context":"RouterExplorer","method":"N/A","correlationId":"N/A","message":"Mapped {/natures-cession/:id, GET} route"}
{"timestamp":"2026-10-02 13:54:40","level":"\u001b[32minfo\u001b[39m","context":"RouterExplorer","method":"N/A","correlationId":"N/A","message":"Mapped {/natures-cession, POST} route"}
{"timestamp":"2026-10-02 13:54:40","level":"\u001b[32minfo\u001b[39m","context":"RouterExplorer","method":"N/A","correlationId":"N/A","message":"Mapped {/natures-cession/:id, PUT} route"}
{"timestamp":"2026-10-02 13:54:40","level":"\u001b[32minfo\u001b[39m","context":"RouterExplorer","method":"N/A","correlationId":"N/A","message":"Mapped {/natures-cession/:id, DELETE} route"}
{"timestamp":"2026-10-02 13:54:40","level":"\u001b[32minfo\u001b[39m","context":"RoutesResolver","method":"N/A","correlationId":"N/A","message":"RegionController {/regions}:"}
{"timestamp":"2026-10-02 13:54:40","level":"\u001b[32minfo\u001b[39m","context":"RouterExplorer","method":"N/A","correlationId":"N/A","message":"Mapped {/regions, GET} route"}
{"timestamp":"2026-10-02 13:54:40","level":"\u001b[32minfo\u001b[39m","context":"RouterExplorer","method":"N/A","correlationId":"N/A","message":"Mapped {/regions/:id, GET} route"}
{"timestamp":"2026-10-02 13:54:40","level":"\u001b[32minfo\u001b[39m","context":"RouterExplorer","method":"N/A","correlationId":"N/A","message":"Mapped {/regions, POST} route"}
{"timestamp":"2026-10-02 13:54:40","level":"\u001b[32minfo\u001b[39m","context":"RouterExplorer","method":"N/A","correlationId":"N/A","message":"Mapped {/regions/:id, PUT} route"}
{"timestamp":"2026-10-02 13:54:40","level":"\u001b[32minfo\u001b[39m","context":"RouterExplorer","method":"N/A","correlationId":"N/A","message":"Mapped {/regions/:id, DELETE} route"}
{"timestamp":"2026-10-02 13:54:40","level":"\u001b[32minfo\u001b[39m","context":"RoutesResolver","method":"N/A","correlationId":"N/A","message":"PaysController {/pays}:"}
{"timestamp":"2026-10-02 13:54:40","level":"\u001b[32minfo\u001b[39m","context":"RouterExplorer","method":"N/A","correlationId":"N/A","message":"Mapped {/pays, GET} route"}
{"timestamp":"2026-10-02 13:54:40","level":"\u001b[32minfo\u001b[39m","context":"RouterExplorer","method":"N/A","correlationId":"N/A","message":"Mapped {/pays/:id, GET} route"}
{"timestamp":"2026-10-02 13:54:40","level":"\u001b[32minfo\u001b[39m","context":"RouterExplorer","method":"N/A","correlationId":"N/A","message":"Mapped {/pays, POST} route"}
{"timestamp":"2026-10-02 13:54:40","level":"\u001b[32minfo\u001b[39m","context":"RouterExplorer","method":"N/A","correlationId":"N/A","message":"Mapped {/pays/:id, PUT} route"}
{"timestamp":"2026-10-02 13:54:40","level":"\u001b[32minfo\u001b[39m","context":"RouterExplorer","method":"N/A","correlationId":"N/A","message":"Mapped {/pays/:id, DELETE} route"}
{"timestamp":"2026-10-02 13:54:40","level":"\u001b[32minfo\u001b[39m","context":"RoutesResolver","method":"N/A","correlationId":"N/A","message":"ActeurController {/acteurs}:"}
{"timestamp":"2026-10-02 13:54:40","level":"\u001b[32minfo\u001b[39m","context":"RouterExplorer","method":"N/A","correlationId":"N/A","message":"Mapped {/acteurs, GET} route"}
{"timestamp":"2026-10-02 13:54:40","level":"\u001b[32minfo\u001b[39m","context":"RouterExplorer","method":"N/A","correlationId":"N/A","message":"Mapped {/acteurs/:id, GET} route"}
{"timestamp":"2026-10-02 13:54:40","level":"\u001b[32minfo\u001b[39m","context":"RouterExplorer","method":"N/A","correlationId":"N/A","message":"Mapped {/acteurs, POST} route"}
{"timestamp":"2026-10-02 13:54:40","level":"\u001b[32minfo\u001b[39m","context":"RouterExplorer","method":"N/A","correlationId":"N/A","message":"Mapped {/acteurs/:id, PUT} route"}
{"timestamp":"2026-10-02 13:54:40","level":"\u001b[32minfo\u001b[39m","context":"RouterExplorer","method":"N/A","correlationId":"N/A","message":"Mapped {/acteurs/:id, DELETE} route"}
{"timestamp":"2026-10-02 13:54:40","level":"\u001b[32minfo\u001b[39m","context":"RoutesResolver","method":"N/A","correlationId":"N/A","message":"AssureController {/assures}:"}
{"timestamp":"2026-10-02 13:54:40","level":"\u001b[32minfo\u001b[39m","context":"RouterExplorer","method":"N/A","correlationId":"N/A","message":"Mapped {/assures, GET} route"}
{"timestamp":"2026-10-02 13:54:40","level":"\u001b[32minfo\u001b[39m","context":"RouterExplorer","method":"N/A","correlationId":"N/A","message":"Mapped {/assures/:id, GET} route"}
{"timestamp":"2026-10-02 13:54:40","level":"\u001b[32minfo\u001b[39m","context":"RouterExplorer","method":"N/A","correlationId":"N/A","message":"Mapped {/assures, POST} route"}
{"timestamp":"2026-10-02 13:54:40","level":"\u001b[32minfo\u001b[39m","context":"RouterExplorer","method":"N/A","correlationId":"N/A","message":"Mapped {/assures/:id, PUT} route"}
{"timestamp":"2026-10-02 13:54:40","level":"\u001b[32minfo\u001b[39m","context":"RouterExplorer","method":"N/A","correlationId":"N/A","message":"Mapped {/assures/:id, DELETE} route"}
{"timestamp":"2026-10-02 13:54:40","level":"\u001b[32minfo\u001b[39m","context":"RoutesResolver","method":"N/A","correlationId":"N/A","message":"ContactController {/contacts}:"}
{"timestamp":"2026-10-02 13:54:40","level":"\u001b[32minfo\u001b[39m","context":"RouterExplorer","method":"N/A","correlationId":"N/A","message":"Mapped {/contacts, GET} route"}
{"timestamp":"2026-10-02 13:54:40","level":"\u001b[32minfo\u001b[39m","context":"RouterExplorer","method":"N/A","correlationId":"N/A","message":"Mapped {/contacts/:id, GET} route"}
{"timestamp":"2026-10-02 13:54:40","level":"\u001b[32minfo\u001b[39m","context":"RouterExplorer","method":"N/A","correlationId":"N/A","message":"Mapped {/contacts, POST} route"}
{"timestamp":"2026-10-02 13:54:40","level":"\u001b[32minfo\u001b[39m","context":"RouterExplorer","method":"N/A","correlationId":"N/A","message":"Mapped {/contacts/:id, PUT} route"}
{"timestamp":"2026-10-02 13:54:40","level":"\u001b[32minfo\u001b[39m","context":"RouterExplorer","method":"N/A","correlationId":"N/A","message":"Mapped {/contacts/:id, DELETE} route"}
{"timestamp":"2026-10-02 13:54:40","level":"\u001b[32minfo\u001b[39m","context":"RoutesResolver","method":"N/A","correlationId":"N/A","message":"PoliceController {/polices}:"}
{"timestamp":"2026-10-02 13:54:40","level":"\u001b[32minfo\u001b[39m","context":"RouterExplorer","method":"N/A","correlationId":"N/A","message":"Mapped {/polices, GET} route"}
{"timestamp":"2026-10-02 13:54:40","level":"\u001b[32minfo\u001b[39m","context":"RouterExplorer","method":"N/A","correlationId":"N/A","message":"Mapped {/polices/:id, GET} route"}
{"timestamp":"2026-10-02 13:54:40","level":"\u001b[32minfo\u001b[39m","context":"RouterExplorer","method":"N/A","correlationId":"N/A","message":"Mapped {/polices, POST} route"}
{"timestamp":"2026-10-02 13:54:40","level":"\u001b[32minfo\u001b[39m","context":"RouterExplorer","method":"N/A","correlationId":"N/A","message":"Mapped {/polices/:id, PUT} route"}
{"timestamp":"2026-10-02 13:54:40","level":"\u001b[32minfo\u001b[39m","context":"RouterExplorer","method":"N/A","correlationId":"N/A","message":"Mapped {/polices/:id, DELETE} route"}
{"timestamp":"2026-10-02 13:54:40","level":"\u001b[32minfo\u001b[39m","context":"RoutesResolver","method":"N/A","correlationId":"N/A","message":"QuittanceController {/quittances}:"}
{"timestamp":"2026-10-02 13:54:40","level":"\u001b[32minfo\u001b[39m","context":"RouterExplorer","method":"N/A","correlationId":"N/A","message":"Mapped {/quittances, GET} route"}
{"timestamp":"2026-10-02 13:54:40","level":"\u001b[32minfo\u001b[39m","context":"RouterExplorer","method":"N/A","correlationId":"N/A","message":"Mapped {/quittances/:id, GET} route"}
{"timestamp":"2026-10-02 13:54:40","level":"\u001b[32minfo\u001b[39m","context":"RouterExplorer","method":"N/A","correlationId":"N/A","message":"Mapped {/quittances, POST} route"}
{"timestamp":"2026-10-02 13:54:40","level":"\u001b[32minfo\u001b[39m","context":"RouterExplorer","method":"N/A","correlationId":"N/A","message":"Mapped {/quittances/:id, PUT} route"}
{"timestamp":"2026-10-02 13:54:40","level":"\u001b[32minfo\u001b[39m","context":"RouterExplorer","method":"N/A","correlationId":"N/A","message":"Mapped {/quittances/:id/annuler, PATCH} route"}
{"timestamp":"2026-10-02 13:54:40","level":"\u001b[32minfo\u001b[39m","context":"RouterExplorer","method":"N/A","correlationId":"N/A","message":"Mapped {/quittances/:id, DELETE} route"}
{"timestamp":"2026-10-02 13:54:40","level":"\u001b[32minfo\u001b[39m","context":"RoutesResolver","method":"N/A","correlationId":"N/A","message":"QuittanceCessionController {/quittances-cession}:"}
{"timestamp":"2026-10-02 13:54:40","level":"\u001b[32minfo\u001b[39m","context":"RouterExplorer","method":"N/A","correlationId":"N/A","message":"Mapped {/quittances-cession, GET} route"}
{"timestamp":"2026-10-02 13:54:40","level":"\u001b[32minfo\u001b[39m","context":"RouterExplorer","method":"N/A","correlationId":"N/A","message":"Mapped {/quittances-cession/:id, GET} route"}
{"timestamp":"2026-10-02 13:54:40","level":"\u001b[32minfo\u001b[39m","context":"RouterExplorer","method":"N/A","correlationId":"N/A","message":"Mapped {/quittances-cession, POST} route"}
{"timestamp":"2026-10-02 13:54:40","level":"\u001b[32minfo\u001b[39m","context":"RouterExplorer","method":"N/A","correlationId":"N/A","message":"Mapped {/quittances-cession/:id, PUT} route"}
{"timestamp":"2026-10-02 13:54:40","level":"\u001b[32minfo\u001b[39m","context":"RouterExplorer","method":"N/A","correlationId":"N/A","message":"Mapped {/quittances-cession/:id, DELETE} route"}
{"timestamp":"2026-10-02 13:54:40","level":"\u001b[32minfo\u001b[39m","context":"RoutesResolver","method":"N/A","correlationId":"N/A","message":"EcheancePmdController {/echeances-pmd}:"}
{"timestamp":"2026-10-02 13:54:40","level":"\u001b[32minfo\u001b[39m","context":"RouterExplorer","method":"N/A","correlationId":"N/A","message":"Mapped {/echeances-pmd, GET} route"}
{"timestamp":"2026-10-02 13:54:40","level":"\u001b[32minfo\u001b[39m","context":"RouterExplorer","method":"N/A","correlationId":"N/A","message":"Mapped {/echeances-pmd/:id, GET} route"}
{"timestamp":"2026-10-02 13:54:40","level":"\u001b[32minfo\u001b[39m","context":"RouterExplorer","method":"N/A","correlationId":"N/A","message":"Mapped {/echeances-pmd, POST} route"}
{"timestamp":"2026-10-02 13:54:40","level":"\u001b[32minfo\u001b[39m","context":"RouterExplorer","method":"N/A","correlationId":"N/A","message":"Mapped {/echeances-pmd/:id, PUT} route"}
{"timestamp":"2026-10-02 13:54:40","level":"\u001b[32minfo\u001b[39m","context":"RouterExplorer","method":"N/A","correlationId":"N/A","message":"Mapped {/echeances-pmd/:id, DELETE} route"}
{"timestamp":"2026-10-02 13:54:40","level":"\u001b[32minfo\u001b[39m","context":"RoutesResolver","method":"N/A","correlationId":"N/A","message":"BordereauController {/bordereaux}:"}
{"timestamp":"2026-10-02 13:54:40","level":"\u001b[32minfo\u001b[39m","context":"RouterExplorer","method":"N/A","correlationId":"N/A","message":"Mapped {/bordereaux, GET} route"}
{"timestamp":"2026-10-02 13:54:40","level":"\u001b[32minfo\u001b[39m","context":"RouterExplorer","method":"N/A","correlationId":"N/A","message":"Mapped {/bordereaux/:id, GET} route"}
{"timestamp":"2026-10-02 13:54:40","level":"\u001b[32minfo\u001b[39m","context":"RouterExplorer","method":"N/A","correlationId":"N/A","message":"Mapped {/bordereaux, POST} route"}
{"timestamp":"2026-10-02 13:54:40","level":"\u001b[32minfo\u001b[39m","context":"RouterExplorer","method":"N/A","correlationId":"N/A","message":"Mapped {/bordereaux/:id, PUT} route"}
{"timestamp":"2026-10-02 13:54:40","level":"\u001b[32minfo\u001b[39m","context":"RouterExplorer","method":"N/A","correlationId":"N/A","message":"Mapped {/bordereaux/:id, DELETE} route"}
{"timestamp":"2026-10-02 13:54:40","level":"\u001b[32minfo\u001b[39m","context":"RoutesResolver","method":"N/A","correlationId":"N/A","message":"CompteTraiteController {/comptes-traite}:"}
{"timestamp":"2026-10-02 13:54:40","level":"\u001b[32minfo\u001b[39m","context":"RouterExplorer","method":"N/A","correlationId":"N/A","message":"Mapped {/comptes-traite, GET} route"}
{"timestamp":"2026-10-02 13:54:40","level":"\u001b[32minfo\u001b[39m","context":"RouterExplorer","method":"N/A","correlationId":"N/A","message":"Mapped {/comptes-traite/:id, GET} route"}
{"timestamp":"2026-10-02 13:54:40","level":"\u001b[32minfo\u001b[39m","context":"RouterExplorer","method":"N/A","correlationId":"N/A","message":"Mapped {/comptes-traite, POST} route"}
{"timestamp":"2026-10-02 13:54:40","level":"\u001b[32minfo\u001b[39m","context":"RouterExplorer","method":"N/A","correlationId":"N/A","message":"Mapped {/comptes-traite/:id, PUT} route"}
{"timestamp":"2026-10-02 13:54:40","level":"\u001b[32minfo\u001b[39m","context":"RouterExplorer","method":"N/A","correlationId":"N/A","message":"Mapped {/comptes-traite/:id, DELETE} route"}
{"timestamp":"2026-10-02 13:54:40","level":"\u001b[32minfo\u001b[39m","context":"RoutesResolver","method":"N/A","correlationId":"N/A","message":"NoteDebitCreditController {/notes-debit-credit}:"}
{"timestamp":"2026-10-02 13:54:40","level":"\u001b[32minfo\u001b[39m","context":"RouterExplorer","method":"N/A","correlationId":"N/A","message":"Mapped {/notes-debit-credit, GET} route"}
{"timestamp":"2026-10-02 13:54:40","level":"\u001b[32minfo\u001b[39m","context":"RouterExplorer","method":"N/A","correlationId":"N/A","message":"Mapped {/notes-debit-credit/:id, GET} route"}
{"timestamp":"2026-10-02 13:54:40","level":"\u001b[32minfo\u001b[39m","context":"RouterExplorer","method":"N/A","correlationId":"N/A","message":"Mapped {/notes-debit-credit, POST} route"}
{"timestamp":"2026-10-02 13:54:40","level":"\u001b[32minfo\u001b[39m","context":"RouterExplorer","method":"N/A","correlationId":"N/A","message":"Mapped {/notes-debit-credit/:id, PUT} route"}
{"timestamp":"2026-10-02 13:54:40","level":"\u001b[32minfo\u001b[39m","context":"RouterExplorer","method":"N/A","correlationId":"N/A","message":"Mapped {/notes-debit-credit/:id, DELETE} route"}
{"timestamp":"2026-10-02 13:54:40","level":"\u001b[32minfo\u001b[39m","context":"RoutesResolver","method":"N/A","correlationId":"N/A","message":"ReglementController {/reglements}:"}
{"timestamp":"2026-10-02 13:54:40","level":"\u001b[32minfo\u001b[39m","context":"RouterExplorer","method":"N/A","correlationId":"N/A","message":"Mapped {/reglements, GET} route"}
{"timestamp":"2026-10-02 13:54:40","level":"\u001b[32minfo\u001b[39m","context":"RouterExplorer","method":"N/A","correlationId":"N/A","message":"Mapped {/reglements/:id, GET} route"}
{"timestamp":"2026-10-02 13:54:40","level":"\u001b[32minfo\u001b[39m","context":"RouterExplorer","method":"N/A","correlationId":"N/A","message":"Mapped {/reglements, POST} route"}
{"timestamp":"2026-10-02 13:54:40","level":"\u001b[32minfo\u001b[39m","context":"RouterExplorer","method":"N/A","correlationId":"N/A","message":"Mapped {/reglements/:id, PUT} route"}
{"timestamp":"2026-10-02 13:54:40","level":"\u001b[32minfo\u001b[39m","context":"RouterExplorer","method":"N/A","correlationId":"N/A","message":"Mapped {/reglements/:id, DELETE} route"}
{"timestamp":"2026-10-02 13:54:40","level":"\u001b[32minfo\u001b[39m","context":"RoutesResolver","method":"N/A","correlationId":"N/A","message":"SinistreStatutController {/sinistre-statuts}:"}
{"timestamp":"2026-10-02 13:54:40","level":"\u001b[32minfo\u001b[39m","context":"RouterExplorer","method":"N/A","correlationId":"N/A","message":"Mapped {/sinistre-statuts, GET} route"}
{"timestamp":"2026-10-02 13:54:40","level":"\u001b[32minfo\u001b[39m","context":"RouterExplorer","method":"N/A","correlationId":"N/A","message":"Mapped {/sinistre-statuts/:id, GET} route"}
{"timestamp":"2026-10-02 13:54:40","level":"\u001b[32minfo\u001b[39m","context":"RouterExplorer","method":"N/A","correlationId":"N/A","message":"Mapped {/sinistre-statuts, POST} route"}
{"timestamp":"2026-10-02 13:54:40","level":"\u001b[32minfo\u001b[39m","context":"RouterExplorer","method":"N/A","correlationId":"N/A","message":"Mapped {/sinistre-statuts/:id, PUT} route"}
{"timestamp":"2026-10-02 13:54:40","level":"\u001b[32minfo\u001b[39m","context":"RouterExplorer","method":"N/A","correlationId":"N/A","message":"Mapped {/sinistre-statuts/:id, DELETE} route"}
{"timestamp":"2026-10-02 13:54:40","level":"\u001b[32minfo\u001b[39m","context":"RoutesResolver","method":"N/A","correlationId":"N/A","message":"SinistreTypeEvaluationController {/sinistres-types-evaluation}:"}
{"timestamp":"2026-10-02 13:54:40","level":"\u001b[32minfo\u001b[39m","context":"RouterExplorer","method":"N/A","correlationId":"N/A","message":"Mapped {/sinistres-types-evaluation, GET} route"}
{"timestamp":"2026-10-02 13:54:40","level":"\u001b[32minfo\u001b[39m","context":"RouterExplorer","method":"N/A","correlationId":"N/A","message":"Mapped {/sinistres-types-evaluation/:id, GET} route"}
{"timestamp":"2026-10-02 13:54:40","level":"\u001b[32minfo\u001b[39m","context":"RouterExplorer","method":"N/A","correlationId":"N/A","message":"Mapped {/sinistres-types-evaluation, POST} route"}
{"timestamp":"2026-10-02 13:54:40","level":"\u001b[32minfo\u001b[39m","context":"RouterExplorer","method":"N/A","correlationId":"N/A","message":"Mapped {/sinistres-types-evaluation/:id, PUT} route"}
{"timestamp":"2026-10-02 13:54:40","level":"\u001b[32minfo\u001b[39m","context":"RouterExplorer","method":"N/A","correlationId":"N/A","message":"Mapped {/sinistres-types-evaluation/:id, DELETE} route"}
{"timestamp":"2026-10-02 13:54:40","level":"\u001b[32minfo\u001b[39m","context":"RoutesResolver","method":"N/A","correlationId":"N/A","message":"SinistreController {/sinistre}:"}
{"timestamp":"2026-10-02 13:54:40","level":"\u001b[32minfo\u001b[39m","context":"RouterExplorer","method":"N/A","correlationId":"N/A","message":"Mapped {/sinistre, GET} route"}
{"timestamp":"2026-10-02 13:54:40","level":"\u001b[32minfo\u001b[39m","context":"RouterExplorer","method":"N/A","correlationId":"N/A","message":"Mapped {/sinistre/:id, GET} route"}
{"timestamp":"2026-10-02 13:54:40","level":"\u001b[32minfo\u001b[39m","context":"RouterExplorer","method":"N/A","correlationId":"N/A","message":"Mapped {/sinistre, POST} route"}
{"timestamp":"2026-10-02 13:54:40","level":"\u001b[32minfo\u001b[39m","context":"RouterExplorer","method":"N/A","correlationId":"N/A","message":"Mapped {/sinistre/:id, PUT} route"}
{"timestamp":"2026-10-02 13:54:40","level":"\u001b[32minfo\u001b[39m","context":"RouterExplorer","method":"N/A","correlationId":"N/A","message":"Mapped {/sinistre/:id, DELETE} route"}
{"timestamp":"2026-10-02 13:54:40","level":"\u001b[32minfo\u001b[39m","context":"RoutesResolver","method":"N/A","correlationId":"N/A","message":"SinistreEvaluationController {/sinistres-evaluations}:"}
{"timestamp":"2026-10-02 13:54:40","level":"\u001b[32minfo\u001b[39m","context":"RouterExplorer","method":"N/A","correlationId":"N/A","message":"Mapped {/sinistres-evaluations, GET} route"}
{"timestamp":"2026-10-02 13:54:40","level":"\u001b[32minfo\u001b[39m","context":"RouterExplorer","method":"N/A","correlationId":"N/A","message":"Mapped {/sinistres-evaluations/:id, GET} route"}
{"timestamp":"2026-10-02 13:54:40","level":"\u001b[32minfo\u001b[39m","context":"RouterExplorer","method":"N/A","correlationId":"N/A","message":"Mapped {/sinistres-evaluations, POST} route"}
{"timestamp":"2026-10-02 13:54:40","level":"\u001b[32minfo\u001b[39m","context":"RouterExplorer","method":"N/A","correlationId":"N/A","message":"Mapped {/sinistres-evaluations/:id, PUT} route"}
{"timestamp":"2026-10-02 13:54:40","level":"\u001b[32minfo\u001b[39m","context":"RouterExplorer","method":"N/A","correlationId":"N/A","message":"Mapped {/sinistres-evaluations/:id, DELETE} route"}
{"timestamp":"2026-10-02 13:54:40","level":"\u001b[32minfo\u001b[39m","context":"RoutesResolver","method":"N/A","correlationId":"N/A","message":"SinistreReglementController {/sinistres-reglements}:"}
{"timestamp":"2026-10-02 13:54:40","level":"\u001b[32minfo\u001b[39m","context":"RouterExplorer","method":"N/A","correlationId":"N/A","message":"Mapped {/sinistres-reglements, GET} route"}
{"timestamp":"2026-10-02 13:54:40","level":"\u001b[32minfo\u001b[39m","context":"RouterExplorer","method":"N/A","correlationId":"N/A","message":"Mapped {/sinistres-reglements/:id, GET} route"}
{"timestamp":"2026-10-02 13:54:40","level":"\u001b[32minfo\u001b[39m","context":"RouterExplorer","method":"N/A","correlationId":"N/A","message":"Mapped {/sinistres-reglements, POST} route"}
{"timestamp":"2026-10-02 13:54:40","level":"\u001b[32minfo\u001b[39m","context":"RouterExplorer","method":"N/A","correlationId":"N/A","message":"Mapped {/sinistres-reglements/:id, PUT} route"}
{"timestamp":"2026-10-02 13:54:40","level":"\u001b[32minfo\u001b[39m","context":"RouterExplorer","method":"N/A","correlationId":"N/A","message":"Mapped {/sinistres-reglements/:id, DELETE} route"}
{"timestamp":"2026-10-02 13:54:40","level":"\u001b[32minfo\u001b[39m","context":"NestApplication","method":"N/A","correlationId":"N/A","message":"Nest application successfully started"}
{"timestamp":"2026-10-02 13:55:01","level":"\u001b[32minfo\u001b[39m","context":"NestFactory","method":"N/A","correlationId":"N/A","message":"Starting Nest application..."}
{"timestamp":"2026-10-02 13:55:01","level":"\u001b[32minfo\u001b[39m","context":"InstanceLoader","method":"N/A","correlationId":"N/A","message":"TypeOrmModule dependencies initialized"}
{"timestamp":"2026-10-02 13:55:01","level":"\u001b[32minfo\u001b[39m","context":"InstanceLoader","method":"N/A","correlationId":"N/A","message":"ClsModule dependencies initialized"}
{"timestamp":"2026-10-02 13:55:01","level":"\u001b[32minfo\u001b[39m","context":"InstanceLoader","method":"N/A","correlationId":"N/A","message":"ClsCommonModule dependencies initialized"}
{"timestamp":"2026-10-02 13:55:01","level":"\u001b[32minfo\u001b[39m","context":"InstanceLoader","method":"N/A","correlationId":"N/A","message":"ClsModule dependencies initialized"}
{"timestamp":"2026-10-02 13:55:01","level":"\u001b[32minfo\u001b[39m","context":"InstanceLoader","method":"N/A","correlationId":"N/A","message":"ConfigHostModule dependencies initialized"}
{"timestamp":"2026-10-02 13:55:01","level":"\u001b[32minfo\u001b[39m","context":"InstanceLoader","method":"N/A","correlationId":"N/A","message":"DiscoveryModule dependencies initialized"}
{"timestamp":"2026-10-02 13:55:01","level":"\u001b[32minfo\u001b[39m","context":"InstanceLoader","method":"N/A","correlationId":"N/A","message":"ClsRootModule dependencies initialized"}
{"timestamp":"2026-10-02 13:55:01","level":"\u001b[32minfo\u001b[39m","context":"InstanceLoader","method":"N/A","correlationId":"N/A","message":"AppModule dependencies initialized"}
{"timestamp":"2026-10-02 13:55:01","level":"\u001b[32minfo\u001b[39m","context":"InstanceLoader","method":"N/A","correlationId":"N/A","message":"ConfigModule dependencies initialized"}
{"timestamp":"2026-10-02 13:55:01","level":"\u001b[32minfo\u001b[39m","context":"InstanceLoader","method":"N/A","correlationId":"N/A","message":"ClsPluginsModule dependencies initialized"}
{"timestamp":"2026-10-02 13:55:01","level":"\u001b[32minfo\u001b[39m","context":"InstanceLoader","method":"N/A","correlationId":"N/A","message":"TypeOrmCoreModule dependencies initialized"}
{"timestamp":"2026-10-02 13:55:01","level":"\u001b[32minfo\u001b[39m","context":"InstanceLoader","method":"N/A","correlationId":"N/A","message":"TypeOrmModule dependencies initialized"}
{"timestamp":"2026-10-02 13:55:01","level":"\u001b[32minfo\u001b[39m","context":"InstanceLoader","method":"N/A","correlationId":"N/A","message":"TypeOrmModule dependencies initialized"}
{"timestamp":"2026-10-02 13:55:01","level":"\u001b[32minfo\u001b[39m","context":"InstanceLoader","method":"N/A","correlationId":"N/A","message":"TypeOrmModule dependencies initialized"}
{"timestamp":"2026-10-02 13:55:01","level":"\u001b[32minfo\u001b[39m","context":"InstanceLoader","method":"N/A","correlationId":"N/A","message":"TypeOrmModule dependencies initialized"}
{"timestamp":"2026-10-02 13:55:01","level":"\u001b[32minfo\u001b[39m","context":"InstanceLoader","method":"N/A","correlationId":"N/A","message":"TypeOrmModule dependencies initialized"}
{"timestamp":"2026-10-02 13:55:01","level":"\u001b[32minfo\u001b[39m","context":"InstanceLoader","method":"N/A","correlationId":"N/A","message":"TypeOrmModule dependencies initialized"}
{"timestamp":"2026-10-02 13:55:01","level":"\u001b[32minfo\u001b[39m","context":"InstanceLoader","method":"N/A","correlationId":"N/A","message":"ClsPluginModule dependencies initialized"}
{"timestamp":"2026-10-02 13:55:01","level":"\u001b[32minfo\u001b[39m","context":"InstanceLoader","method":"N/A","correlationId":"N/A","message":"ActeursModule dependencies initialized"}
{"timestamp":"2026-10-02 13:55:01","level":"\u001b[32minfo\u001b[39m","context":"InstanceLoader","method":"N/A","correlationId":"N/A","message":"ReferentielModule dependencies initialized"}
{"timestamp":"2026-10-02 13:55:01","level":"\u001b[32minfo\u001b[39m","context":"InstanceLoader","method":"N/A","correlationId":"N/A","message":"PolicesModule dependencies initialized"}
{"timestamp":"2026-10-02 13:55:01","level":"\u001b[32minfo\u001b[39m","context":"InstanceLoader","method":"N/A","correlationId":"N/A","message":"FluxFinancierModule dependencies initialized"}
{"timestamp":"2026-10-02 13:55:01","level":"\u001b[32minfo\u001b[39m","context":"InstanceLoader","method":"N/A","correlationId":"N/A","message":"SinistresModule dependencies initialized"}
{"timestamp":"2026-10-02 13:55:01","level":"\u001b[32minfo\u001b[39m","context":"InstanceLoader","method":"N/A","correlationId":"N/A","message":"QuittancesModule dependencies initialized"}
{"timestamp":"2026-10-02 13:55:01","level":"\u001b[32minfo\u001b[39m","context":"RoutesResolver","method":"N/A","correlationId":"N/A","message":"BrancheController {/branches}:"}
{"timestamp":"2026-10-02 13:55:01","level":"\u001b[32minfo\u001b[39m","context":"RouterExplorer","method":"N/A","correlationId":"N/A","message":"Mapped {/branches, GET} route"}
{"timestamp":"2026-10-02 13:55:01","level":"\u001b[32minfo\u001b[39m","context":"RouterExplorer","method":"N/A","correlationId":"N/A","message":"Mapped {/branches/:id, GET} route"}
{"timestamp":"2026-10-02 13:55:01","level":"\u001b[32minfo\u001b[39m","context":"RouterExplorer","method":"N/A","correlationId":"N/A","message":"Mapped {/branches, POST} route"}
{"timestamp":"2026-10-02 13:55:01","level":"\u001b[32minfo\u001b[39m","context":"RouterExplorer","method":"N/A","correlationId":"N/A","message":"Mapped {/branches/:id, PUT} route"}
{"timestamp":"2026-10-02 13:55:01","level":"\u001b[32minfo\u001b[39m","context":"RouterExplorer","method":"N/A","correlationId":"N/A","message":"Mapped {/branches/:id, DELETE} route"}
{"timestamp":"2026-10-02 13:55:01","level":"\u001b[32minfo\u001b[39m","context":"RoutesResolver","method":"N/A","correlationId":"N/A","message":"SousBrancheController {/sous-branches}:"}
{"timestamp":"2026-10-02 13:55:01","level":"\u001b[32minfo\u001b[39m","context":"RouterExplorer","method":"N/A","correlationId":"N/A","message":"Mapped {/sous-branches, GET} route"}
{"timestamp":"2026-10-02 13:55:01","level":"\u001b[32minfo\u001b[39m","context":"RouterExplorer","method":"N/A","correlationId":"N/A","message":"Mapped {/sous-branches/:id, GET} route"}
{"timestamp":"2026-10-02 13:55:01","level":"\u001b[32minfo\u001b[39m","context":"RouterExplorer","method":"N/A","correlationId":"N/A","message":"Mapped {/sous-branches, POST} route"}
{"timestamp":"2026-10-02 13:55:01","level":"\u001b[32minfo\u001b[39m","context":"RouterExplorer","method":"N/A","correlationId":"N/A","message":"Mapped {/sous-branches/:id, PUT} route"}
{"timestamp":"2026-10-02 13:55:01","level":"\u001b[32minfo\u001b[39m","context":"RouterExplorer","method":"N/A","correlationId":"N/A","message":"Mapped {/sous-branches/:id, DELETE} route"}
{"timestamp":"2026-10-02 13:55:01","level":"\u001b[32minfo\u001b[39m","context":"RoutesResolver","method":"N/A","correlationId":"N/A","message":"DomaineActiviteController {/domaines-activite}:"}
{"timestamp":"2026-10-02 13:55:01","level":"\u001b[32minfo\u001b[39m","context":"RouterExplorer","method":"N/A","correlationId":"N/A","message":"Mapped {/domaines-activite, GET} route"}
{"timestamp":"2026-10-02 13:55:01","level":"\u001b[32minfo\u001b[39m","context":"RouterExplorer","method":"N/A","correlationId":"N/A","message":"Mapped {/domaines-activite/:id, GET} route"}
{"timestamp":"2026-10-02 13:55:01","level":"\u001b[32minfo\u001b[39m","context":"RouterExplorer","method":"N/A","correlationId":"N/A","message":"Mapped {/domaines-activite, POST} route"}
{"timestamp":"2026-10-02 13:55:01","level":"\u001b[32minfo\u001b[39m","context":"RouterExplorer","method":"N/A","correlationId":"N/A","message":"Mapped {/domaines-activite/:id, PUT} route"}
{"timestamp":"2026-10-02 13:55:01","level":"\u001b[32minfo\u001b[39m","context":"RouterExplorer","method":"N/A","correlationId":"N/A","message":"Mapped {/domaines-activite/:id, DELETE} route"}
{"timestamp":"2026-10-02 13:55:01","level":"\u001b[32minfo\u001b[39m","context":"RoutesResolver","method":"N/A","correlationId":"N/A","message":"CampagneController {/campagnes}:"}
{"timestamp":"2026-10-02 13:55:01","level":"\u001b[32minfo\u001b[39m","context":"RouterExplorer","method":"N/A","correlationId":"N/A","message":"Mapped {/campagnes, GET} route"}
{"timestamp":"2026-10-02 13:55:01","level":"\u001b[32minfo\u001b[39m","context":"RouterExplorer","method":"N/A","correlationId":"N/A","message":"Mapped {/campagnes/:id, GET} route"}
{"timestamp":"2026-10-02 13:55:01","level":"\u001b[32minfo\u001b[39m","context":"RouterExplorer","method":"N/A","correlationId":"N/A","message":"Mapped {/campagnes, POST} route"}
{"timestamp":"2026-10-02 13:55:01","level":"\u001b[32minfo\u001b[39m","context":"RouterExplorer","method":"N/A","correlationId":"N/A","message":"Mapped {/campagnes/:id, PUT} route"}
{"timestamp":"2026-10-02 13:55:01","level":"\u001b[32minfo\u001b[39m","context":"RouterExplorer","method":"N/A","correlationId":"N/A","message":"Mapped {/campagnes/:id, DELETE} route"}
{"timestamp":"2026-10-02 13:55:01","level":"\u001b[32minfo\u001b[39m","context":"RoutesResolver","method":"N/A","correlationId":"N/A","message":"MouvementController {/mouvements}:"}
{"timestamp":"2026-10-02 13:55:01","level":"\u001b[32minfo\u001b[39m","context":"RouterExplorer","method":"N/A","correlationId":"N/A","message":"Mapped {/mouvements, GET} route"}
{"timestamp":"2026-10-02 13:55:01","level":"\u001b[32minfo\u001b[39m","context":"RouterExplorer","method":"N/A","correlationId":"N/A","message":"Mapped {/mouvements/:id, GET} route"}
{"timestamp":"2026-10-02 13:55:01","level":"\u001b[32minfo\u001b[39m","context":"RouterExplorer","method":"N/A","correlationId":"N/A","message":"Mapped {/mouvements, POST} route"}
{"timestamp":"2026-10-02 13:55:01","level":"\u001b[32minfo\u001b[39m","context":"RouterExplorer","method":"N/A","correlationId":"N/A","message":"Mapped {/mouvements/:id, PUT} route"}
{"timestamp":"2026-10-02 13:55:01","level":"\u001b[32minfo\u001b[39m","context":"RouterExplorer","method":"N/A","correlationId":"N/A","message":"Mapped {/mouvements/:id, DELETE} route"}
{"timestamp":"2026-10-02 13:55:01","level":"\u001b[32minfo\u001b[39m","context":"RoutesResolver","method":"N/A","correlationId":"N/A","message":"CompteTypeController {/compte-types}:"}
{"timestamp":"2026-10-02 13:55:01","level":"\u001b[32minfo\u001b[39m","context":"RouterExplorer","method":"N/A","correlationId":"N/A","message":"Mapped {/compte-types, GET} route"}
{"timestamp":"2026-10-02 13:55:01","level":"\u001b[32minfo\u001b[39m","context":"RouterExplorer","method":"N/A","correlationId":"N/A","message":"Mapped {/compte-types/:id, GET} route"}
{"timestamp":"2026-10-02 13:55:01","level":"\u001b[32minfo\u001b[39m","context":"RouterExplorer","method":"N/A","correlationId":"N/A","message":"Mapped {/compte-types, POST} route"}
{"timestamp":"2026-10-02 13:55:01","level":"\u001b[32minfo\u001b[39m","context":"RouterExplorer","method":"N/A","correlationId":"N/A","message":"Mapped {/compte-types/:id, PUT} route"}
{"timestamp":"2026-10-02 13:55:01","level":"\u001b[32minfo\u001b[39m","context":"RouterExplorer","method":"N/A","correlationId":"N/A","message":"Mapped {/compte-types/:id, DELETE} route"}
{"timestamp":"2026-10-02 13:55:01","level":"\u001b[32minfo\u001b[39m","context":"RoutesResolver","method":"N/A","correlationId":"N/A","message":"NatureCessionController {/natures-cession}:"}
{"timestamp":"2026-10-02 13:55:01","level":"\u001b[32minfo\u001b[39m","context":"RouterExplorer","method":"N/A","correlationId":"N/A","message":"Mapped {/natures-cession, GET} route"}
{"timestamp":"2026-10-02 13:55:01","level":"\u001b[32minfo\u001b[39m","context":"RouterExplorer","method":"N/A","correlationId":"N/A","message":"Mapped {/natures-cession/:id, GET} route"}
{"timestamp":"2026-10-02 13:55:01","level":"\u001b[32minfo\u001b[39m","context":"RouterExplorer","method":"N/A","correlationId":"N/A","message":"Mapped {/natures-cession, POST} route"}
{"timestamp":"2026-10-02 13:55:01","level":"\u001b[32minfo\u001b[39m","context":"RouterExplorer","method":"N/A","correlationId":"N/A","message":"Mapped {/natures-cession/:id, PUT} route"}
{"timestamp":"2026-10-02 13:55:01","level":"\u001b[32minfo\u001b[39m","context":"RouterExplorer","method":"N/A","correlationId":"N/A","message":"Mapped {/natures-cession/:id, DELETE} route"}
{"timestamp":"2026-10-02 13:55:01","level":"\u001b[32minfo\u001b[39m","context":"RoutesResolver","method":"N/A","correlationId":"N/A","message":"RegionController {/regions}:"}
{"timestamp":"2026-10-02 13:55:01","level":"\u001b[32minfo\u001b[39m","context":"RouterExplorer","method":"N/A","correlationId":"N/A","message":"Mapped {/regions, GET} route"}
{"timestamp":"2026-10-02 13:55:01","level":"\u001b[32minfo\u001b[39m","context":"RouterExplorer","method":"N/A","correlationId":"N/A","message":"Mapped {/regions/:id, GET} route"}
{"timestamp":"2026-10-02 13:55:01","level":"\u001b[32minfo\u001b[39m","context":"RouterExplorer","method":"N/A","correlationId":"N/A","message":"Mapped {/regions, POST} route"}
{"timestamp":"2026-10-02 13:55:01","level":"\u001b[32minfo\u001b[39m","context":"RouterExplorer","method":"N/A","correlationId":"N/A","message":"Mapped {/regions/:id, PUT} route"}
{"timestamp":"2026-10-02 13:55:01","level":"\u001b[32minfo\u001b[39m","context":"RouterExplorer","method":"N/A","correlationId":"N/A","message":"Mapped {/regions/:id, DELETE} route"}
{"timestamp":"2026-10-02 13:55:01","level":"\u001b[32minfo\u001b[39m","context":"RoutesResolver","method":"N/A","correlationId":"N/A","message":"PaysController {/pays}:"}
{"timestamp":"2026-10-02 13:55:01","level":"\u001b[32minfo\u001b[39m","context":"RouterExplorer","method":"N/A","correlationId":"N/A","message":"Mapped {/pays, GET} route"}
{"timestamp":"2026-10-02 13:55:01","level":"\u001b[32minfo\u001b[39m","context":"RouterExplorer","method":"N/A","correlationId":"N/A","message":"Mapped {/pays/:id, GET} route"}
{"timestamp":"2026-10-02 13:55:01","level":"\u001b[32minfo\u001b[39m","context":"RouterExplorer","method":"N/A","correlationId":"N/A","message":"Mapped {/pays, POST} route"}
{"timestamp":"2026-10-02 13:55:01","level":"\u001b[32minfo\u001b[39m","context":"RouterExplorer","method":"N/A","correlationId":"N/A","message":"Mapped {/pays/:id, PUT} route"}
{"timestamp":"2026-10-02 13:55:01","level":"\u001b[32minfo\u001b[39m","context":"RouterExplorer","method":"N/A","correlationId":"N/A","message":"Mapped {/pays/:id, DELETE} route"}
{"timestamp":"2026-10-02 13:55:01","level":"\u001b[32minfo\u001b[39m","context":"RoutesResolver","method":"N/A","correlationId":"N/A","message":"ActeurController {/acteurs}:"}
{"timestamp":"2026-10-02 13:55:01","level":"\u001b[32minfo\u001b[39m","context":"RouterExplorer","method":"N/A","correlationId":"N/A","message":"Mapped {/acteurs, GET} route"}
{"timestamp":"2026-10-02 13:55:01","level":"\u001b[32minfo\u001b[39m","context":"RouterExplorer","method":"N/A","correlationId":"N/A","message":"Mapped {/acteurs/:id, GET} route"}
{"timestamp":"2026-10-02 13:55:01","level":"\u001b[32minfo\u001b[39m","context":"RouterExplorer","method":"N/A","correlationId":"N/A","message":"Mapped {/acteurs, POST} route"}
{"timestamp":"2026-10-02 13:55:01","level":"\u001b[32minfo\u001b[39m","context":"RouterExplorer","method":"N/A","correlationId":"N/A","message":"Mapped {/acteurs/:id, PUT} route"}
{"timestamp":"2026-10-02 13:55:01","level":"\u001b[32minfo\u001b[39m","context":"RouterExplorer","method":"N/A","correlationId":"N/A","message":"Mapped {/acteurs/:id, DELETE} route"}
{"timestamp":"2026-10-02 13:55:01","level":"\u001b[32minfo\u001b[39m","context":"RoutesResolver","method":"N/A","correlationId":"N/A","message":"AssureController {/assures}:"}
{"timestamp":"2026-10-02 13:55:01","level":"\u001b[32minfo\u001b[39m","context":"RouterExplorer","method":"N/A","correlationId":"N/A","message":"Mapped {/assures, GET} route"}
{"timestamp":"2026-10-02 13:55:01","level":"\u001b[32minfo\u001b[39m","context":"RouterExplorer","method":"N/A","correlationId":"N/A","message":"Mapped {/assures/:id, GET} route"}
{"timestamp":"2026-10-02 13:55:01","level":"\u001b[32minfo\u001b[39m","context":"RouterExplorer","method":"N/A","correlationId":"N/A","message":"Mapped {/assures, POST} route"}
{"timestamp":"2026-10-02 13:55:01","level":"\u001b[32minfo\u001b[39m","context":"RouterExplorer","method":"N/A","correlationId":"N/A","message":"Mapped {/assures/:id, PUT} route"}
{"timestamp":"2026-10-02 13:55:01","level":"\u001b[32minfo\u001b[39m","context":"RouterExplorer","method":"N/A","correlationId":"N/A","message":"Mapped {/assures/:id, DELETE} route"}
{"timestamp":"2026-10-02 13:55:01","level":"\u001b[32minfo\u001b[39m","context":"RoutesResolver","method":"N/A","correlationId":"N/A","message":"ContactController {/contacts}:"}
{"timestamp":"2026-10-02 13:55:01","level":"\u001b[32minfo\u001b[39m","context":"RouterExplorer","method":"N/A","correlationId":"N/A","message":"Mapped {/contacts, GET} route"}
{"timestamp":"2026-10-02 13:55:01","level":"\u001b[32minfo\u001b[39m","context":"RouterExplorer","method":"N/A","correlationId":"N/A","message":"Mapped {/contacts/:id, GET} route"}
{"timestamp":"2026-10-02 13:55:01","level":"\u001b[32minfo\u001b[39m","context":"RouterExplorer","method":"N/A","correlationId":"N/A","message":"Mapped {/contacts, POST} route"}
{"timestamp":"2026-10-02 13:55:01","level":"\u001b[32minfo\u001b[39m","context":"RouterExplorer","method":"N/A","correlationId":"N/A","message":"Mapped {/contacts/:id, PUT} route"}
{"timestamp":"2026-10-02 13:55:01","level":"\u001b[32minfo\u001b[39m","context":"RouterExplorer","method":"N/A","correlationId":"N/A","message":"Mapped {/contacts/:id, DELETE} route"}
{"timestamp":"2026-10-02 13:55:01","level":"\u001b[32minfo\u001b[39m","context":"RoutesResolver","method":"N/A","correlationId":"N/A","message":"PoliceController {/polices}:"}
{"timestamp":"2026-10-02 13:55:01","level":"\u001b[32minfo\u001b[39m","context":"RouterExplorer","method":"N/A","correlationId":"N/A","message":"Mapped {/polices, GET} route"}
{"timestamp":"2026-10-02 13:55:01","level":"\u001b[32minfo\u001b[39m","context":"RouterExplorer","method":"N/A","correlationId":"N/A","message":"Mapped {/polices/:id, GET} route"}
{"timestamp":"2026-10-02 13:55:01","level":"\u001b[32minfo\u001b[39m","context":"RouterExplorer","method":"N/A","correlationId":"N/A","message":"Mapped {/polices, POST} route"}
{"timestamp":"2026-10-02 13:55:01","level":"\u001b[32minfo\u001b[39m","context":"RouterExplorer","method":"N/A","correlationId":"N/A","message":"Mapped {/polices/:id, PUT} route"}
{"timestamp":"2026-10-02 13:55:01","level":"\u001b[32minfo\u001b[39m","context":"RouterExplorer","method":"N/A","correlationId":"N/A","message":"Mapped {/polices/:id, DELETE} route"}
{"timestamp":"2026-10-02 13:55:01","level":"\u001b[32minfo\u001b[39m","context":"RoutesResolver","method":"N/A","correlationId":"N/A","message":"QuittanceController {/quittances}:"}
{"timestamp":"2026-10-02 13:55:01","level":"\u001b[32minfo\u001b[39m","context":"RouterExplorer","method":"N/A","correlationId":"N/A","message":"Mapped {/quittances, GET} route"}
{"timestamp":"2026-10-02 13:55:01","level":"\u001b[32minfo\u001b[39m","context":"RouterExplorer","method":"N/A","correlationId":"N/A","message":"Mapped {/quittances/:id, GET} route"}
{"timestamp":"2026-10-02 13:55:01","level":"\u001b[32minfo\u001b[39m","context":"RouterExplorer","method":"N/A","correlationId":"N/A","message":"Mapped {/quittances, POST} route"}
{"timestamp":"2026-10-02 13:55:01","level":"\u001b[32minfo\u001b[39m","context":"RouterExplorer","method":"N/A","correlationId":"N/A","message":"Mapped {/quittances/:id, PUT} route"}
{"timestamp":"2026-10-02 13:55:01","level":"\u001b[32minfo\u001b[39m","context":"RouterExplorer","method":"N/A","correlationId":"N/A","message":"Mapped {/quittances/:id/annuler, PATCH} route"}
{"timestamp":"2026-10-02 13:55:01","level":"\u001b[32minfo\u001b[39m","context":"RouterExplorer","method":"N/A","correlationId":"N/A","message":"Mapped {/quittances/:id, DELETE} route"}
{"timestamp":"2026-10-02 13:55:01","level":"\u001b[32minfo\u001b[39m","context":"RoutesResolver","method":"N/A","correlationId":"N/A","message":"QuittanceCessionController {/quittances-cession}:"}
{"timestamp":"2026-10-02 13:55:01","level":"\u001b[32minfo\u001b[39m","context":"RouterExplorer","method":"N/A","correlationId":"N/A","message":"Mapped {/quittances-cession, GET} route"}
{"timestamp":"2026-10-02 13:55:01","level":"\u001b[32minfo\u001b[39m","context":"RouterExplorer","method":"N/A","correlationId":"N/A","message":"Mapped {/quittances-cession/:id, GET} route"}
{"timestamp":"2026-10-02 13:55:01","level":"\u001b[32minfo\u001b[39m","context":"RouterExplorer","method":"N/A","correlationId":"N/A","message":"Mapped {/quittances-cession, POST} route"}
{"timestamp":"2026-10-02 13:55:01","level":"\u001b[32minfo\u001b[39m","context":"RouterExplorer","method":"N/A","correlationId":"N/A","message":"Mapped {/quittances-cession/:id, PUT} route"}
{"timestamp":"2026-10-02 13:55:01","level":"\u001b[32minfo\u001b[39m","context":"RouterExplorer","method":"N/A","correlationId":"N/A","message":"Mapped {/quittances-cession/:id, DELETE} route"}
{"timestamp":"2026-10-02 13:55:01","level":"\u001b[32minfo\u001b[39m","context":"RoutesResolver","method":"N/A","correlationId":"N/A","message":"EcheancePmdController {/echeances-pmd}:"}
{"timestamp":"2026-10-02 13:55:01","level":"\u001b[32minfo\u001b[39m","context":"RouterExplorer","method":"N/A","correlationId":"N/A","message":"Mapped {/echeances-pmd, GET} route"}
{"timestamp":"2026-10-02 13:55:01","level":"\u001b[32minfo\u001b[39m","context":"RouterExplorer","method":"N/A","correlationId":"N/A","message":"Mapped {/echeances-pmd/:id, GET} route"}
{"timestamp":"2026-10-02 13:55:01","level":"\u001b[32minfo\u001b[39m","context":"RouterExplorer","method":"N/A","correlationId":"N/A","message":"Mapped {/echeances-pmd, POST} route"}
{"timestamp":"2026-10-02 13:55:01","level":"\u001b[32minfo\u001b[39m","context":"RouterExplorer","method":"N/A","correlationId":"N/A","message":"Mapped {/echeances-pmd/:id, PUT} route"}
{"timestamp":"2026-10-02 13:55:01","level":"\u001b[32minfo\u001b[39m","context":"RouterExplorer","method":"N/A","correlationId":"N/A","message":"Mapped {/echeances-pmd/:id, DELETE} route"}
{"timestamp":"2026-10-02 13:55:01","level":"\u001b[32minfo\u001b[39m","context":"RoutesResolver","method":"N/A","correlationId":"N/A","message":"BordereauController {/bordereaux}:"}
{"timestamp":"2026-10-02 13:55:01","level":"\u001b[32minfo\u001b[39m","context":"RouterExplorer","method":"N/A","correlationId":"N/A","message":"Mapped {/bordereaux, GET} route"}
{"timestamp":"2026-10-02 13:55:01","level":"\u001b[32minfo\u001b[39m","context":"RouterExplorer","method":"N/A","correlationId":"N/A","message":"Mapped {/bordereaux/:id, GET} route"}
{"timestamp":"2026-10-02 13:55:01","level":"\u001b[32minfo\u001b[39m","context":"RouterExplorer","method":"N/A","correlationId":"N/A","message":"Mapped {/bordereaux, POST} route"}
{"timestamp":"2026-10-02 13:55:01","level":"\u001b[32minfo\u001b[39m","context":"RouterExplorer","method":"N/A","correlationId":"N/A","message":"Mapped {/bordereaux/:id, PUT} route"}
{"timestamp":"2026-10-02 13:55:01","level":"\u001b[32minfo\u001b[39m","context":"RouterExplorer","method":"N/A","correlationId":"N/A","message":"Mapped {/bordereaux/:id, DELETE} route"}
{"timestamp":"2026-10-02 13:55:01","level":"\u001b[32minfo\u001b[39m","context":"RoutesResolver","method":"N/A","correlationId":"N/A","message":"CompteTraiteController {/comptes-traite}:"}
{"timestamp":"2026-10-02 13:55:01","level":"\u001b[32minfo\u001b[39m","context":"RouterExplorer","method":"N/A","correlationId":"N/A","message":"Mapped {/comptes-traite, GET} route"}
{"timestamp":"2026-10-02 13:55:01","level":"\u001b[32minfo\u001b[39m","context":"RouterExplorer","method":"N/A","correlationId":"N/A","message":"Mapped {/comptes-traite/:id, GET} route"}
{"timestamp":"2026-10-02 13:55:01","level":"\u001b[32minfo\u001b[39m","context":"RouterExplorer","method":"N/A","correlationId":"N/A","message":"Mapped {/comptes-traite, POST} route"}
{"timestamp":"2026-10-02 13:55:01","level":"\u001b[32minfo\u001b[39m","context":"RouterExplorer","method":"N/A","correlationId":"N/A","message":"Mapped {/comptes-traite/:id, PUT} route"}
{"timestamp":"2026-10-02 13:55:01","level":"\u001b[32minfo\u001b[39m","context":"RouterExplorer","method":"N/A","correlationId":"N/A","message":"Mapped {/comptes-traite/:id, DELETE} route"}
{"timestamp":"2026-10-02 13:55:01","level":"\u001b[32minfo\u001b[39m","context":"RoutesResolver","method":"N/A","correlationId":"N/A","message":"NoteDebitCreditController {/notes-debit-credit}:"}
{"timestamp":"2026-10-02 13:55:01","level":"\u001b[32minfo\u001b[39m","context":"RouterExplorer","method":"N/A","correlationId":"N/A","message":"Mapped {/notes-debit-credit, GET} route"}
{"timestamp":"2026-10-02 13:55:01","level":"\u001b[32minfo\u001b[39m","context":"RouterExplorer","method":"N/A","correlationId":"N/A","message":"Mapped {/notes-debit-credit/:id, GET} route"}
{"timestamp":"2026-10-02 13:55:01","level":"\u001b[32minfo\u001b[39m","context":"RouterExplorer","method":"N/A","correlationId":"N/A","message":"Mapped {/notes-debit-credit, POST} route"}
{"timestamp":"2026-10-02 13:55:01","level":"\u001b[32minfo\u001b[39m","context":"RouterExplorer","method":"N/A","correlationId":"N/A","message":"Mapped {/notes-debit-credit/:id, PUT} route"}
{"timestamp":"2026-10-02 13:55:01","level":"\u001b[32minfo\u001b[39m","context":"RouterExplorer","method":"N/A","correlationId":"N/A","message":"Mapped {/notes-debit-credit/:id, DELETE} route"}
{"timestamp":"2026-10-02 13:55:01","level":"\u001b[32minfo\u001b[39m","context":"RoutesResolver","method":"N/A","correlationId":"N/A","message":"ReglementController {/reglements}:"}
{"timestamp":"2026-10-02 13:55:01","level":"\u001b[32minfo\u001b[39m","context":"RouterExplorer","method":"N/A","correlationId":"N/A","message":"Mapped {/reglements, GET} route"}
{"timestamp":"2026-10-02 13:55:01","level":"\u001b[32minfo\u001b[39m","context":"RouterExplorer","method":"N/A","correlationId":"N/A","message":"Mapped {/reglements/:id, GET} route"}
{"timestamp":"2026-10-02 13:55:01","level":"\u001b[32minfo\u001b[39m","context":"RouterExplorer","method":"N/A","correlationId":"N/A","message":"Mapped {/reglements, POST} route"}
{"timestamp":"2026-10-02 13:55:01","level":"\u001b[32minfo\u001b[39m","context":"RouterExplorer","method":"N/A","correlationId":"N/A","message":"Mapped {/reglements/:id, PUT} route"}
{"timestamp":"2026-10-02 13:55:01","level":"\u001b[32minfo\u001b[39m","context":"RouterExplorer","method":"N/A","correlationId":"N/A","message":"Mapped {/reglements/:id, DELETE} route"}
{"timestamp":"2026-10-02 13:55:01","level":"\u001b[32minfo\u001b[39m","context":"RoutesResolver","method":"N/A","correlationId":"N/A","message":"SinistreStatutController {/sinistre-statuts}:"}
{"timestamp":"2026-10-02 13:55:01","level":"\u001b[32minfo\u001b[39m","context":"RouterExplorer","method":"N/A","correlationId":"N/A","message":"Mapped {/sinistre-statuts, GET} route"}
{"timestamp":"2026-10-02 13:55:01","level":"\u001b[32minfo\u001b[39m","context":"RouterExplorer","method":"N/A","correlationId":"N/A","message":"Mapped {/sinistre-statuts/:id, GET} route"}
{"timestamp":"2026-10-02 13:55:01","level":"\u001b[32minfo\u001b[39m","context":"RouterExplorer","method":"N/A","correlationId":"N/A","message":"Mapped {/sinistre-statuts, POST} route"}
{"timestamp":"2026-10-02 13:55:01","level":"\u001b[32minfo\u001b[39m","context":"RouterExplorer","method":"N/A","correlationId":"N/A","message":"Mapped {/sinistre-statuts/:id, PUT} route"}
{"timestamp":"2026-10-02 13:55:01","level":"\u001b[32minfo\u001b[39m","context":"RouterExplorer","method":"N/A","correlationId":"N/A","message":"Mapped {/sinistre-statuts/:id, DELETE} route"}
{"timestamp":"2026-10-02 13:55:01","level":"\u001b[32minfo\u001b[39m","context":"RoutesResolver","method":"N/A","correlationId":"N/A","message":"SinistreTypeEvaluationController {/sinistres-types-evaluation}:"}
{"timestamp":"2026-10-02 13:55:01","level":"\u001b[32minfo\u001b[39m","context":"RouterExplorer","method":"N/A","correlationId":"N/A","message":"Mapped {/sinistres-types-evaluation, GET} route"}
{"timestamp":"2026-10-02 13:55:01","level":"\u001b[32minfo\u001b[39m","context":"RouterExplorer","method":"N/A","correlationId":"N/A","message":"Mapped {/sinistres-types-evaluation/:id, GET} route"}
{"timestamp":"2026-10-02 13:55:01","level":"\u001b[32minfo\u001b[39m","context":"RouterExplorer","method":"N/A","correlationId":"N/A","message":"Mapped {/sinistres-types-evaluation, POST} route"}
{"timestamp":"2026-10-02 13:55:01","level":"\u001b[32minfo\u001b[39m","context":"RouterExplorer","method":"N/A","correlationId":"N/A","message":"Mapped {/sinistres-types-evaluation/:id, PUT} route"}
{"timestamp":"2026-10-02 13:55:01","level":"\u001b[32minfo\u001b[39m","context":"RouterExplorer","method":"N/A","correlationId":"N/A","message":"Mapped {/sinistres-types-evaluation/:id, DELETE} route"}
{"timestamp":"2026-10-02 13:55:01","level":"\u001b[32minfo\u001b[39m","context":"RoutesResolver","method":"N/A","correlationId":"N/A","message":"SinistreController {/sinistre}:"}
{"timestamp":"2026-10-02 13:55:01","level":"\u001b[32minfo\u001b[39m","context":"RouterExplorer","method":"N/A","correlationId":"N/A","message":"Mapped {/sinistre, GET} route"}
{"timestamp":"2026-10-02 13:55:01","level":"\u001b[32minfo\u001b[39m","context":"RouterExplorer","method":"N/A","correlationId":"N/A","message":"Mapped {/sinistre/:id, GET} route"}
{"timestamp":"2026-10-02 13:55:01","level":"\u001b[32minfo\u001b[39m","context":"RouterExplorer","method":"N/A","correlationId":"N/A","message":"Mapped {/sinistre, POST} route"}
{"timestamp":"2026-10-02 13:55:01","level":"\u001b[32minfo\u001b[39m","context":"RouterExplorer","method":"N/A","correlationId":"N/A","message":"Mapped {/sinistre/:id, PUT} route"}
{"timestamp":"2026-10-02 13:55:01","level":"\u001b[32minfo\u001b[39m","context":"RouterExplorer","method":"N/A","correlationId":"N/A","message":"Mapped {/sinistre/:id, DELETE} route"}
{"timestamp":"2026-10-02 13:55:01","level":"\u001b[32minfo\u001b[39m","context":"RoutesResolver","method":"N/A","correlationId":"N/A","message":"SinistreEvaluationController {/sinistres-evaluations}:"}
{"timestamp":"2026-10-02 13:55:01","level":"\u001b[32minfo\u001b[39m","context":"RouterExplorer","method":"N/A","correlationId":"N/A","message":"Mapped {/sinistres-evaluations, GET} route"}
{"timestamp":"2026-10-02 13:55:01","level":"\u001b[32minfo\u001b[39m","context":"RouterExplorer","method":"N/A","correlationId":"N/A","message":"Mapped {/sinistres-evaluations/:id, GET} route"}
{"timestamp":"2026-10-02 13:55:01","level":"\u001b[32minfo\u001b[39m","context":"RouterExplorer","method":"N/A","correlationId":"N/A","message":"Mapped {/sinistres-evaluations, POST} route"}
{"timestamp":"2026-10-02 13:55:01","level":"\u001b[32minfo\u001b[39m","context":"RouterExplorer","method":"N/A","correlationId":"N/A","message":"Mapped {/sinistres-evaluations/:id, PUT} route"}
{"timestamp":"2026-10-02 13:55:01","level":"\u001b[32minfo\u001b[39m","context":"RouterExplorer","method":"N/A","correlationId":"N/A","message":"Mapped {/sinistres-evaluations/:id, DELETE} route"}
{"timestamp":"2026-10-02 13:55:01","level":"\u001b[32minfo\u001b[39m","context":"RoutesResolver","method":"N/A","correlationId":"N/A","message":"SinistreReglementController {/sinistres-reglements}:"}
{"timestamp":"2026-10-02 13:55:01","level":"\u001b[32minfo\u001b[39m","context":"RouterExplorer","method":"N/A","correlationId":"N/A","message":"Mapped {/sinistres-reglements, GET} route"}
{"timestamp":"2026-10-02 13:55:01","level":"\u001b[32minfo\u001b[39m","context":"RouterExplorer","method":"N/A","correlationId":"N/A","message":"Mapped {/sinistres-reglements/:id, GET} route"}
{"timestamp":"2026-10-02 13:55:01","level":"\u001b[32minfo\u001b[39m","context":"RouterExplorer","method":"N/A","correlationId":"N/A","message":"Mapped {/sinistres-reglements, POST} route"}
{"timestamp":"2026-10-02 13:55:01","level":"\u001b[32minfo\u001b[39m","context":"RouterExplorer","method":"N/A","correlationId":"N/A","message":"Mapped {/sinistres-reglements/:id, PUT} route"}
{"timestamp":"2026-10-02 13:55:01","level":"\u001b[32minfo\u001b[39m","context":"RouterExplorer","method":"N/A","correlationId":"N/A","message":"Mapped {/sinistres-reglements/:id, DELETE} route"}
{"timestamp":"2026-10-02 13:55:01","level":"\u001b[32minfo\u001b[39m","context":"NestApplication","method":"N/A","correlationId":"N/A","message":"Nest application successfully started"}
{"timestamp":"2026-10-02 14:02:34","level":"\u001b[32minfo\u001b[39m","context":"NestFactory","method":"N/A","correlationId":"N/A","message":"Starting Nest application..."}
{"timestamp":"2026-10-02 14:02:34","level":"\u001b[32minfo\u001b[39m","context":"InstanceLoader","method":"N/A","correlationId":"N/A","message":"TypeOrmModule dependencies initialized"}
{"timestamp":"2026-10-02 14:02:34","level":"\u001b[32minfo\u001b[39m","context":"InstanceLoader","method":"N/A","correlationId":"N/A","message":"ClsModule dependencies initialized"}
{"timestamp":"2026-10-02 14:02:34","level":"\u001b[32minfo\u001b[39m","context":"InstanceLoader","method":"N/A","correlationId":"N/A","message":"ClsCommonModule dependencies initialized"}
{"timestamp":"2026-10-02 14:02:34","level":"\u001b[32minfo\u001b[39m","context":"InstanceLoader","method":"N/A","correlationId":"N/A","message":"ClsModule dependencies initialized"}
{"timestamp":"2026-10-02 14:02:34","level":"\u001b[32minfo\u001b[39m","context":"InstanceLoader","method":"N/A","correlationId":"N/A","message":"ConfigHostModule dependencies initialized"}
{"timestamp":"2026-10-02 14:02:34","level":"\u001b[32minfo\u001b[39m","context":"InstanceLoader","method":"N/A","correlationId":"N/A","message":"DiscoveryModule dependencies initialized"}
{"timestamp":"2026-10-02 14:02:34","level":"\u001b[32minfo\u001b[39m","context":"InstanceLoader","method":"N/A","correlationId":"N/A","message":"ClsRootModule dependencies initialized"}
{"timestamp":"2026-10-02 14:02:34","level":"\u001b[32minfo\u001b[39m","context":"InstanceLoader","method":"N/A","correlationId":"N/A","message":"AppModule dependencies initialized"}
{"timestamp":"2026-10-02 14:02:34","level":"\u001b[32minfo\u001b[39m","context":"InstanceLoader","method":"N/A","correlationId":"N/A","message":"ConfigModule dependencies initialized"}
{"timestamp":"2026-10-02 14:02:34","level":"\u001b[32minfo\u001b[39m","context":"InstanceLoader","method":"N/A","correlationId":"N/A","message":"ClsPluginsModule dependencies initialized"}
{"timestamp":"2026-10-02 14:02:34","level":"\u001b[32minfo\u001b[39m","context":"InstanceLoader","method":"N/A","correlationId":"N/A","message":"TypeOrmCoreModule dependencies initialized"}
{"timestamp":"2026-10-02 14:02:34","level":"\u001b[32minfo\u001b[39m","context":"InstanceLoader","method":"N/A","correlationId":"N/A","message":"TypeOrmModule dependencies initialized"}
{"timestamp":"2026-10-02 14:02:34","level":"\u001b[32minfo\u001b[39m","context":"InstanceLoader","method":"N/A","correlationId":"N/A","message":"TypeOrmModule dependencies initialized"}
{"timestamp":"2026-10-02 14:02:34","level":"\u001b[32minfo\u001b[39m","context":"InstanceLoader","method":"N/A","correlationId":"N/A","message":"TypeOrmModule dependencies initialized"}
{"timestamp":"2026-10-02 14:02:34","level":"\u001b[32minfo\u001b[39m","context":"InstanceLoader","method":"N/A","correlationId":"N/A","message":"TypeOrmModule dependencies initialized"}
{"timestamp":"2026-10-02 14:02:34","level":"\u001b[32minfo\u001b[39m","context":"InstanceLoader","method":"N/A","correlationId":"N/A","message":"TypeOrmModule dependencies initialized"}
{"timestamp":"2026-10-02 14:02:34","level":"\u001b[32minfo\u001b[39m","context":"InstanceLoader","method":"N/A","correlationId":"N/A","message":"TypeOrmModule dependencies initialized"}
{"timestamp":"2026-10-02 14:02:34","level":"\u001b[32minfo\u001b[39m","context":"InstanceLoader","method":"N/A","correlationId":"N/A","message":"ClsPluginModule dependencies initialized"}
{"timestamp":"2026-10-02 14:02:34","level":"\u001b[32minfo\u001b[39m","context":"InstanceLoader","method":"N/A","correlationId":"N/A","message":"ActeursModule dependencies initialized"}
{"timestamp":"2026-10-02 14:02:34","level":"\u001b[32minfo\u001b[39m","context":"InstanceLoader","method":"N/A","correlationId":"N/A","message":"ReferentielModule dependencies initialized"}
{"timestamp":"2026-10-02 14:02:34","level":"\u001b[32minfo\u001b[39m","context":"InstanceLoader","method":"N/A","correlationId":"N/A","message":"PolicesModule dependencies initialized"}
{"timestamp":"2026-10-02 14:02:34","level":"\u001b[32minfo\u001b[39m","context":"InstanceLoader","method":"N/A","correlationId":"N/A","message":"FluxFinancierModule dependencies initialized"}
{"timestamp":"2026-10-02 14:02:34","level":"\u001b[32minfo\u001b[39m","context":"InstanceLoader","method":"N/A","correlationId":"N/A","message":"SinistresModule dependencies initialized"}
{"timestamp":"2026-10-02 14:02:34","level":"\u001b[32minfo\u001b[39m","context":"InstanceLoader","method":"N/A","correlationId":"N/A","message":"QuittancesModule dependencies initialized"}
{"timestamp":"2026-10-02 14:02:34","level":"\u001b[32minfo\u001b[39m","context":"RoutesResolver","method":"N/A","correlationId":"N/A","message":"BrancheController {/branches}:"}
{"timestamp":"2026-10-02 14:02:34","level":"\u001b[32minfo\u001b[39m","context":"RouterExplorer","method":"N/A","correlationId":"N/A","message":"Mapped {/branches, GET} route"}
{"timestamp":"2026-10-02 14:02:34","level":"\u001b[32minfo\u001b[39m","context":"RouterExplorer","method":"N/A","correlationId":"N/A","message":"Mapped {/branches/:id, GET} route"}
{"timestamp":"2026-10-02 14:02:34","level":"\u001b[32minfo\u001b[39m","context":"RouterExplorer","method":"N/A","correlationId":"N/A","message":"Mapped {/branches, POST} route"}
{"timestamp":"2026-10-02 14:02:34","level":"\u001b[32minfo\u001b[39m","context":"RouterExplorer","method":"N/A","correlationId":"N/A","message":"Mapped {/branches/:id, PUT} route"}
{"timestamp":"2026-10-02 14:02:34","level":"\u001b[32minfo\u001b[39m","context":"RouterExplorer","method":"N/A","correlationId":"N/A","message":"Mapped {/branches/:id, DELETE} route"}
{"timestamp":"2026-10-02 14:02:34","level":"\u001b[32minfo\u001b[39m","context":"RoutesResolver","method":"N/A","correlationId":"N/A","message":"SousBrancheController {/sous-branches}:"}
{"timestamp":"2026-10-02 14:02:34","level":"\u001b[32minfo\u001b[39m","context":"RouterExplorer","method":"N/A","correlationId":"N/A","message":"Mapped {/sous-branches, GET} route"}
{"timestamp":"2026-10-02 14:02:34","level":"\u001b[32minfo\u001b[39m","context":"RouterExplorer","method":"N/A","correlationId":"N/A","message":"Mapped {/sous-branches/:id, GET} route"}
{"timestamp":"2026-10-02 14:02:34","level":"\u001b[32minfo\u001b[39m","context":"RouterExplorer","method":"N/A","correlationId":"N/A","message":"Mapped {/sous-branches, POST} route"}
{"timestamp":"2026-10-02 14:02:34","level":"\u001b[32minfo\u001b[39m","context":"RouterExplorer","method":"N/A","correlationId":"N/A","message":"Mapped {/sous-branches/:id, PUT} route"}
{"timestamp":"2026-10-02 14:02:34","level":"\u001b[32minfo\u001b[39m","context":"RouterExplorer","method":"N/A","correlationId":"N/A","message":"Mapped {/sous-branches/:id, DELETE} route"}
{"timestamp":"2026-10-02 14:02:34","level":"\u001b[32minfo\u001b[39m","context":"RoutesResolver","method":"N/A","correlationId":"N/A","message":"DomaineActiviteController {/domaines-activite}:"}
{"timestamp":"2026-10-02 14:02:34","level":"\u001b[32minfo\u001b[39m","context":"RouterExplorer","method":"N/A","correlationId":"N/A","message":"Mapped {/domaines-activite, GET} route"}
{"timestamp":"2026-10-02 14:02:34","level":"\u001b[32minfo\u001b[39m","context":"RouterExplorer","method":"N/A","correlationId":"N/A","message":"Mapped {/domaines-activite/:id, GET} route"}
{"timestamp":"2026-10-02 14:02:34","level":"\u001b[32minfo\u001b[39m","context":"RouterExplorer","method":"N/A","correlationId":"N/A","message":"Mapped {/domaines-activite, POST} route"}
{"timestamp":"2026-10-02 14:02:34","level":"\u001b[32minfo\u001b[39m","context":"RouterExplorer","method":"N/A","correlationId":"N/A","message":"Mapped {/domaines-activite/:id, PUT} route"}
{"timestamp":"2026-10-02 14:02:34","level":"\u001b[32minfo\u001b[39m","context":"RouterExplorer","method":"N/A","correlationId":"N/A","message":"Mapped {/domaines-activite/:id, DELETE} route"}
{"timestamp":"2026-10-02 14:02:34","level":"\u001b[32minfo\u001b[39m","context":"RoutesResolver","method":"N/A","correlationId":"N/A","message":"CampagneController {/campagnes}:"}
{"timestamp":"2026-10-02 14:02:34","level":"\u001b[32minfo\u001b[39m","context":"RouterExplorer","method":"N/A","correlationId":"N/A","message":"Mapped {/campagnes, GET} route"}
{"timestamp":"2026-10-02 14:02:34","level":"\u001b[32minfo\u001b[39m","context":"RouterExplorer","method":"N/A","correlationId":"N/A","message":"Mapped {/campagnes/:id, GET} route"}
{"timestamp":"2026-10-02 14:02:34","level":"\u001b[32minfo\u001b[39m","context":"RouterExplorer","method":"N/A","correlationId":"N/A","message":"Mapped {/campagnes, POST} route"}
{"timestamp":"2026-10-02 14:02:34","level":"\u001b[32minfo\u001b[39m","context":"RouterExplorer","method":"N/A","correlationId":"N/A","message":"Mapped {/campagnes/:id, PUT} route"}
{"timestamp":"2026-10-02 14:02:34","level":"\u001b[32minfo\u001b[39m","context":"RouterExplorer","method":"N/A","correlationId":"N/A","message":"Mapped {/campagnes/:id, DELETE} route"}
{"timestamp":"2026-10-02 14:02:34","level":"\u001b[32minfo\u001b[39m","context":"RoutesResolver","method":"N/A","correlationId":"N/A","message":"MouvementController {/mouvements}:"}
{"timestamp":"2026-10-02 14:02:34","level":"\u001b[32minfo\u001b[39m","context":"RouterExplorer","method":"N/A","correlationId":"N/A","message":"Mapped {/mouvements, GET} route"}
{"timestamp":"2026-10-02 14:02:34","level":"\u001b[32minfo\u001b[39m","context":"RouterExplorer","method":"N/A","correlationId":"N/A","message":"Mapped {/mouvements/:id, GET} route"}
{"timestamp":"2026-10-02 14:02:34","level":"\u001b[32minfo\u001b[39m","context":"RouterExplorer","method":"N/A","correlationId":"N/A","message":"Mapped {/mouvements, POST} route"}
{"timestamp":"2026-10-02 14:02:34","level":"\u001b[32minfo\u001b[39m","context":"RouterExplorer","method":"N/A","correlationId":"N/A","message":"Mapped {/mouvements/:id, PUT} route"}
{"timestamp":"2026-10-02 14:02:34","level":"\u001b[32minfo\u001b[39m","context":"RouterExplorer","method":"N/A","correlationId":"N/A","message":"Mapped {/mouvements/:id, DELETE} route"}
{"timestamp":"2026-10-02 14:02:34","level":"\u001b[32minfo\u001b[39m","context":"RoutesResolver","method":"N/A","correlationId":"N/A","message":"CompteTypeController {/compte-types}:"}
{"timestamp":"2026-10-02 14:02:34","level":"\u001b[32minfo\u001b[39m","context":"RouterExplorer","method":"N/A","correlationId":"N/A","message":"Mapped {/compte-types, GET} route"}
{"timestamp":"2026-10-02 14:02:34","level":"\u001b[32minfo\u001b[39m","context":"RouterExplorer","method":"N/A","correlationId":"N/A","message":"Mapped {/compte-types/:id, GET} route"}
{"timestamp":"2026-10-02 14:02:34","level":"\u001b[32minfo\u001b[39m","context":"RouterExplorer","method":"N/A","correlationId":"N/A","message":"Mapped {/compte-types, POST} route"}
{"timestamp":"2026-10-02 14:02:34","level":"\u001b[32minfo\u001b[39m","context":"RouterExplorer","method":"N/A","correlationId":"N/A","message":"Mapped {/compte-types/:id, PUT} route"}
{"timestamp":"2026-10-02 14:02:34","level":"\u001b[32minfo\u001b[39m","context":"RouterExplorer","method":"N/A","correlationId":"N/A","message":"Mapped {/compte-types/:id, DELETE} route"}
{"timestamp":"2026-10-02 14:02:34","level":"\u001b[32minfo\u001b[39m","context":"RoutesResolver","method":"N/A","correlationId":"N/A","message":"NatureCessionController {/natures-cession}:"}
{"timestamp":"2026-10-02 14:02:34","level":"\u001b[32minfo\u001b[39m","context":"RouterExplorer","method":"N/A","correlationId":"N/A","message":"Mapped {/natures-cession, GET} route"}
{"timestamp":"2026-10-02 14:02:34","level":"\u001b[32minfo\u001b[39m","context":"RouterExplorer","method":"N/A","correlationId":"N/A","message":"Mapped {/natures-cession/:id, GET} route"}
{"timestamp":"2026-10-02 14:02:34","level":"\u001b[32minfo\u001b[39m","context":"RouterExplorer","method":"N/A","correlationId":"N/A","message":"Mapped {/natures-cession, POST} route"}
{"timestamp":"2026-10-02 14:02:34","level":"\u001b[32minfo\u001b[39m","context":"RouterExplorer","method":"N/A","correlationId":"N/A","message":"Mapped {/natures-cession/:id, PUT} route"}
{"timestamp":"2026-10-02 14:02:34","level":"\u001b[32minfo\u001b[39m","context":"RouterExplorer","method":"N/A","correlationId":"N/A","message":"Mapped {/natures-cession/:id, DELETE} route"}
{"timestamp":"2026-10-02 14:02:34","level":"\u001b[32minfo\u001b[39m","context":"RoutesResolver","method":"N/A","correlationId":"N/A","message":"RegionController {/regions}:"}
{"timestamp":"2026-10-02 14:02:34","level":"\u001b[32minfo\u001b[39m","context":"RouterExplorer","method":"N/A","correlationId":"N/A","message":"Mapped {/regions, GET} route"}
{"timestamp":"2026-10-02 14:02:34","level":"\u001b[32minfo\u001b[39m","context":"RouterExplorer","method":"N/A","correlationId":"N/A","message":"Mapped {/regions/:id, GET} route"}
{"timestamp":"2026-10-02 14:02:34","level":"\u001b[32minfo\u001b[39m","context":"RouterExplorer","method":"N/A","correlationId":"N/A","message":"Mapped {/regions, POST} route"}
{"timestamp":"2026-10-02 14:02:34","level":"\u001b[32minfo\u001b[39m","context":"RouterExplorer","method":"N/A","correlationId":"N/A","message":"Mapped {/regions/:id, PUT} route"}
{"timestamp":"2026-10-02 14:02:34","level":"\u001b[32minfo\u001b[39m","context":"RouterExplorer","method":"N/A","correlationId":"N/A","message":"Mapped {/regions/:id, DELETE} route"}
{"timestamp":"2026-10-02 14:02:34","level":"\u001b[32minfo\u001b[39m","context":"RoutesResolver","method":"N/A","correlationId":"N/A","message":"PaysController {/pays}:"}
{"timestamp":"2026-10-02 14:02:34","level":"\u001b[32minfo\u001b[39m","context":"RouterExplorer","method":"N/A","correlationId":"N/A","message":"Mapped {/pays, GET} route"}
{"timestamp":"2026-10-02 14:02:34","level":"\u001b[32minfo\u001b[39m","context":"RouterExplorer","method":"N/A","correlationId":"N/A","message":"Mapped {/pays/:id, GET} route"}
{"timestamp":"2026-10-02 14:02:34","level":"\u001b[32minfo\u001b[39m","context":"RouterExplorer","method":"N/A","correlationId":"N/A","message":"Mapped {/pays, POST} route"}
{"timestamp":"2026-10-02 14:02:34","level":"\u001b[32minfo\u001b[39m","context":"RouterExplorer","method":"N/A","correlationId":"N/A","message":"Mapped {/pays/:id, PUT} route"}
{"timestamp":"2026-10-02 14:02:34","level":"\u001b[32minfo\u001b[39m","context":"RouterExplorer","method":"N/A","correlationId":"N/A","message":"Mapped {/pays/:id, DELETE} route"}
{"timestamp":"2026-10-02 14:02:34","level":"\u001b[32minfo\u001b[39m","context":"RoutesResolver","method":"N/A","correlationId":"N/A","message":"ActeurController {/acteurs}:"}
{"timestamp":"2026-10-02 14:02:34","level":"\u001b[32minfo\u001b[39m","context":"RouterExplorer","method":"N/A","correlationId":"N/A","message":"Mapped {/acteurs, GET} route"}
{"timestamp":"2026-10-02 14:02:34","level":"\u001b[32minfo\u001b[39m","context":"RouterExplorer","method":"N/A","correlationId":"N/A","message":"Mapped {/acteurs/:id, GET} route"}
{"timestamp":"2026-10-02 14:02:34","level":"\u001b[32minfo\u001b[39m","context":"RouterExplorer","method":"N/A","correlationId":"N/A","message":"Mapped {/acteurs, POST} route"}
{"timestamp":"2026-10-02 14:02:34","level":"\u001b[32minfo\u001b[39m","context":"RouterExplorer","method":"N/A","correlationId":"N/A","message":"Mapped {/acteurs/:id, PUT} route"}
{"timestamp":"2026-10-02 14:02:34","level":"\u001b[32minfo\u001b[39m","context":"RouterExplorer","method":"N/A","correlationId":"N/A","message":"Mapped {/acteurs/:id, DELETE} route"}
{"timestamp":"2026-10-02 14:02:34","level":"\u001b[32minfo\u001b[39m","context":"RoutesResolver","method":"N/A","correlationId":"N/A","message":"AssureController {/assures}:"}
{"timestamp":"2026-10-02 14:02:34","level":"\u001b[32minfo\u001b[39m","context":"RouterExplorer","method":"N/A","correlationId":"N/A","message":"Mapped {/assures, GET} route"}
{"timestamp":"2026-10-02 14:02:34","level":"\u001b[32minfo\u001b[39m","context":"RouterExplorer","method":"N/A","correlationId":"N/A","message":"Mapped {/assures/:id, GET} route"}
{"timestamp":"2026-10-02 14:02:34","level":"\u001b[32minfo\u001b[39m","context":"RouterExplorer","method":"N/A","correlationId":"N/A","message":"Mapped {/assures, POST} route"}
{"timestamp":"2026-10-02 14:02:34","level":"\u001b[32minfo\u001b[39m","context":"RouterExplorer","method":"N/A","correlationId":"N/A","message":"Mapped {/assures/:id, PUT} route"}
{"timestamp":"2026-10-02 14:02:34","level":"\u001b[32minfo\u001b[39m","context":"RouterExplorer","method":"N/A","correlationId":"N/A","message":"Mapped {/assures/:id, DELETE} route"}
{"timestamp":"2026-10-02 14:02:34","level":"\u001b[32minfo\u001b[39m","context":"RoutesResolver","method":"N/A","correlationId":"N/A","message":"ContactController {/contacts}:"}
{"timestamp":"2026-10-02 14:02:34","level":"\u001b[32minfo\u001b[39m","context":"RouterExplorer","method":"N/A","correlationId":"N/A","message":"Mapped {/contacts, GET} route"}
{"timestamp":"2026-10-02 14:02:34","level":"\u001b[32minfo\u001b[39m","context":"RouterExplorer","method":"N/A","correlationId":"N/A","message":"Mapped {/contacts/:id, GET} route"}
{"timestamp":"2026-10-02 14:02:34","level":"\u001b[32minfo\u001b[39m","context":"RouterExplorer","method":"N/A","correlationId":"N/A","message":"Mapped {/contacts, POST} route"}
{"timestamp":"2026-10-02 14:02:34","level":"\u001b[32minfo\u001b[39m","context":"RouterExplorer","method":"N/A","correlationId":"N/A","message":"Mapped {/contacts/:id, PUT} route"}
{"timestamp":"2026-10-02 14:02:34","level":"\u001b[32minfo\u001b[39m","context":"RouterExplorer","method":"N/A","correlationId":"N/A","message":"Mapped {/contacts/:id, DELETE} route"}
{"timestamp":"2026-10-02 14:02:34","level":"\u001b[32minfo\u001b[39m","context":"RoutesResolver","method":"N/A","correlationId":"N/A","message":"PoliceController {/polices}:"}
{"timestamp":"2026-10-02 14:02:34","level":"\u001b[32minfo\u001b[39m","context":"RouterExplorer","method":"N/A","correlationId":"N/A","message":"Mapped {/polices, GET} route"}
{"timestamp":"2026-10-02 14:02:34","level":"\u001b[32minfo\u001b[39m","context":"RouterExplorer","method":"N/A","correlationId":"N/A","message":"Mapped {/polices/:id, GET} route"}
{"timestamp":"2026-10-02 14:02:34","level":"\u001b[32minfo\u001b[39m","context":"RouterExplorer","method":"N/A","correlationId":"N/A","message":"Mapped {/polices, POST} route"}
{"timestamp":"2026-10-02 14:02:34","level":"\u001b[32minfo\u001b[39m","context":"RouterExplorer","method":"N/A","correlationId":"N/A","message":"Mapped {/polices/:id, PUT} route"}
{"timestamp":"2026-10-02 14:02:34","level":"\u001b[32minfo\u001b[39m","context":"RouterExplorer","method":"N/A","correlationId":"N/A","message":"Mapped {/polices/:id, DELETE} route"}
{"timestamp":"2026-10-02 14:02:34","level":"\u001b[32minfo\u001b[39m","context":"RoutesResolver","method":"N/A","correlationId":"N/A","message":"QuittanceController {/quittances}:"}
{"timestamp":"2026-10-02 14:02:34","level":"\u001b[32minfo\u001b[39m","context":"RouterExplorer","method":"N/A","correlationId":"N/A","message":"Mapped {/quittances, GET} route"}
{"timestamp":"2026-10-02 14:02:34","level":"\u001b[32minfo\u001b[39m","context":"RouterExplorer","method":"N/A","correlationId":"N/A","message":"Mapped {/quittances/:id, GET} route"}
{"timestamp":"2026-10-02 14:02:34","level":"\u001b[32minfo\u001b[39m","context":"RouterExplorer","method":"N/A","correlationId":"N/A","message":"Mapped {/quittances, POST} route"}
{"timestamp":"2026-10-02 14:02:34","level":"\u001b[32minfo\u001b[39m","context":"RouterExplorer","method":"N/A","correlationId":"N/A","message":"Mapped {/quittances/:id, PUT} route"}
{"timestamp":"2026-10-02 14:02:34","level":"\u001b[32minfo\u001b[39m","context":"RouterExplorer","method":"N/A","correlationId":"N/A","message":"Mapped {/quittances/:id/annuler, PATCH} route"}
{"timestamp":"2026-10-02 14:02:34","level":"\u001b[32minfo\u001b[39m","context":"RouterExplorer","method":"N/A","correlationId":"N/A","message":"Mapped {/quittances/:id, DELETE} route"}
{"timestamp":"2026-10-02 14:02:34","level":"\u001b[32minfo\u001b[39m","context":"RoutesResolver","method":"N/A","correlationId":"N/A","message":"QuittanceCessionController {/quittances-cession}:"}
{"timestamp":"2026-10-02 14:02:34","level":"\u001b[32minfo\u001b[39m","context":"RouterExplorer","method":"N/A","correlationId":"N/A","message":"Mapped {/quittances-cession, GET} route"}
{"timestamp":"2026-10-02 14:02:34","level":"\u001b[32minfo\u001b[39m","context":"RouterExplorer","method":"N/A","correlationId":"N/A","message":"Mapped {/quittances-cession/:id, GET} route"}
{"timestamp":"2026-10-02 14:02:34","level":"\u001b[32minfo\u001b[39m","context":"RouterExplorer","method":"N/A","correlationId":"N/A","message":"Mapped {/quittances-cession, POST} route"}
{"timestamp":"2026-10-02 14:02:34","level":"\u001b[32minfo\u001b[39m","context":"RouterExplorer","method":"N/A","correlationId":"N/A","message":"Mapped {/quittances-cession/:id, PUT} route"}
{"timestamp":"2026-10-02 14:02:34","level":"\u001b[32minfo\u001b[39m","context":"RouterExplorer","method":"N/A","correlationId":"N/A","message":"Mapped {/quittances-cession/:id, DELETE} route"}
{"timestamp":"2026-10-02 14:02:34","level":"\u001b[32minfo\u001b[39m","context":"RoutesResolver","method":"N/A","correlationId":"N/A","message":"EcheancePmdController {/echeances-pmd}:"}
{"timestamp":"2026-10-02 14:02:34","level":"\u001b[32minfo\u001b[39m","context":"RouterExplorer","method":"N/A","correlationId":"N/A","message":"Mapped {/echeances-pmd, GET} route"}
{"timestamp":"2026-10-02 14:02:34","level":"\u001b[32minfo\u001b[39m","context":"RouterExplorer","method":"N/A","correlationId":"N/A","message":"Mapped {/echeances-pmd/:id, GET} route"}
{"timestamp":"2026-10-02 14:02:34","level":"\u001b[32minfo\u001b[39m","context":"RouterExplorer","method":"N/A","correlationId":"N/A","message":"Mapped {/echeances-pmd, POST} route"}
{"timestamp":"2026-10-02 14:02:34","level":"\u001b[32minfo\u001b[39m","context":"RouterExplorer","method":"N/A","correlationId":"N/A","message":"Mapped {/echeances-pmd/:id, PUT} route"}
{"timestamp":"2026-10-02 14:02:34","level":"\u001b[32minfo\u001b[39m","context":"RouterExplorer","method":"N/A","correlationId":"N/A","message":"Mapped {/echeances-pmd/:id, DELETE} route"}
{"timestamp":"2026-10-02 14:02:34","level":"\u001b[32minfo\u001b[39m","context":"RoutesResolver","method":"N/A","correlationId":"N/A","message":"BordereauController {/bordereaux}:"}
{"timestamp":"2026-10-02 14:02:34","level":"\u001b[32minfo\u001b[39m","context":"RouterExplorer","method":"N/A","correlationId":"N/A","message":"Mapped {/bordereaux, GET} route"}
{"timestamp":"2026-10-02 14:02:34","level":"\u001b[32minfo\u001b[39m","context":"RouterExplorer","method":"N/A","correlationId":"N/A","message":"Mapped {/bordereaux/:id, GET} route"}
{"timestamp":"2026-10-02 14:02:34","level":"\u001b[32minfo\u001b[39m","context":"RouterExplorer","method":"N/A","correlationId":"N/A","message":"Mapped {/bordereaux, POST} route"}
{"timestamp":"2026-10-02 14:02:34","level":"\u001b[32minfo\u001b[39m","context":"RouterExplorer","method":"N/A","correlationId":"N/A","message":"Mapped {/bordereaux/:id, PUT} route"}
{"timestamp":"2026-10-02 14:02:34","level":"\u001b[32minfo\u001b[39m","context":"RouterExplorer","method":"N/A","correlationId":"N/A","message":"Mapped {/bordereaux/:id, DELETE} route"}
{"timestamp":"2026-10-02 14:02:34","level":"\u001b[32minfo\u001b[39m","context":"RoutesResolver","method":"N/A","correlationId":"N/A","message":"CompteTraiteController {/comptes-traite}:"}
{"timestamp":"2026-10-02 14:02:34","level":"\u001b[32minfo\u001b[39m","context":"RouterExplorer","method":"N/A","correlationId":"N/A","message":"Mapped {/comptes-traite, GET} route"}
{"timestamp":"2026-10-02 14:02:34","level":"\u001b[32minfo\u001b[39m","context":"RouterExplorer","method":"N/A","correlationId":"N/A","message":"Mapped {/comptes-traite/:id, GET} route"}
{"timestamp":"2026-10-02 14:02:34","level":"\u001b[32minfo\u001b[39m","context":"RouterExplorer","method":"N/A","correlationId":"N/A","message":"Mapped {/comptes-traite, POST} route"}
{"timestamp":"2026-10-02 14:02:34","level":"\u001b[32minfo\u001b[39m","context":"RouterExplorer","method":"N/A","correlationId":"N/A","message":"Mapped {/comptes-traite/:id, PUT} route"}
{"timestamp":"2026-10-02 14:02:34","level":"\u001b[32minfo\u001b[39m","context":"RouterExplorer","method":"N/A","correlationId":"N/A","message":"Mapped {/comptes-traite/:id, DELETE} route"}
{"timestamp":"2026-10-02 14:02:34","level":"\u001b[32minfo\u001b[39m","context":"RoutesResolver","method":"N/A","correlationId":"N/A","message":"NoteDebitCreditController {/notes-debit-credit}:"}
{"timestamp":"2026-10-02 14:02:34","level":"\u001b[32minfo\u001b[39m","context":"RouterExplorer","method":"N/A","correlationId":"N/A","message":"Mapped {/notes-debit-credit, GET} route"}
{"timestamp":"2026-10-02 14:02:34","level":"\u001b[32minfo\u001b[39m","context":"RouterExplorer","method":"N/A","correlationId":"N/A","message":"Mapped {/notes-debit-credit/:id, GET} route"}
{"timestamp":"2026-10-02 14:02:34","level":"\u001b[32minfo\u001b[39m","context":"RouterExplorer","method":"N/A","correlationId":"N/A","message":"Mapped {/notes-debit-credit, POST} route"}
{"timestamp":"2026-10-02 14:02:34","level":"\u001b[32minfo\u001b[39m","context":"RouterExplorer","method":"N/A","correlationId":"N/A","message":"Mapped {/notes-debit-credit/:id, PUT} route"}
{"timestamp":"2026-10-02 14:02:34","level":"\u001b[32minfo\u001b[39m","context":"RouterExplorer","method":"N/A","correlationId":"N/A","message":"Mapped {/notes-debit-credit/:id, DELETE} route"}
{"timestamp":"2026-10-02 14:02:34","level":"\u001b[32minfo\u001b[39m","context":"RoutesResolver","method":"N/A","correlationId":"N/A","message":"ReglementController {/reglements}:"}
{"timestamp":"2026-10-02 14:02:34","level":"\u001b[32minfo\u001b[39m","context":"RouterExplorer","method":"N/A","correlationId":"N/A","message":"Mapped {/reglements, GET} route"}
{"timestamp":"2026-10-02 14:02:34","level":"\u001b[32minfo\u001b[39m","context":"RouterExplorer","method":"N/A","correlationId":"N/A","message":"Mapped {/reglements/:id, GET} route"}
{"timestamp":"2026-10-02 14:02:34","level":"\u001b[32minfo\u001b[39m","context":"RouterExplorer","method":"N/A","correlationId":"N/A","message":"Mapped {/reglements, POST} route"}
{"timestamp":"2026-10-02 14:02:34","level":"\u001b[32minfo\u001b[39m","context":"RouterExplorer","method":"N/A","correlationId":"N/A","message":"Mapped {/reglements/:id, PUT} route"}
{"timestamp":"2026-10-02 14:02:34","level":"\u001b[32minfo\u001b[39m","context":"RouterExplorer","method":"N/A","correlationId":"N/A","message":"Mapped {/reglements/:id, DELETE} route"}
{"timestamp":"2026-10-02 14:02:34","level":"\u001b[32minfo\u001b[39m","context":"RoutesResolver","method":"N/A","correlationId":"N/A","message":"SinistreStatutController {/sinistre-statuts}:"}
{"timestamp":"2026-10-02 14:02:34","level":"\u001b[32minfo\u001b[39m","context":"RouterExplorer","method":"N/A","correlationId":"N/A","message":"Mapped {/sinistre-statuts, GET} route"}
{"timestamp":"2026-10-02 14:02:34","level":"\u001b[32minfo\u001b[39m","context":"RouterExplorer","method":"N/A","correlationId":"N/A","message":"Mapped {/sinistre-statuts/:id, GET} route"}
{"timestamp":"2026-10-02 14:02:34","level":"\u001b[32minfo\u001b[39m","context":"RouterExplorer","method":"N/A","correlationId":"N/A","message":"Mapped {/sinistre-statuts, POST} route"}
{"timestamp":"2026-10-02 14:02:34","level":"\u001b[32minfo\u001b[39m","context":"RouterExplorer","method":"N/A","correlationId":"N/A","message":"Mapped {/sinistre-statuts/:id, PUT} route"}
{"timestamp":"2026-10-02 14:02:34","level":"\u001b[32minfo\u001b[39m","context":"RouterExplorer","method":"N/A","correlationId":"N/A","message":"Mapped {/sinistre-statuts/:id, DELETE} route"}
{"timestamp":"2026-10-02 14:02:34","level":"\u001b[32minfo\u001b[39m","context":"RoutesResolver","method":"N/A","correlationId":"N/A","message":"SinistreTypeEvaluationController {/sinistres-types-evaluation}:"}
{"timestamp":"2026-10-02 14:02:34","level":"\u001b[32minfo\u001b[39m","context":"RouterExplorer","method":"N/A","correlationId":"N/A","message":"Mapped {/sinistres-types-evaluation, GET} route"}
{"timestamp":"2026-10-02 14:02:34","level":"\u001b[32minfo\u001b[39m","context":"RouterExplorer","method":"N/A","correlationId":"N/A","message":"Mapped {/sinistres-types-evaluation/:id, GET} route"}
{"timestamp":"2026-10-02 14:02:34","level":"\u001b[32minfo\u001b[39m","context":"RouterExplorer","method":"N/A","correlationId":"N/A","message":"Mapped {/sinistres-types-evaluation, POST} route"}
{"timestamp":"2026-10-02 14:02:34","level":"\u001b[32minfo\u001b[39m","context":"RouterExplorer","method":"N/A","correlationId":"N/A","message":"Mapped {/sinistres-types-evaluation/:id, PUT} route"}
{"timestamp":"2026-10-02 14:02:34","level":"\u001b[32minfo\u001b[39m","context":"RouterExplorer","method":"N/A","correlationId":"N/A","message":"Mapped {/sinistres-types-evaluation/:id, DELETE} route"}
{"timestamp":"2026-10-02 14:02:34","level":"\u001b[32minfo\u001b[39m","context":"RoutesResolver","method":"N/A","correlationId":"N/A","message":"SinistreController {/sinistre}:"}
{"timestamp":"2026-10-02 14:02:34","level":"\u001b[32minfo\u001b[39m","context":"RouterExplorer","method":"N/A","correlationId":"N/A","message":"Mapped {/sinistre, GET} route"}
{"timestamp":"2026-10-02 14:02:34","level":"\u001b[32minfo\u001b[39m","context":"RouterExplorer","method":"N/A","correlationId":"N/A","message":"Mapped {/sinistre/:id, GET} route"}
{"timestamp":"2026-10-02 14:02:34","level":"\u001b[32minfo\u001b[39m","context":"RouterExplorer","method":"N/A","correlationId":"N/A","message":"Mapped {/sinistre, POST} route"}
{"timestamp":"2026-10-02 14:02:34","level":"\u001b[32minfo\u001b[39m","context":"RouterExplorer","method":"N/A","correlationId":"N/A","message":"Mapped {/sinistre/:id, PUT} route"}
{"timestamp":"2026-10-02 14:02:34","level":"\u001b[32minfo\u001b[39m","context":"RouterExplorer","method":"N/A","correlationId":"N/A","message":"Mapped {/sinistre/:id, DELETE} route"}
{"timestamp":"2026-10-02 14:02:34","level":"\u001b[32minfo\u001b[39m","context":"RoutesResolver","method":"N/A","correlationId":"N/A","message":"SinistreEvaluationController {/sinistres-evaluations}:"}
{"timestamp":"2026-10-02 14:02:34","level":"\u001b[32minfo\u001b[39m","context":"RouterExplorer","method":"N/A","correlationId":"N/A","message":"Mapped {/sinistres-evaluations, GET} route"}
{"timestamp":"2026-10-02 14:02:34","level":"\u001b[32minfo\u001b[39m","context":"RouterExplorer","method":"N/A","correlationId":"N/A","message":"Mapped {/sinistres-evaluations/:id, GET} route"}
{"timestamp":"2026-10-02 14:02:34","level":"\u001b[32minfo\u001b[39m","context":"RouterExplorer","method":"N/A","correlationId":"N/A","message":"Mapped {/sinistres-evaluations, POST} route"}
{"timestamp":"2026-10-02 14:02:34","level":"\u001b[32minfo\u001b[39m","context":"RouterExplorer","method":"N/A","correlationId":"N/A","message":"Mapped {/sinistres-evaluations/:id, PUT} route"}
{"timestamp":"2026-10-02 14:02:34","level":"\u001b[32minfo\u001b[39m","context":"RouterExplorer","method":"N/A","correlationId":"N/A","message":"Mapped {/sinistres-evaluations/:id, DELETE} route"}
{"timestamp":"2026-10-02 14:02:34","level":"\u001b[32minfo\u001b[39m","context":"RoutesResolver","method":"N/A","correlationId":"N/A","message":"SinistreReglementController {/sinistres-reglements}:"}
{"timestamp":"2026-10-02 14:02:34","level":"\u001b[32minfo\u001b[39m","context":"RouterExplorer","method":"N/A","correlationId":"N/A","message":"Mapped {/sinistres-reglements, GET} route"}
{"timestamp":"2026-10-02 14:02:34","level":"\u001b[32minfo\u001b[39m","context":"RouterExplorer","method":"N/A","correlationId":"N/A","message":"Mapped {/sinistres-reglements/:id, GET} route"}
{"timestamp":"2026-10-02 14:02:34","level":"\u001b[32minfo\u001b[39m","context":"RouterExplorer","method":"N/A","correlationId":"N/A","message":"Mapped {/sinistres-reglements, POST} route"}
{"timestamp":"2026-10-02 14:02:34","level":"\u001b[32minfo\u001b[39m","context":"RouterExplorer","method":"N/A","correlationId":"N/A","message":"Mapped {/sinistres-reglements/:id, PUT} route"}
{"timestamp":"2026-10-02 14:02:34","level":"\u001b[32minfo\u001b[39m","context":"RouterExplorer","method":"N/A","correlationId":"N/A","message":"Mapped {/sinistres-reglements/:id, DELETE} route"}
{"timestamp":"2026-10-02 14:02:34","level":"\u001b[32minfo\u001b[39m","context":"NestApplication","method":"N/A","correlationId":"N/A","message":"Nest application successfully started"}
{"timestamp":"2026-10-02 14:07:24","level":"\u001b[32minfo\u001b[39m","context":"NestFactory","method":"N/A","correlationId":"N/A","message":"Starting Nest application..."}
{"timestamp":"2026-10-02 14:07:24","level":"\u001b[32minfo\u001b[39m","context":"InstanceLoader","method":"N/A","correlationId":"N/A","message":"TypeOrmModule dependencies initialized"}
{"timestamp":"2026-10-02 14:07:24","level":"\u001b[32minfo\u001b[39m","context":"InstanceLoader","method":"N/A","correlationId":"N/A","message":"ClsModule dependencies initialized"}
{"timestamp":"2026-10-02 14:07:24","level":"\u001b[32minfo\u001b[39m","context":"InstanceLoader","method":"N/A","correlationId":"N/A","message":"ClsCommonModule dependencies initialized"}
{"timestamp":"2026-10-02 14:07:24","level":"\u001b[32minfo\u001b[39m","context":"InstanceLoader","method":"N/A","correlationId":"N/A","message":"ClsModule dependencies initialized"}
{"timestamp":"2026-10-02 14:07:24","level":"\u001b[32minfo\u001b[39m","context":"InstanceLoader","method":"N/A","correlationId":"N/A","message":"ConfigHostModule dependencies initialized"}
{"timestamp":"2026-10-02 14:07:24","level":"\u001b[32minfo\u001b[39m","context":"InstanceLoader","method":"N/A","correlationId":"N/A","message":"DiscoveryModule dependencies initialized"}
{"timestamp":"2026-10-02 14:07:24","level":"\u001b[32minfo\u001b[39m","context":"InstanceLoader","method":"N/A","correlationId":"N/A","message":"ClsRootModule dependencies initialized"}
{"timestamp":"2026-10-02 14:07:24","level":"\u001b[32minfo\u001b[39m","context":"InstanceLoader","method":"N/A","correlationId":"N/A","message":"AppModule dependencies initialized"}
{"timestamp":"2026-10-02 14:07:24","level":"\u001b[32minfo\u001b[39m","context":"InstanceLoader","method":"N/A","correlationId":"N/A","message":"ConfigModule dependencies initialized"}
{"timestamp":"2026-10-02 14:07:24","level":"\u001b[32minfo\u001b[39m","context":"InstanceLoader","method":"N/A","correlationId":"N/A","message":"ClsPluginsModule dependencies initialized"}
{"timestamp":"2026-10-02 14:07:24","level":"\u001b[32minfo\u001b[39m","context":"InstanceLoader","method":"N/A","correlationId":"N/A","message":"TypeOrmCoreModule dependencies initialized"}
{"timestamp":"2026-10-02 14:07:24","level":"\u001b[32minfo\u001b[39m","context":"InstanceLoader","method":"N/A","correlationId":"N/A","message":"TypeOrmModule dependencies initialized"}
{"timestamp":"2026-10-02 14:07:24","level":"\u001b[32minfo\u001b[39m","context":"InstanceLoader","method":"N/A","correlationId":"N/A","message":"TypeOrmModule dependencies initialized"}
{"timestamp":"2026-10-02 14:07:24","level":"\u001b[32minfo\u001b[39m","context":"InstanceLoader","method":"N/A","correlationId":"N/A","message":"TypeOrmModule dependencies initialized"}
{"timestamp":"2026-10-02 14:07:24","level":"\u001b[32minfo\u001b[39m","context":"InstanceLoader","method":"N/A","correlationId":"N/A","message":"TypeOrmModule dependencies initialized"}
{"timestamp":"2026-10-02 14:07:24","level":"\u001b[32minfo\u001b[39m","context":"InstanceLoader","method":"N/A","correlationId":"N/A","message":"TypeOrmModule dependencies initialized"}
{"timestamp":"2026-10-02 14:07:24","level":"\u001b[32minfo\u001b[39m","context":"InstanceLoader","method":"N/A","correlationId":"N/A","message":"TypeOrmModule dependencies initialized"}
{"timestamp":"2026-10-02 14:07:24","level":"\u001b[32minfo\u001b[39m","context":"InstanceLoader","method":"N/A","correlationId":"N/A","message":"ClsPluginModule dependencies initialized"}
{"timestamp":"2026-10-02 14:07:24","level":"\u001b[32minfo\u001b[39m","context":"InstanceLoader","method":"N/A","correlationId":"N/A","message":"ActeursModule dependencies initialized"}
{"timestamp":"2026-10-02 14:07:24","level":"\u001b[32minfo\u001b[39m","context":"InstanceLoader","method":"N/A","correlationId":"N/A","message":"ReferentielModule dependencies initialized"}
{"timestamp":"2026-10-02 14:07:24","level":"\u001b[32minfo\u001b[39m","context":"InstanceLoader","method":"N/A","correlationId":"N/A","message":"PolicesModule dependencies initialized"}
{"timestamp":"2026-10-02 14:07:24","level":"\u001b[32minfo\u001b[39m","context":"InstanceLoader","method":"N/A","correlationId":"N/A","message":"FluxFinancierModule dependencies initialized"}
{"timestamp":"2026-10-02 14:07:24","level":"\u001b[32minfo\u001b[39m","context":"InstanceLoader","method":"N/A","correlationId":"N/A","message":"SinistresModule dependencies initialized"}
{"timestamp":"2026-10-02 14:07:24","level":"\u001b[32minfo\u001b[39m","context":"InstanceLoader","method":"N/A","correlationId":"N/A","message":"QuittancesModule dependencies initialized"}
{"timestamp":"2026-10-02 14:07:24","level":"\u001b[32minfo\u001b[39m","context":"RoutesResolver","method":"N/A","correlationId":"N/A","message":"BrancheController {/branches}:"}
{"timestamp":"2026-10-02 14:07:24","level":"\u001b[32minfo\u001b[39m","context":"RouterExplorer","method":"N/A","correlationId":"N/A","message":"Mapped {/branches, GET} route"}
{"timestamp":"2026-10-02 14:07:24","level":"\u001b[32minfo\u001b[39m","context":"RouterExplorer","method":"N/A","correlationId":"N/A","message":"Mapped {/branches/:id, GET} route"}
{"timestamp":"2026-10-02 14:07:24","level":"\u001b[32minfo\u001b[39m","context":"RouterExplorer","method":"N/A","correlationId":"N/A","message":"Mapped {/branches, POST} route"}
{"timestamp":"2026-10-02 14:07:24","level":"\u001b[32minfo\u001b[39m","context":"RouterExplorer","method":"N/A","correlationId":"N/A","message":"Mapped {/branches/:id, PUT} route"}
{"timestamp":"2026-10-02 14:07:24","level":"\u001b[32minfo\u001b[39m","context":"RouterExplorer","method":"N/A","correlationId":"N/A","message":"Mapped {/branches/:id, DELETE} route"}
{"timestamp":"2026-10-02 14:07:24","level":"\u001b[32minfo\u001b[39m","context":"RoutesResolver","method":"N/A","correlationId":"N/A","message":"SousBrancheController {/sous-branches}:"}
{"timestamp":"2026-10-02 14:07:24","level":"\u001b[32minfo\u001b[39m","context":"RouterExplorer","method":"N/A","correlationId":"N/A","message":"Mapped {/sous-branches, GET} route"}
{"timestamp":"2026-10-02 14:07:24","level":"\u001b[32minfo\u001b[39m","context":"RouterExplorer","method":"N/A","correlationId":"N/A","message":"Mapped {/sous-branches/:id, GET} route"}
{"timestamp":"2026-10-02 14:07:24","level":"\u001b[32minfo\u001b[39m","context":"RouterExplorer","method":"N/A","correlationId":"N/A","message":"Mapped {/sous-branches, POST} route"}
{"timestamp":"2026-10-02 14:07:24","level":"\u001b[32minfo\u001b[39m","context":"RouterExplorer","method":"N/A","correlationId":"N/A","message":"Mapped {/sous-branches/:id, PUT} route"}
{"timestamp":"2026-10-02 14:07:24","level":"\u001b[32minfo\u001b[39m","context":"RouterExplorer","method":"N/A","correlationId":"N/A","message":"Mapped {/sous-branches/:id, DELETE} route"}
{"timestamp":"2026-10-02 14:07:24","level":"\u001b[32minfo\u001b[39m","context":"RoutesResolver","method":"N/A","correlationId":"N/A","message":"DomaineActiviteController {/domaines-activite}:"}
{"timestamp":"2026-10-02 14:07:24","level":"\u001b[32minfo\u001b[39m","context":"RouterExplorer","method":"N/A","correlationId":"N/A","message":"Mapped {/domaines-activite, GET} route"}
{"timestamp":"2026-10-02 14:07:24","level":"\u001b[32minfo\u001b[39m","context":"RouterExplorer","method":"N/A","correlationId":"N/A","message":"Mapped {/domaines-activite/:id, GET} route"}
{"timestamp":"2026-10-02 14:07:24","level":"\u001b[32minfo\u001b[39m","context":"RouterExplorer","method":"N/A","correlationId":"N/A","message":"Mapped {/domaines-activite, POST} route"}
{"timestamp":"2026-10-02 14:07:24","level":"\u001b[32minfo\u001b[39m","context":"RouterExplorer","method":"N/A","correlationId":"N/A","message":"Mapped {/domaines-activite/:id, PUT} route"}
{"timestamp":"2026-10-02 14:07:24","level":"\u001b[32minfo\u001b[39m","context":"RouterExplorer","method":"N/A","correlationId":"N/A","message":"Mapped {/domaines-activite/:id, DELETE} route"}
{"timestamp":"2026-10-02 14:07:24","level":"\u001b[32minfo\u001b[39m","context":"RoutesResolver","method":"N/A","correlationId":"N/A","message":"CampagneController {/campagnes}:"}
{"timestamp":"2026-10-02 14:07:24","level":"\u001b[32minfo\u001b[39m","context":"RouterExplorer","method":"N/A","correlationId":"N/A","message":"Mapped {/campagnes, GET} route"}
{"timestamp":"2026-10-02 14:07:24","level":"\u001b[32minfo\u001b[39m","context":"RouterExplorer","method":"N/A","correlationId":"N/A","message":"Mapped {/campagnes/:id, GET} route"}
{"timestamp":"2026-10-02 14:07:24","level":"\u001b[32minfo\u001b[39m","context":"RouterExplorer","method":"N/A","correlationId":"N/A","message":"Mapped {/campagnes, POST} route"}
{"timestamp":"2026-10-02 14:07:24","level":"\u001b[32minfo\u001b[39m","context":"RouterExplorer","method":"N/A","correlationId":"N/A","message":"Mapped {/campagnes/:id, PUT} route"}
{"timestamp":"2026-10-02 14:07:24","level":"\u001b[32minfo\u001b[39m","context":"RouterExplorer","method":"N/A","correlationId":"N/A","message":"Mapped {/campagnes/:id, DELETE} route"}
{"timestamp":"2026-10-02 14:07:24","level":"\u001b[32minfo\u001b[39m","context":"RoutesResolver","method":"N/A","correlationId":"N/A","message":"MouvementController {/mouvements}:"}
{"timestamp":"2026-10-02 14:07:24","level":"\u001b[32minfo\u001b[39m","context":"RouterExplorer","method":"N/A","correlationId":"N/A","message":"Mapped {/mouvements, GET} route"}
{"timestamp":"2026-10-02 14:07:24","level":"\u001b[32minfo\u001b[39m","context":"RouterExplorer","method":"N/A","correlationId":"N/A","message":"Mapped {/mouvements/:id, GET} route"}
{"timestamp":"2026-10-02 14:07:24","level":"\u001b[32minfo\u001b[39m","context":"RouterExplorer","method":"N/A","correlationId":"N/A","message":"Mapped {/mouvements, POST} route"}
{"timestamp":"2026-10-02 14:07:24","level":"\u001b[32minfo\u001b[39m","context":"RouterExplorer","method":"N/A","correlationId":"N/A","message":"Mapped {/mouvements/:id, PUT} route"}
{"timestamp":"2026-10-02 14:07:24","level":"\u001b[32minfo\u001b[39m","context":"RouterExplorer","method":"N/A","correlationId":"N/A","message":"Mapped {/mouvements/:id, DELETE} route"}
{"timestamp":"2026-10-02 14:07:24","level":"\u001b[32minfo\u001b[39m","context":"RoutesResolver","method":"N/A","correlationId":"N/A","message":"CompteTypeController {/compte-types}:"}
{"timestamp":"2026-10-02 14:07:24","level":"\u001b[32minfo\u001b[39m","context":"RouterExplorer","method":"N/A","correlationId":"N/A","message":"Mapped {/compte-types, GET} route"}
{"timestamp":"2026-10-02 14:07:24","level":"\u001b[32minfo\u001b[39m","context":"RouterExplorer","method":"N/A","correlationId":"N/A","message":"Mapped {/compte-types/:id, GET} route"}
{"timestamp":"2026-10-02 14:07:24","level":"\u001b[32minfo\u001b[39m","context":"RouterExplorer","method":"N/A","correlationId":"N/A","message":"Mapped {/compte-types, POST} route"}
{"timestamp":"2026-10-02 14:07:24","level":"\u001b[32minfo\u001b[39m","context":"RouterExplorer","method":"N/A","correlationId":"N/A","message":"Mapped {/compte-types/:id, PUT} route"}
{"timestamp":"2026-10-02 14:07:24","level":"\u001b[32minfo\u001b[39m","context":"RouterExplorer","method":"N/A","correlationId":"N/A","message":"Mapped {/compte-types/:id, DELETE} route"}
{"timestamp":"2026-10-02 14:07:24","level":"\u001b[32minfo\u001b[39m","context":"RoutesResolver","method":"N/A","correlationId":"N/A","message":"NatureCessionController {/natures-cession}:"}
{"timestamp":"2026-10-02 14:07:24","level":"\u001b[32minfo\u001b[39m","context":"RouterExplorer","method":"N/A","correlationId":"N/A","message":"Mapped {/natures-cession, GET} route"}
{"timestamp":"2026-10-02 14:07:24","level":"\u001b[32minfo\u001b[39m","context":"RouterExplorer","method":"N/A","correlationId":"N/A","message":"Mapped {/natures-cession/:id, GET} route"}
{"timestamp":"2026-10-02 14:07:24","level":"\u001b[32minfo\u001b[39m","context":"RouterExplorer","method":"N/A","correlationId":"N/A","message":"Mapped {/natures-cession, POST} route"}
{"timestamp":"2026-10-02 14:07:24","level":"\u001b[32minfo\u001b[39m","context":"RouterExplorer","method":"N/A","correlationId":"N/A","message":"Mapped {/natures-cession/:id, PUT} route"}
{"timestamp":"2026-10-02 14:07:24","level":"\u001b[32minfo\u001b[39m","context":"RouterExplorer","method":"N/A","correlationId":"N/A","message":"Mapped {/natures-cession/:id, DELETE} route"}
{"timestamp":"2026-10-02 14:07:24","level":"\u001b[32minfo\u001b[39m","context":"RoutesResolver","method":"N/A","correlationId":"N/A","message":"RegionController {/regions}:"}
{"timestamp":"2026-10-02 14:07:24","level":"\u001b[32minfo\u001b[39m","context":"RouterExplorer","method":"N/A","correlationId":"N/A","message":"Mapped {/regions, GET} route"}
{"timestamp":"2026-10-02 14:07:24","level":"\u001b[32minfo\u001b[39m","context":"RouterExplorer","method":"N/A","correlationId":"N/A","message":"Mapped {/regions/:id, GET} route"}
{"timestamp":"2026-10-02 14:07:24","level":"\u001b[32minfo\u001b[39m","context":"RouterExplorer","method":"N/A","correlationId":"N/A","message":"Mapped {/regions, POST} route"}
{"timestamp":"2026-10-02 14:07:24","level":"\u001b[32minfo\u001b[39m","context":"RouterExplorer","method":"N/A","correlationId":"N/A","message":"Mapped {/regions/:id, PUT} route"}
{"timestamp":"2026-10-02 14:07:24","level":"\u001b[32minfo\u001b[39m","context":"RouterExplorer","method":"N/A","correlationId":"N/A","message":"Mapped {/regions/:id, DELETE} route"}
{"timestamp":"2026-10-02 14:07:24","level":"\u001b[32minfo\u001b[39m","context":"RoutesResolver","method":"N/A","correlationId":"N/A","message":"PaysController {/pays}:"}
{"timestamp":"2026-10-02 14:07:24","level":"\u001b[32minfo\u001b[39m","context":"RouterExplorer","method":"N/A","correlationId":"N/A","message":"Mapped {/pays, GET} route"}
{"timestamp":"2026-10-02 14:07:24","level":"\u001b[32minfo\u001b[39m","context":"RouterExplorer","method":"N/A","correlationId":"N/A","message":"Mapped {/pays/:id, GET} route"}
{"timestamp":"2026-10-02 14:07:24","level":"\u001b[32minfo\u001b[39m","context":"RouterExplorer","method":"N/A","correlationId":"N/A","message":"Mapped {/pays, POST} route"}
{"timestamp":"2026-10-02 14:07:24","level":"\u001b[32minfo\u001b[39m","context":"RouterExplorer","method":"N/A","correlationId":"N/A","message":"Mapped {/pays/:id, PUT} route"}
{"timestamp":"2026-10-02 14:07:24","level":"\u001b[32minfo\u001b[39m","context":"RouterExplorer","method":"N/A","correlationId":"N/A","message":"Mapped {/pays/:id, DELETE} route"}
{"timestamp":"2026-10-02 14:07:24","level":"\u001b[32minfo\u001b[39m","context":"RoutesResolver","method":"N/A","correlationId":"N/A","message":"ActeurController {/acteurs}:"}
{"timestamp":"2026-10-02 14:07:24","level":"\u001b[32minfo\u001b[39m","context":"RouterExplorer","method":"N/A","correlationId":"N/A","message":"Mapped {/acteurs, GET} route"}
{"timestamp":"2026-10-02 14:07:24","level":"\u001b[32minfo\u001b[39m","context":"RouterExplorer","method":"N/A","correlationId":"N/A","message":"Mapped {/acteurs/:id, GET} route"}
{"timestamp":"2026-10-02 14:07:24","level":"\u001b[32minfo\u001b[39m","context":"RouterExplorer","method":"N/A","correlationId":"N/A","message":"Mapped {/acteurs, POST} route"}
{"timestamp":"2026-10-02 14:07:24","level":"\u001b[32minfo\u001b[39m","context":"RouterExplorer","method":"N/A","correlationId":"N/A","message":"Mapped {/acteurs/:id, PUT} route"}
{"timestamp":"2026-10-02 14:07:24","level":"\u001b[32minfo\u001b[39m","context":"RouterExplorer","method":"N/A","correlationId":"N/A","message":"Mapped {/acteurs/:id, DELETE} route"}
{"timestamp":"2026-10-02 14:07:24","level":"\u001b[32minfo\u001b[39m","context":"RoutesResolver","method":"N/A","correlationId":"N/A","message":"AssureController {/assures}:"}
{"timestamp":"2026-10-02 14:07:24","level":"\u001b[32minfo\u001b[39m","context":"RouterExplorer","method":"N/A","correlationId":"N/A","message":"Mapped {/assures, GET} route"}
{"timestamp":"2026-10-02 14:07:24","level":"\u001b[32minfo\u001b[39m","context":"RouterExplorer","method":"N/A","correlationId":"N/A","message":"Mapped {/assures/:id, GET} route"}
{"timestamp":"2026-10-02 14:07:24","level":"\u001b[32minfo\u001b[39m","context":"RouterExplorer","method":"N/A","correlationId":"N/A","message":"Mapped {/assures, POST} route"}
{"timestamp":"2026-10-02 14:07:24","level":"\u001b[32minfo\u001b[39m","context":"RouterExplorer","method":"N/A","correlationId":"N/A","message":"Mapped {/assures/:id, PUT} route"}
{"timestamp":"2026-10-02 14:07:24","level":"\u001b[32minfo\u001b[39m","context":"RouterExplorer","method":"N/A","correlationId":"N/A","message":"Mapped {/assures/:id, DELETE} route"}
{"timestamp":"2026-10-02 14:07:24","level":"\u001b[32minfo\u001b[39m","context":"RoutesResolver","method":"N/A","correlationId":"N/A","message":"ContactController {/contacts}:"}
{"timestamp":"2026-10-02 14:07:24","level":"\u001b[32minfo\u001b[39m","context":"RouterExplorer","method":"N/A","correlationId":"N/A","message":"Mapped {/contacts, GET} route"}
{"timestamp":"2026-10-02 14:07:24","level":"\u001b[32minfo\u001b[39m","context":"RouterExplorer","method":"N/A","correlationId":"N/A","message":"Mapped {/contacts/:id, GET} route"}
{"timestamp":"2026-10-02 14:07:24","level":"\u001b[32minfo\u001b[39m","context":"RouterExplorer","method":"N/A","correlationId":"N/A","message":"Mapped {/contacts, POST} route"}
{"timestamp":"2026-10-02 14:07:24","level":"\u001b[32minfo\u001b[39m","context":"RouterExplorer","method":"N/A","correlationId":"N/A","message":"Mapped {/contacts/:id, PUT} route"}
{"timestamp":"2026-10-02 14:07:24","level":"\u001b[32minfo\u001b[39m","context":"RouterExplorer","method":"N/A","correlationId":"N/A","message":"Mapped {/contacts/:id, DELETE} route"}
{"timestamp":"2026-10-02 14:07:24","level":"\u001b[32minfo\u001b[39m","context":"RoutesResolver","method":"N/A","correlationId":"N/A","message":"PoliceController {/polices}:"}
{"timestamp":"2026-10-02 14:07:24","level":"\u001b[32minfo\u001b[39m","context":"RouterExplorer","method":"N/A","correlationId":"N/A","message":"Mapped {/polices, GET} route"}
{"timestamp":"2026-10-02 14:07:24","level":"\u001b[32minfo\u001b[39m","context":"RouterExplorer","method":"N/A","correlationId":"N/A","message":"Mapped {/polices/:id, GET} route"}
{"timestamp":"2026-10-02 14:07:24","level":"\u001b[32minfo\u001b[39m","context":"RouterExplorer","method":"N/A","correlationId":"N/A","message":"Mapped {/polices, POST} route"}
{"timestamp":"2026-10-02 14:07:24","level":"\u001b[32minfo\u001b[39m","context":"RouterExplorer","method":"N/A","correlationId":"N/A","message":"Mapped {/polices/:id, PUT} route"}
{"timestamp":"2026-10-02 14:07:24","level":"\u001b[32minfo\u001b[39m","context":"RouterExplorer","method":"N/A","correlationId":"N/A","message":"Mapped {/polices/:id, DELETE} route"}
{"timestamp":"2026-10-02 14:07:24","level":"\u001b[32minfo\u001b[39m","context":"RoutesResolver","method":"N/A","correlationId":"N/A","message":"QuittanceController {/quittances}:"}
{"timestamp":"2026-10-02 14:07:24","level":"\u001b[32minfo\u001b[39m","context":"RouterExplorer","method":"N/A","correlationId":"N/A","message":"Mapped {/quittances, GET} route"}
{"timestamp":"2026-10-02 14:07:24","level":"\u001b[32minfo\u001b[39m","context":"RouterExplorer","method":"N/A","correlationId":"N/A","message":"Mapped {/quittances/:id, GET} route"}
{"timestamp":"2026-10-02 14:07:24","level":"\u001b[32minfo\u001b[39m","context":"RouterExplorer","method":"N/A","correlationId":"N/A","message":"Mapped {/quittances, POST} route"}
{"timestamp":"2026-10-02 14:07:24","level":"\u001b[32minfo\u001b[39m","context":"RouterExplorer","method":"N/A","correlationId":"N/A","message":"Mapped {/quittances/:id, PUT} route"}
{"timestamp":"2026-10-02 14:07:24","level":"\u001b[32minfo\u001b[39m","context":"RouterExplorer","method":"N/A","correlationId":"N/A","message":"Mapped {/quittances/:id/annuler, PATCH} route"}
{"timestamp":"2026-10-02 14:07:24","level":"\u001b[32minfo\u001b[39m","context":"RouterExplorer","method":"N/A","correlationId":"N/A","message":"Mapped {/quittances/:id, DELETE} route"}
{"timestamp":"2026-10-02 14:07:24","level":"\u001b[32minfo\u001b[39m","context":"RoutesResolver","method":"N/A","correlationId":"N/A","message":"QuittanceCessionController {/quittances-cession}:"}
{"timestamp":"2026-10-02 14:07:24","level":"\u001b[32minfo\u001b[39m","context":"RouterExplorer","method":"N/A","correlationId":"N/A","message":"Mapped {/quittances-cession, GET} route"}
{"timestamp":"2026-10-02 14:07:24","level":"\u001b[32minfo\u001b[39m","context":"RouterExplorer","method":"N/A","correlationId":"N/A","message":"Mapped {/quittances-cession/:id, GET} route"}
{"timestamp":"2026-10-02 14:07:24","level":"\u001b[32minfo\u001b[39m","context":"RouterExplorer","method":"N/A","correlationId":"N/A","message":"Mapped {/quittances-cession, POST} route"}
{"timestamp":"2026-10-02 14:07:24","level":"\u001b[32minfo\u001b[39m","context":"RouterExplorer","method":"N/A","correlationId":"N/A","message":"Mapped {/quittances-cession/:id, PUT} route"}
{"timestamp":"2026-10-02 14:07:24","level":"\u001b[32minfo\u001b[39m","context":"RouterExplorer","method":"N/A","correlationId":"N/A","message":"Mapped {/quittances-cession/:id, DELETE} route"}
{"timestamp":"2026-10-02 14:07:24","level":"\u001b[32minfo\u001b[39m","context":"RoutesResolver","method":"N/A","correlationId":"N/A","message":"EcheancePmdController {/echeances-pmd}:"}
{"timestamp":"2026-10-02 14:07:24","level":"\u001b[32minfo\u001b[39m","context":"RouterExplorer","method":"N/A","correlationId":"N/A","message":"Mapped {/echeances-pmd, GET} route"}
{"timestamp":"2026-10-02 14:07:24","level":"\u001b[32minfo\u001b[39m","context":"RouterExplorer","method":"N/A","correlationId":"N/A","message":"Mapped {/echeances-pmd/:id, GET} route"}
{"timestamp":"2026-10-02 14:07:24","level":"\u001b[32minfo\u001b[39m","context":"RouterExplorer","method":"N/A","correlationId":"N/A","message":"Mapped {/echeances-pmd, POST} route"}
{"timestamp":"2026-10-02 14:07:24","level":"\u001b[32minfo\u001b[39m","context":"RouterExplorer","method":"N/A","correlationId":"N/A","message":"Mapped {/echeances-pmd/:id, PUT} route"}
{"timestamp":"2026-10-02 14:07:24","level":"\u001b[32minfo\u001b[39m","context":"RouterExplorer","method":"N/A","correlationId":"N/A","message":"Mapped {/echeances-pmd/:id, DELETE} route"}
{"timestamp":"2026-10-02 14:07:24","level":"\u001b[32minfo\u001b[39m","context":"RoutesResolver","method":"N/A","correlationId":"N/A","message":"BordereauController {/bordereaux}:"}
{"timestamp":"2026-10-02 14:07:24","level":"\u001b[32minfo\u001b[39m","context":"RouterExplorer","method":"N/A","correlationId":"N/A","message":"Mapped {/bordereaux, GET} route"}
{"timestamp":"2026-10-02 14:07:24","level":"\u001b[32minfo\u001b[39m","context":"RouterExplorer","method":"N/A","correlationId":"N/A","message":"Mapped {/bordereaux/:id, GET} route"}
{"timestamp":"2026-10-02 14:07:24","level":"\u001b[32minfo\u001b[39m","context":"RouterExplorer","method":"N/A","correlationId":"N/A","message":"Mapped {/bordereaux, POST} route"}
{"timestamp":"2026-10-02 14:07:24","level":"\u001b[32minfo\u001b[39m","context":"RouterExplorer","method":"N/A","correlationId":"N/A","message":"Mapped {/bordereaux/:id, PUT} route"}
{"timestamp":"2026-10-02 14:07:24","level":"\u001b[32minfo\u001b[39m","context":"RouterExplorer","method":"N/A","correlationId":"N/A","message":"Mapped {/bordereaux/:id, DELETE} route"}
{"timestamp":"2026-10-02 14:07:24","level":"\u001b[32minfo\u001b[39m","context":"RoutesResolver","method":"N/A","correlationId":"N/A","message":"CompteTraiteController {/comptes-traite}:"}
{"timestamp":"2026-10-02 14:07:24","level":"\u001b[32minfo\u001b[39m","context":"RouterExplorer","method":"N/A","correlationId":"N/A","message":"Mapped {/comptes-traite, GET} route"}
{"timestamp":"2026-10-02 14:07:24","level":"\u001b[32minfo\u001b[39m","context":"RouterExplorer","method":"N/A","correlationId":"N/A","message":"Mapped {/comptes-traite/:id, GET} route"}
{"timestamp":"2026-10-02 14:07:24","level":"\u001b[32minfo\u001b[39m","context":"RouterExplorer","method":"N/A","correlationId":"N/A","message":"Mapped {/comptes-traite, POST} route"}
{"timestamp":"2026-10-02 14:07:24","level":"\u001b[32minfo\u001b[39m","context":"RouterExplorer","method":"N/A","correlationId":"N/A","message":"Mapped {/comptes-traite/:id, PUT} route"}
{"timestamp":"2026-10-02 14:07:24","level":"\u001b[32minfo\u001b[39m","context":"RouterExplorer","method":"N/A","correlationId":"N/A","message":"Mapped {/comptes-traite/:id, DELETE} route"}
{"timestamp":"2026-10-02 14:07:24","level":"\u001b[32minfo\u001b[39m","context":"RoutesResolver","method":"N/A","correlationId":"N/A","message":"NoteDebitCreditController {/notes-debit-credit}:"}
{"timestamp":"2026-10-02 14:07:24","level":"\u001b[32minfo\u001b[39m","context":"RouterExplorer","method":"N/A","correlationId":"N/A","message":"Mapped {/notes-debit-credit, GET} route"}
{"timestamp":"2026-10-02 14:07:24","level":"\u001b[32minfo\u001b[39m","context":"RouterExplorer","method":"N/A","correlationId":"N/A","message":"Mapped {/notes-debit-credit/:id, GET} route"}
{"timestamp":"2026-10-02 14:07:24","level":"\u001b[32minfo\u001b[39m","context":"RouterExplorer","method":"N/A","correlationId":"N/A","message":"Mapped {/notes-debit-credit, POST} route"}
{"timestamp":"2026-10-02 14:07:24","level":"\u001b[32minfo\u001b[39m","context":"RouterExplorer","method":"N/A","correlationId":"N/A","message":"Mapped {/notes-debit-credit/:id, PUT} route"}
{"timestamp":"2026-10-02 14:07:24","level":"\u001b[32minfo\u001b[39m","context":"RouterExplorer","method":"N/A","correlationId":"N/A","message":"Mapped {/notes-debit-credit/:id, DELETE} route"}
{"timestamp":"2026-10-02 14:07:24","level":"\u001b[32minfo\u001b[39m","context":"RoutesResolver","method":"N/A","correlationId":"N/A","message":"ReglementController {/reglements}:"}
{"timestamp":"2026-10-02 14:07:24","level":"\u001b[32minfo\u001b[39m","context":"RouterExplorer","method":"N/A","correlationId":"N/A","message":"Mapped {/reglements, GET} route"}
{"timestamp":"2026-10-02 14:07:24","level":"\u001b[32minfo\u001b[39m","context":"RouterExplorer","method":"N/A","correlationId":"N/A","message":"Mapped {/reglements/:id, GET} route"}
{"timestamp":"2026-10-02 14:07:24","level":"\u001b[32minfo\u001b[39m","context":"RouterExplorer","method":"N/A","correlationId":"N/A","message":"Mapped {/reglements, POST} route"}
{"timestamp":"2026-10-02 14:07:24","level":"\u001b[32minfo\u001b[39m","context":"RouterExplorer","method":"N/A","correlationId":"N/A","message":"Mapped {/reglements/:id, PUT} route"}
{"timestamp":"2026-10-02 14:07:24","level":"\u001b[32minfo\u001b[39m","context":"RouterExplorer","method":"N/A","correlationId":"N/A","message":"Mapped {/reglements/:id, DELETE} route"}
{"timestamp":"2026-10-02 14:07:24","level":"\u001b[32minfo\u001b[39m","context":"RoutesResolver","method":"N/A","correlationId":"N/A","message":"SinistreStatutController {/sinistre-statuts}:"}
{"timestamp":"2026-10-02 14:07:24","level":"\u001b[32minfo\u001b[39m","context":"RouterExplorer","method":"N/A","correlationId":"N/A","message":"Mapped {/sinistre-statuts, GET} route"}
{"timestamp":"2026-10-02 14:07:24","level":"\u001b[32minfo\u001b[39m","context":"RouterExplorer","method":"N/A","correlationId":"N/A","message":"Mapped {/sinistre-statuts/:id, GET} route"}
{"timestamp":"2026-10-02 14:07:24","level":"\u001b[32minfo\u001b[39m","context":"RouterExplorer","method":"N/A","correlationId":"N/A","message":"Mapped {/sinistre-statuts, POST} route"}
{"timestamp":"2026-10-02 14:07:24","level":"\u001b[32minfo\u001b[39m","context":"RouterExplorer","method":"N/A","correlationId":"N/A","message":"Mapped {/sinistre-statuts/:id, PUT} route"}
{"timestamp":"2026-10-02 14:07:24","level":"\u001b[32minfo\u001b[39m","context":"RouterExplorer","method":"N/A","correlationId":"N/A","message":"Mapped {/sinistre-statuts/:id, DELETE} route"}
{"timestamp":"2026-10-02 14:07:24","level":"\u001b[32minfo\u001b[39m","context":"RoutesResolver","method":"N/A","correlationId":"N/A","message":"SinistreTypeEvaluationController {/sinistres-types-evaluation}:"}
{"timestamp":"2026-10-02 14:07:24","level":"\u001b[32minfo\u001b[39m","context":"RouterExplorer","method":"N/A","correlationId":"N/A","message":"Mapped {/sinistres-types-evaluation, GET} route"}
{"timestamp":"2026-10-02 14:07:24","level":"\u001b[32minfo\u001b[39m","context":"RouterExplorer","method":"N/A","correlationId":"N/A","message":"Mapped {/sinistres-types-evaluation/:id, GET} route"}
{"timestamp":"2026-10-02 14:07:24","level":"\u001b[32minfo\u001b[39m","context":"RouterExplorer","method":"N/A","correlationId":"N/A","message":"Mapped {/sinistres-types-evaluation, POST} route"}
{"timestamp":"2026-10-02 14:07:24","level":"\u001b[32minfo\u001b[39m","context":"RouterExplorer","method":"N/A","correlationId":"N/A","message":"Mapped {/sinistres-types-evaluation/:id, PUT} route"}
{"timestamp":"2026-10-02 14:07:24","level":"\u001b[32minfo\u001b[39m","context":"RouterExplorer","method":"N/A","correlationId":"N/A","message":"Mapped {/sinistres-types-evaluation/:id, DELETE} route"}
{"timestamp":"2026-10-02 14:07:24","level":"\u001b[32minfo\u001b[39m","context":"RoutesResolver","method":"N/A","correlationId":"N/A","message":"SinistreController {/sinistre}:"}
{"timestamp":"2026-10-02 14:07:24","level":"\u001b[32minfo\u001b[39m","context":"RouterExplorer","method":"N/A","correlationId":"N/A","message":"Mapped {/sinistre, GET} route"}
{"timestamp":"2026-10-02 14:07:24","level":"\u001b[32minfo\u001b[39m","context":"RouterExplorer","method":"N/A","correlationId":"N/A","message":"Mapped {/sinistre/:id, GET} route"}
{"timestamp":"2026-10-02 14:07:24","level":"\u001b[32minfo\u001b[39m","context":"RouterExplorer","method":"N/A","correlationId":"N/A","message":"Mapped {/sinistre, POST} route"}
{"timestamp":"2026-10-02 14:07:24","level":"\u001b[32minfo\u001b[39m","context":"RouterExplorer","method":"N/A","correlationId":"N/A","message":"Mapped {/sinistre/:id, PUT} route"}
{"timestamp":"2026-10-02 14:07:24","level":"\u001b[32minfo\u001b[39m","context":"RouterExplorer","method":"N/A","correlationId":"N/A","message":"Mapped {/sinistre/:id, DELETE} route"}
{"timestamp":"2026-10-02 14:07:24","level":"\u001b[32minfo\u001b[39m","context":"RoutesResolver","method":"N/A","correlationId":"N/A","message":"SinistreEvaluationController {/sinistres-evaluations}:"}
{"timestamp":"2026-10-02 14:07:24","level":"\u001b[32minfo\u001b[39m","context":"RouterExplorer","method":"N/A","correlationId":"N/A","message":"Mapped {/sinistres-evaluations, GET} route"}
{"timestamp":"2026-10-02 14:07:24","level":"\u001b[32minfo\u001b[39m","context":"RouterExplorer","method":"N/A","correlationId":"N/A","message":"Mapped {/sinistres-evaluations/:id, GET} route"}
{"timestamp":"2026-10-02 14:07:24","level":"\u001b[32minfo\u001b[39m","context":"RouterExplorer","method":"N/A","correlationId":"N/A","message":"Mapped {/sinistres-evaluations, POST} route"}
{"timestamp":"2026-10-02 14:07:24","level":"\u001b[32minfo\u001b[39m","context":"RouterExplorer","method":"N/A","correlationId":"N/A","message":"Mapped {/sinistres-evaluations/:id, PUT} route"}
{"timestamp":"2026-10-02 14:07:24","level":"\u001b[32minfo\u001b[39m","context":"RouterExplorer","method":"N/A","correlationId":"N/A","message":"Mapped {/sinistres-evaluations/:id, DELETE} route"}
{"timestamp":"2026-10-02 14:07:24","level":"\u001b[32minfo\u001b[39m","context":"RoutesResolver","method":"N/A","correlationId":"N/A","message":"SinistreReglementController {/sinistres-reglements}:"}
{"timestamp":"2026-10-02 14:07:24","level":"\u001b[32minfo\u001b[39m","context":"RouterExplorer","method":"N/A","correlationId":"N/A","message":"Mapped {/sinistres-reglements, GET} route"}
{"timestamp":"2026-10-02 14:07:24","level":"\u001b[32minfo\u001b[39m","context":"RouterExplorer","method":"N/A","correlationId":"N/A","message":"Mapped {/sinistres-reglements/:id, GET} route"}
{"timestamp":"2026-10-02 14:07:24","level":"\u001b[32minfo\u001b[39m","context":"RouterExplorer","method":"N/A","correlationId":"N/A","message":"Mapped {/sinistres-reglements, POST} route"}
{"timestamp":"2026-10-02 14:07:24","level":"\u001b[32minfo\u001b[39m","context":"RouterExplorer","method":"N/A","correlationId":"N/A","message":"Mapped {/sinistres-reglements/:id, PUT} route"}
{"timestamp":"2026-10-02 14:07:24","level":"\u001b[32minfo\u001b[39m","context":"RouterExplorer","method":"N/A","correlationId":"N/A","message":"Mapped {/sinistres-reglements/:id, DELETE} route"}
{"timestamp":"2026-10-02 14:07:24","level":"\u001b[32minfo\u001b[39m","context":"NestApplication","method":"N/A","correlationId":"N/A","message":"Nest application successfully started"}
{"timestamp":"2026-10-02 14:09:39","level":"\u001b[32minfo\u001b[39m","context":"NestFactory","method":"N/A","correlationId":"N/A","message":"Starting Nest application..."}
{"timestamp":"2026-10-02 14:09:39","level":"\u001b[32minfo\u001b[39m","context":"InstanceLoader","method":"N/A","correlationId":"N/A","message":"TypeOrmModule dependencies initialized"}
{"timestamp":"2026-10-02 14:09:39","level":"\u001b[32minfo\u001b[39m","context":"InstanceLoader","method":"N/A","correlationId":"N/A","message":"ClsModule dependencies initialized"}
{"timestamp":"2026-10-02 14:09:39","level":"\u001b[32minfo\u001b[39m","context":"InstanceLoader","method":"N/A","correlationId":"N/A","message":"ClsCommonModule dependencies initialized"}
{"timestamp":"2026-10-02 14:09:39","level":"\u001b[32minfo\u001b[39m","context":"InstanceLoader","method":"N/A","correlationId":"N/A","message":"ClsModule dependencies initialized"}
{"timestamp":"2026-10-02 14:09:39","level":"\u001b[32minfo\u001b[39m","context":"InstanceLoader","method":"N/A","correlationId":"N/A","message":"ConfigHostModule dependencies initialized"}
{"timestamp":"2026-10-02 14:09:39","level":"\u001b[32minfo\u001b[39m","context":"InstanceLoader","method":"N/A","correlationId":"N/A","message":"DiscoveryModule dependencies initialized"}
{"timestamp":"2026-10-02 14:09:39","level":"\u001b[32minfo\u001b[39m","context":"InstanceLoader","method":"N/A","correlationId":"N/A","message":"ClsRootModule dependencies initialized"}
{"timestamp":"2026-10-02 14:09:39","level":"\u001b[32minfo\u001b[39m","context":"InstanceLoader","method":"N/A","correlationId":"N/A","message":"AppModule dependencies initialized"}
{"timestamp":"2026-10-02 14:09:39","level":"\u001b[32minfo\u001b[39m","context":"InstanceLoader","method":"N/A","correlationId":"N/A","message":"ConfigModule dependencies initialized"}
{"timestamp":"2026-10-02 14:09:39","level":"\u001b[32minfo\u001b[39m","context":"InstanceLoader","method":"N/A","correlationId":"N/A","message":"ClsPluginsModule dependencies initialized"}
{"timestamp":"2026-10-02 14:09:39","level":"\u001b[32minfo\u001b[39m","context":"InstanceLoader","method":"N/A","correlationId":"N/A","message":"TypeOrmCoreModule dependencies initialized"}
{"timestamp":"2026-10-02 14:09:39","level":"\u001b[32minfo\u001b[39m","context":"InstanceLoader","method":"N/A","correlationId":"N/A","message":"TypeOrmModule dependencies initialized"}
{"timestamp":"2026-10-02 14:09:39","level":"\u001b[32minfo\u001b[39m","context":"InstanceLoader","method":"N/A","correlationId":"N/A","message":"TypeOrmModule dependencies initialized"}
{"timestamp":"2026-10-02 14:09:39","level":"\u001b[32minfo\u001b[39m","context":"InstanceLoader","method":"N/A","correlationId":"N/A","message":"TypeOrmModule dependencies initialized"}
{"timestamp":"2026-10-02 14:09:39","level":"\u001b[32minfo\u001b[39m","context":"InstanceLoader","method":"N/A","correlationId":"N/A","message":"TypeOrmModule dependencies initialized"}
{"timestamp":"2026-10-02 14:09:39","level":"\u001b[32minfo\u001b[39m","context":"InstanceLoader","method":"N/A","correlationId":"N/A","message":"TypeOrmModule dependencies initialized"}
{"timestamp":"2026-10-02 14:09:39","level":"\u001b[32minfo\u001b[39m","context":"InstanceLoader","method":"N/A","correlationId":"N/A","message":"TypeOrmModule dependencies initialized"}
{"timestamp":"2026-10-02 14:09:39","level":"\u001b[32minfo\u001b[39m","context":"InstanceLoader","method":"N/A","correlationId":"N/A","message":"ClsPluginModule dependencies initialized"}
{"timestamp":"2026-10-02 14:09:39","level":"\u001b[32minfo\u001b[39m","context":"InstanceLoader","method":"N/A","correlationId":"N/A","message":"ActeursModule dependencies initialized"}
{"timestamp":"2026-10-02 14:09:39","level":"\u001b[32minfo\u001b[39m","context":"InstanceLoader","method":"N/A","correlationId":"N/A","message":"ReferentielModule dependencies initialized"}
{"timestamp":"2026-10-02 14:09:39","level":"\u001b[32minfo\u001b[39m","context":"InstanceLoader","method":"N/A","correlationId":"N/A","message":"PolicesModule dependencies initialized"}
{"timestamp":"2026-10-02 14:09:39","level":"\u001b[32minfo\u001b[39m","context":"InstanceLoader","method":"N/A","correlationId":"N/A","message":"FluxFinancierModule dependencies initialized"}
{"timestamp":"2026-10-02 14:09:39","level":"\u001b[32minfo\u001b[39m","context":"InstanceLoader","method":"N/A","correlationId":"N/A","message":"SinistresModule dependencies initialized"}
{"timestamp":"2026-10-02 14:09:39","level":"\u001b[32minfo\u001b[39m","context":"InstanceLoader","method":"N/A","correlationId":"N/A","message":"QuittancesModule dependencies initialized"}
{"timestamp":"2026-10-02 14:09:39","level":"\u001b[32minfo\u001b[39m","context":"RoutesResolver","method":"N/A","correlationId":"N/A","message":"BrancheController {/branches}:"}
{"timestamp":"2026-10-02 14:09:39","level":"\u001b[32minfo\u001b[39m","context":"RouterExplorer","method":"N/A","correlationId":"N/A","message":"Mapped {/branches, GET} route"}
{"timestamp":"2026-10-02 14:09:39","level":"\u001b[32minfo\u001b[39m","context":"RouterExplorer","method":"N/A","correlationId":"N/A","message":"Mapped {/branches/:id, GET} route"}
{"timestamp":"2026-10-02 14:09:39","level":"\u001b[32minfo\u001b[39m","context":"RouterExplorer","method":"N/A","correlationId":"N/A","message":"Mapped {/branches, POST} route"}
{"timestamp":"2026-10-02 14:09:39","level":"\u001b[32minfo\u001b[39m","context":"RouterExplorer","method":"N/A","correlationId":"N/A","message":"Mapped {/branches/:id, PUT} route"}
{"timestamp":"2026-10-02 14:09:39","level":"\u001b[32minfo\u001b[39m","context":"RouterExplorer","method":"N/A","correlationId":"N/A","message":"Mapped {/branches/:id, DELETE} route"}
{"timestamp":"2026-10-02 14:09:39","level":"\u001b[32minfo\u001b[39m","context":"RoutesResolver","method":"N/A","correlationId":"N/A","message":"SousBrancheController {/sous-branches}:"}
{"timestamp":"2026-10-02 14:09:39","level":"\u001b[32minfo\u001b[39m","context":"RouterExplorer","method":"N/A","correlationId":"N/A","message":"Mapped {/sous-branches, GET} route"}
{"timestamp":"2026-10-02 14:09:39","level":"\u001b[32minfo\u001b[39m","context":"RouterExplorer","method":"N/A","correlationId":"N/A","message":"Mapped {/sous-branches/:id, GET} route"}
{"timestamp":"2026-10-02 14:09:39","level":"\u001b[32minfo\u001b[39m","context":"RouterExplorer","method":"N/A","correlationId":"N/A","message":"Mapped {/sous-branches, POST} route"}
{"timestamp":"2026-10-02 14:09:39","level":"\u001b[32minfo\u001b[39m","context":"RouterExplorer","method":"N/A","correlationId":"N/A","message":"Mapped {/sous-branches/:id, PUT} route"}
{"timestamp":"2026-10-02 14:09:39","level":"\u001b[32minfo\u001b[39m","context":"RouterExplorer","method":"N/A","correlationId":"N/A","message":"Mapped {/sous-branches/:id, DELETE} route"}
{"timestamp":"2026-10-02 14:09:39","level":"\u001b[32minfo\u001b[39m","context":"RoutesResolver","method":"N/A","correlationId":"N/A","message":"DeviseController {/devise}:"}
{"timestamp":"2026-10-02 14:09:39","level":"\u001b[32minfo\u001b[39m","context":"RouterExplorer","method":"N/A","correlationId":"N/A","message":"Mapped {/devise, GET} route"}
{"timestamp":"2026-10-02 14:09:39","level":"\u001b[32minfo\u001b[39m","context":"RouterExplorer","method":"N/A","correlationId":"N/A","message":"Mapped {/devise/:id, GET} route"}
{"timestamp":"2026-10-02 14:09:39","level":"\u001b[32minfo\u001b[39m","context":"RouterExplorer","method":"N/A","correlationId":"N/A","message":"Mapped {/devise, POST} route"}
{"timestamp":"2026-10-02 14:09:39","level":"\u001b[32minfo\u001b[39m","context":"RouterExplorer","method":"N/A","correlationId":"N/A","message":"Mapped {/devise/:id, PUT} route"}
{"timestamp":"2026-10-02 14:09:39","level":"\u001b[32minfo\u001b[39m","context":"RouterExplorer","method":"N/A","correlationId":"N/A","message":"Mapped {/devise/:id, DELETE} route"}
{"timestamp":"2026-10-02 14:09:39","level":"\u001b[32minfo\u001b[39m","context":"RoutesResolver","method":"N/A","correlationId":"N/A","message":"DomaineActiviteController {/domaines-activite}:"}
{"timestamp":"2026-10-02 14:09:39","level":"\u001b[32minfo\u001b[39m","context":"RouterExplorer","method":"N/A","correlationId":"N/A","message":"Mapped {/domaines-activite, GET} route"}
{"timestamp":"2026-10-02 14:09:39","level":"\u001b[32minfo\u001b[39m","context":"RouterExplorer","method":"N/A","correlationId":"N/A","message":"Mapped {/domaines-activite/:id, GET} route"}
{"timestamp":"2026-10-02 14:09:39","level":"\u001b[32minfo\u001b[39m","context":"RouterExplorer","method":"N/A","correlationId":"N/A","message":"Mapped {/domaines-activite, POST} route"}
{"timestamp":"2026-10-02 14:09:39","level":"\u001b[32minfo\u001b[39m","context":"RouterExplorer","method":"N/A","correlationId":"N/A","message":"Mapped {/domaines-activite/:id, PUT} route"}
{"timestamp":"2026-10-02 14:09:39","level":"\u001b[32minfo\u001b[39m","context":"RouterExplorer","method":"N/A","correlationId":"N/A","message":"Mapped {/domaines-activite/:id, DELETE} route"}
{"timestamp":"2026-10-02 14:09:39","level":"\u001b[32minfo\u001b[39m","context":"RoutesResolver","method":"N/A","correlationId":"N/A","message":"CampagneController {/campagnes}:"}
{"timestamp":"2026-10-02 14:09:39","level":"\u001b[32minfo\u001b[39m","context":"RouterExplorer","method":"N/A","correlationId":"N/A","message":"Mapped {/campagnes, GET} route"}
{"timestamp":"2026-10-02 14:09:39","level":"\u001b[32minfo\u001b[39m","context":"RouterExplorer","method":"N/A","correlationId":"N/A","message":"Mapped {/campagnes/:id, GET} route"}
{"timestamp":"2026-10-02 14:09:39","level":"\u001b[32minfo\u001b[39m","context":"RouterExplorer","method":"N/A","correlationId":"N/A","message":"Mapped {/campagnes, POST} route"}
{"timestamp":"2026-10-02 14:09:39","level":"\u001b[32minfo\u001b[39m","context":"RouterExplorer","method":"N/A","correlationId":"N/A","message":"Mapped {/campagnes/:id, PUT} route"}
{"timestamp":"2026-10-02 14:09:39","level":"\u001b[32minfo\u001b[39m","context":"RouterExplorer","method":"N/A","correlationId":"N/A","message":"Mapped {/campagnes/:id, DELETE} route"}
{"timestamp":"2026-10-02 14:09:39","level":"\u001b[32minfo\u001b[39m","context":"RoutesResolver","method":"N/A","correlationId":"N/A","message":"MouvementController {/mouvements}:"}
{"timestamp":"2026-10-02 14:09:39","level":"\u001b[32minfo\u001b[39m","context":"RouterExplorer","method":"N/A","correlationId":"N/A","message":"Mapped {/mouvements, GET} route"}
{"timestamp":"2026-10-02 14:09:39","level":"\u001b[32minfo\u001b[39m","context":"RouterExplorer","method":"N/A","correlationId":"N/A","message":"Mapped {/mouvements/:id, GET} route"}
{"timestamp":"2026-10-02 14:09:39","level":"\u001b[32minfo\u001b[39m","context":"RouterExplorer","method":"N/A","correlationId":"N/A","message":"Mapped {/mouvements, POST} route"}
{"timestamp":"2026-10-02 14:09:39","level":"\u001b[32minfo\u001b[39m","context":"RouterExplorer","method":"N/A","correlationId":"N/A","message":"Mapped {/mouvements/:id, PUT} route"}
{"timestamp":"2026-10-02 14:09:39","level":"\u001b[32minfo\u001b[39m","context":"RouterExplorer","method":"N/A","correlationId":"N/A","message":"Mapped {/mouvements/:id, DELETE} route"}
{"timestamp":"2026-10-02 14:09:39","level":"\u001b[32minfo\u001b[39m","context":"RoutesResolver","method":"N/A","correlationId":"N/A","message":"CompteTypeController {/compte-types}:"}
{"timestamp":"2026-10-02 14:09:39","level":"\u001b[32minfo\u001b[39m","context":"RouterExplorer","method":"N/A","correlationId":"N/A","message":"Mapped {/compte-types, GET} route"}
{"timestamp":"2026-10-02 14:09:39","level":"\u001b[32minfo\u001b[39m","context":"RouterExplorer","method":"N/A","correlationId":"N/A","message":"Mapped {/compte-types/:id, GET} route"}
{"timestamp":"2026-10-02 14:09:39","level":"\u001b[32minfo\u001b[39m","context":"RouterExplorer","method":"N/A","correlationId":"N/A","message":"Mapped {/compte-types, POST} route"}
{"timestamp":"2026-10-02 14:09:39","level":"\u001b[32minfo\u001b[39m","context":"RouterExplorer","method":"N/A","correlationId":"N/A","message":"Mapped {/compte-types/:id, PUT} route"}
{"timestamp":"2026-10-02 14:09:39","level":"\u001b[32minfo\u001b[39m","context":"RouterExplorer","method":"N/A","correlationId":"N/A","message":"Mapped {/compte-types/:id, DELETE} route"}
{"timestamp":"2026-10-02 14:09:39","level":"\u001b[32minfo\u001b[39m","context":"RoutesResolver","method":"N/A","correlationId":"N/A","message":"NatureCessionController {/natures-cession}:"}
{"timestamp":"2026-10-02 14:09:39","level":"\u001b[32minfo\u001b[39m","context":"RouterExplorer","method":"N/A","correlationId":"N/A","message":"Mapped {/natures-cession, GET} route"}
{"timestamp":"2026-10-02 14:09:39","level":"\u001b[32minfo\u001b[39m","context":"RouterExplorer","method":"N/A","correlationId":"N/A","message":"Mapped {/natures-cession/:id, GET} route"}
{"timestamp":"2026-10-02 14:09:39","level":"\u001b[32minfo\u001b[39m","context":"RouterExplorer","method":"N/A","correlationId":"N/A","message":"Mapped {/natures-cession, POST} route"}
{"timestamp":"2026-10-02 14:09:39","level":"\u001b[32minfo\u001b[39m","context":"RouterExplorer","method":"N/A","correlationId":"N/A","message":"Mapped {/natures-cession/:id, PUT} route"}
{"timestamp":"2026-10-02 14:09:39","level":"\u001b[32minfo\u001b[39m","context":"RouterExplorer","method":"N/A","correlationId":"N/A","message":"Mapped {/natures-cession/:id, DELETE} route"}
{"timestamp":"2026-10-02 14:09:39","level":"\u001b[32minfo\u001b[39m","context":"RoutesResolver","method":"N/A","correlationId":"N/A","message":"RegionController {/regions}:"}
{"timestamp":"2026-10-02 14:09:39","level":"\u001b[32minfo\u001b[39m","context":"RouterExplorer","method":"N/A","correlationId":"N/A","message":"Mapped {/regions, GET} route"}
{"timestamp":"2026-10-02 14:09:39","level":"\u001b[32minfo\u001b[39m","context":"RouterExplorer","method":"N/A","correlationId":"N/A","message":"Mapped {/regions/:id, GET} route"}
{"timestamp":"2026-10-02 14:09:39","level":"\u001b[32minfo\u001b[39m","context":"RouterExplorer","method":"N/A","correlationId":"N/A","message":"Mapped {/regions, POST} route"}
{"timestamp":"2026-10-02 14:09:39","level":"\u001b[32minfo\u001b[39m","context":"RouterExplorer","method":"N/A","correlationId":"N/A","message":"Mapped {/regions/:id, PUT} route"}
{"timestamp":"2026-10-02 14:09:39","level":"\u001b[32minfo\u001b[39m","context":"RouterExplorer","method":"N/A","correlationId":"N/A","message":"Mapped {/regions/:id, DELETE} route"}
{"timestamp":"2026-10-02 14:09:39","level":"\u001b[32minfo\u001b[39m","context":"RoutesResolver","method":"N/A","correlationId":"N/A","message":"PaysController {/pays}:"}
{"timestamp":"2026-10-02 14:09:39","level":"\u001b[32minfo\u001b[39m","context":"RouterExplorer","method":"N/A","correlationId":"N/A","message":"Mapped {/pays, GET} route"}
{"timestamp":"2026-10-02 14:09:39","level":"\u001b[32minfo\u001b[39m","context":"RouterExplorer","method":"N/A","correlationId":"N/A","message":"Mapped {/pays/:id, GET} route"}
{"timestamp":"2026-10-02 14:09:39","level":"\u001b[32minfo\u001b[39m","context":"RouterExplorer","method":"N/A","correlationId":"N/A","message":"Mapped {/pays, POST} route"}
{"timestamp":"2026-10-02 14:09:39","level":"\u001b[32minfo\u001b[39m","context":"RouterExplorer","method":"N/A","correlationId":"N/A","message":"Mapped {/pays/:id, PUT} route"}
{"timestamp":"2026-10-02 14:09:39","level":"\u001b[32minfo\u001b[39m","context":"RouterExplorer","method":"N/A","correlationId":"N/A","message":"Mapped {/pays/:id, DELETE} route"}
{"timestamp":"2026-10-02 14:09:39","level":"\u001b[32minfo\u001b[39m","context":"RoutesResolver","method":"N/A","correlationId":"N/A","message":"ActeurController {/acteurs}:"}
{"timestamp":"2026-10-02 14:09:39","level":"\u001b[32minfo\u001b[39m","context":"RouterExplorer","method":"N/A","correlationId":"N/A","message":"Mapped {/acteurs, GET} route"}
{"timestamp":"2026-10-02 14:09:39","level":"\u001b[32minfo\u001b[39m","context":"RouterExplorer","method":"N/A","correlationId":"N/A","message":"Mapped {/acteurs/:id, GET} route"}
{"timestamp":"2026-10-02 14:09:39","level":"\u001b[32minfo\u001b[39m","context":"RouterExplorer","method":"N/A","correlationId":"N/A","message":"Mapped {/acteurs, POST} route"}
{"timestamp":"2026-10-02 14:09:39","level":"\u001b[32minfo\u001b[39m","context":"RouterExplorer","method":"N/A","correlationId":"N/A","message":"Mapped {/acteurs/:id, PUT} route"}
{"timestamp":"2026-10-02 14:09:39","level":"\u001b[32minfo\u001b[39m","context":"RouterExplorer","method":"N/A","correlationId":"N/A","message":"Mapped {/acteurs/:id, DELETE} route"}
{"timestamp":"2026-10-02 14:09:39","level":"\u001b[32minfo\u001b[39m","context":"RoutesResolver","method":"N/A","correlationId":"N/A","message":"AssureController {/assures}:"}
{"timestamp":"2026-10-02 14:09:39","level":"\u001b[32minfo\u001b[39m","context":"RouterExplorer","method":"N/A","correlationId":"N/A","message":"Mapped {/assures, GET} route"}
{"timestamp":"2026-10-02 14:09:39","level":"\u001b[32minfo\u001b[39m","context":"RouterExplorer","method":"N/A","correlationId":"N/A","message":"Mapped {/assures/:id, GET} route"}
{"timestamp":"2026-10-02 14:09:39","level":"\u001b[32minfo\u001b[39m","context":"RouterExplorer","method":"N/A","correlationId":"N/A","message":"Mapped {/assures, POST} route"}
{"timestamp":"2026-10-02 14:09:39","level":"\u001b[32minfo\u001b[39m","context":"RouterExplorer","method":"N/A","correlationId":"N/A","message":"Mapped {/assures/:id, PUT} route"}
{"timestamp":"2026-10-02 14:09:39","level":"\u001b[32minfo\u001b[39m","context":"RouterExplorer","method":"N/A","correlationId":"N/A","message":"Mapped {/assures/:id, DELETE} route"}
{"timestamp":"2026-10-02 14:09:39","level":"\u001b[32minfo\u001b[39m","context":"RoutesResolver","method":"N/A","correlationId":"N/A","message":"ContactController {/contacts}:"}
{"timestamp":"2026-10-02 14:09:39","level":"\u001b[32minfo\u001b[39m","context":"RouterExplorer","method":"N/A","correlationId":"N/A","message":"Mapped {/contacts, GET} route"}
{"timestamp":"2026-10-02 14:09:39","level":"\u001b[32minfo\u001b[39m","context":"RouterExplorer","method":"N/A","correlationId":"N/A","message":"Mapped {/contacts/:id, GET} route"}
{"timestamp":"2026-10-02 14:09:39","level":"\u001b[32minfo\u001b[39m","context":"RouterExplorer","method":"N/A","correlationId":"N/A","message":"Mapped {/contacts, POST} route"}
{"timestamp":"2026-10-02 14:09:39","level":"\u001b[32minfo\u001b[39m","context":"RouterExplorer","method":"N/A","correlationId":"N/A","message":"Mapped {/contacts/:id, PUT} route"}
{"timestamp":"2026-10-02 14:09:39","level":"\u001b[32minfo\u001b[39m","context":"RouterExplorer","method":"N/A","correlationId":"N/A","message":"Mapped {/contacts/:id, DELETE} route"}
{"timestamp":"2026-10-02 14:09:39","level":"\u001b[32minfo\u001b[39m","context":"RoutesResolver","method":"N/A","correlationId":"N/A","message":"PoliceController {/polices}:"}
{"timestamp":"2026-10-02 14:09:39","level":"\u001b[32minfo\u001b[39m","context":"RouterExplorer","method":"N/A","correlationId":"N/A","message":"Mapped {/polices, GET} route"}
{"timestamp":"2026-10-02 14:09:39","level":"\u001b[32minfo\u001b[39m","context":"RouterExplorer","method":"N/A","correlationId":"N/A","message":"Mapped {/polices/:id, GET} route"}
{"timestamp":"2026-10-02 14:09:39","level":"\u001b[32minfo\u001b[39m","context":"RouterExplorer","method":"N/A","correlationId":"N/A","message":"Mapped {/polices, POST} route"}
{"timestamp":"2026-10-02 14:09:39","level":"\u001b[32minfo\u001b[39m","context":"RouterExplorer","method":"N/A","correlationId":"N/A","message":"Mapped {/polices/:id, PUT} route"}
{"timestamp":"2026-10-02 14:09:39","level":"\u001b[32minfo\u001b[39m","context":"RouterExplorer","method":"N/A","correlationId":"N/A","message":"Mapped {/polices/:id, DELETE} route"}
{"timestamp":"2026-10-02 14:09:39","level":"\u001b[32minfo\u001b[39m","context":"RoutesResolver","method":"N/A","correlationId":"N/A","message":"QuittanceController {/quittances}:"}
{"timestamp":"2026-10-02 14:09:39","level":"\u001b[32minfo\u001b[39m","context":"RouterExplorer","method":"N/A","correlationId":"N/A","message":"Mapped {/quittances, GET} route"}
{"timestamp":"2026-10-02 14:09:39","level":"\u001b[32minfo\u001b[39m","context":"RouterExplorer","method":"N/A","correlationId":"N/A","message":"Mapped {/quittances/:id, GET} route"}
{"timestamp":"2026-10-02 14:09:39","level":"\u001b[32minfo\u001b[39m","context":"RouterExplorer","method":"N/A","correlationId":"N/A","message":"Mapped {/quittances, POST} route"}
{"timestamp":"2026-10-02 14:09:39","level":"\u001b[32minfo\u001b[39m","context":"RouterExplorer","method":"N/A","correlationId":"N/A","message":"Mapped {/quittances/:id, PUT} route"}
{"timestamp":"2026-10-02 14:09:39","level":"\u001b[32minfo\u001b[39m","context":"RouterExplorer","method":"N/A","correlationId":"N/A","message":"Mapped {/quittances/:id/annuler, PATCH} route"}
{"timestamp":"2026-10-02 14:09:39","level":"\u001b[32minfo\u001b[39m","context":"RouterExplorer","method":"N/A","correlationId":"N/A","message":"Mapped {/quittances/:id, DELETE} route"}
{"timestamp":"2026-10-02 14:09:39","level":"\u001b[32minfo\u001b[39m","context":"RoutesResolver","method":"N/A","correlationId":"N/A","message":"QuittanceCessionController {/quittances-cession}:"}
{"timestamp":"2026-10-02 14:09:39","level":"\u001b[32minfo\u001b[39m","context":"RouterExplorer","method":"N/A","correlationId":"N/A","message":"Mapped {/quittances-cession, GET} route"}
{"timestamp":"2026-10-02 14:09:39","level":"\u001b[32minfo\u001b[39m","context":"RouterExplorer","method":"N/A","correlationId":"N/A","message":"Mapped {/quittances-cession/:id, GET} route"}
{"timestamp":"2026-10-02 14:09:39","level":"\u001b[32minfo\u001b[39m","context":"RouterExplorer","method":"N/A","correlationId":"N/A","message":"Mapped {/quittances-cession, POST} route"}
{"timestamp":"2026-10-02 14:09:39","level":"\u001b[32minfo\u001b[39m","context":"RouterExplorer","method":"N/A","correlationId":"N/A","message":"Mapped {/quittances-cession/:id, PUT} route"}
{"timestamp":"2026-10-02 14:09:39","level":"\u001b[32minfo\u001b[39m","context":"RouterExplorer","method":"N/A","correlationId":"N/A","message":"Mapped {/quittances-cession/:id, DELETE} route"}
{"timestamp":"2026-10-02 14:09:39","level":"\u001b[32minfo\u001b[39m","context":"RoutesResolver","method":"N/A","correlationId":"N/A","message":"EcheancePmdController {/echeances-pmd}:"}
{"timestamp":"2026-10-02 14:09:39","level":"\u001b[32minfo\u001b[39m","context":"RouterExplorer","method":"N/A","correlationId":"N/A","message":"Mapped {/echeances-pmd, GET} route"}
{"timestamp":"2026-10-02 14:09:39","level":"\u001b[32minfo\u001b[39m","context":"RouterExplorer","method":"N/A","correlationId":"N/A","message":"Mapped {/echeances-pmd/:id, GET} route"}
{"timestamp":"2026-10-02 14:09:39","level":"\u001b[32minfo\u001b[39m","context":"RouterExplorer","method":"N/A","correlationId":"N/A","message":"Mapped {/echeances-pmd, POST} route"}
{"timestamp":"2026-10-02 14:09:39","level":"\u001b[32minfo\u001b[39m","context":"RouterExplorer","method":"N/A","correlationId":"N/A","message":"Mapped {/echeances-pmd/:id, PUT} route"}
{"timestamp":"2026-10-02 14:09:39","level":"\u001b[32minfo\u001b[39m","context":"RouterExplorer","method":"N/A","correlationId":"N/A","message":"Mapped {/echeances-pmd/:id, DELETE} route"}
{"timestamp":"2026-10-02 14:09:39","level":"\u001b[32minfo\u001b[39m","context":"RoutesResolver","method":"N/A","correlationId":"N/A","message":"BordereauController {/bordereaux}:"}
{"timestamp":"2026-10-02 14:09:39","level":"\u001b[32minfo\u001b[39m","context":"RouterExplorer","method":"N/A","correlationId":"N/A","message":"Mapped {/bordereaux, GET} route"}
{"timestamp":"2026-10-02 14:09:39","level":"\u001b[32minfo\u001b[39m","context":"RouterExplorer","method":"N/A","correlationId":"N/A","message":"Mapped {/bordereaux/:id, GET} route"}
{"timestamp":"2026-10-02 14:09:39","level":"\u001b[32minfo\u001b[39m","context":"RouterExplorer","method":"N/A","correlationId":"N/A","message":"Mapped {/bordereaux, POST} route"}
{"timestamp":"2026-10-02 14:09:39","level":"\u001b[32minfo\u001b[39m","context":"RouterExplorer","method":"N/A","correlationId":"N/A","message":"Mapped {/bordereaux/:id, PUT} route"}
{"timestamp":"2026-10-02 14:09:39","level":"\u001b[32minfo\u001b[39m","context":"RouterExplorer","method":"N/A","correlationId":"N/A","message":"Mapped {/bordereaux/:id, DELETE} route"}
{"timestamp":"2026-10-02 14:09:39","level":"\u001b[32minfo\u001b[39m","context":"RoutesResolver","method":"N/A","correlationId":"N/A","message":"CompteTraiteController {/comptes-traite}:"}
{"timestamp":"2026-10-02 14:09:39","level":"\u001b[32minfo\u001b[39m","context":"RouterExplorer","method":"N/A","correlationId":"N/A","message":"Mapped {/comptes-traite, GET} route"}
{"timestamp":"2026-10-02 14:09:39","level":"\u001b[32minfo\u001b[39m","context":"RouterExplorer","method":"N/A","correlationId":"N/A","message":"Mapped {/comptes-traite/:id, GET} route"}
{"timestamp":"2026-10-02 14:09:39","level":"\u001b[32minfo\u001b[39m","context":"RouterExplorer","method":"N/A","correlationId":"N/A","message":"Mapped {/comptes-traite, POST} route"}
{"timestamp":"2026-10-02 14:09:39","level":"\u001b[32minfo\u001b[39m","context":"RouterExplorer","method":"N/A","correlationId":"N/A","message":"Mapped {/comptes-traite/:id, PUT} route"}
{"timestamp":"2026-10-02 14:09:39","level":"\u001b[32minfo\u001b[39m","context":"RouterExplorer","method":"N/A","correlationId":"N/A","message":"Mapped {/comptes-traite/:id, DELETE} route"}
{"timestamp":"2026-10-02 14:09:39","level":"\u001b[32minfo\u001b[39m","context":"RoutesResolver","method":"N/A","correlationId":"N/A","message":"NoteDebitCreditController {/notes-debit-credit}:"}
{"timestamp":"2026-10-02 14:09:39","level":"\u001b[32minfo\u001b[39m","context":"RouterExplorer","method":"N/A","correlationId":"N/A","message":"Mapped {/notes-debit-credit, GET} route"}
{"timestamp":"2026-10-02 14:09:39","level":"\u001b[32minfo\u001b[39m","context":"RouterExplorer","method":"N/A","correlationId":"N/A","message":"Mapped {/notes-debit-credit/:id, GET} route"}
{"timestamp":"2026-10-02 14:09:39","level":"\u001b[32minfo\u001b[39m","context":"RouterExplorer","method":"N/A","correlationId":"N/A","message":"Mapped {/notes-debit-credit, POST} route"}
{"timestamp":"2026-10-02 14:09:39","level":"\u001b[32minfo\u001b[39m","context":"RouterExplorer","method":"N/A","correlationId":"N/A","message":"Mapped {/notes-debit-credit/:id, PUT} route"}
{"timestamp":"2026-10-02 14:09:39","level":"\u001b[32minfo\u001b[39m","context":"RouterExplorer","method":"N/A","correlationId":"N/A","message":"Mapped {/notes-debit-credit/:id, DELETE} route"}
{"timestamp":"2026-10-02 14:09:39","level":"\u001b[32minfo\u001b[39m","context":"RoutesResolver","method":"N/A","correlationId":"N/A","message":"ReglementController {/reglements}:"}
{"timestamp":"2026-10-02 14:09:39","level":"\u001b[32minfo\u001b[39m","context":"RouterExplorer","method":"N/A","correlationId":"N/A","message":"Mapped {/reglements, GET} route"}
{"timestamp":"2026-10-02 14:09:39","level":"\u001b[32minfo\u001b[39m","context":"RouterExplorer","method":"N/A","correlationId":"N/A","message":"Mapped {/reglements/:id, GET} route"}
{"timestamp":"2026-10-02 14:09:39","level":"\u001b[32minfo\u001b[39m","context":"RouterExplorer","method":"N/A","correlationId":"N/A","message":"Mapped {/reglements, POST} route"}
{"timestamp":"2026-10-02 14:09:39","level":"\u001b[32minfo\u001b[39m","context":"RouterExplorer","method":"N/A","correlationId":"N/A","message":"Mapped {/reglements/:id, PUT} route"}
{"timestamp":"2026-10-02 14:09:39","level":"\u001b[32minfo\u001b[39m","context":"RouterExplorer","method":"N/A","correlationId":"N/A","message":"Mapped {/reglements/:id, DELETE} route"}
{"timestamp":"2026-10-02 14:09:39","level":"\u001b[32minfo\u001b[39m","context":"RoutesResolver","method":"N/A","correlationId":"N/A","message":"SinistreStatutController {/sinistre-statuts}:"}
{"timestamp":"2026-10-02 14:09:39","level":"\u001b[32minfo\u001b[39m","context":"RouterExplorer","method":"N/A","correlationId":"N/A","message":"Mapped {/sinistre-statuts, GET} route"}
{"timestamp":"2026-10-02 14:09:39","level":"\u001b[32minfo\u001b[39m","context":"RouterExplorer","method":"N/A","correlationId":"N/A","message":"Mapped {/sinistre-statuts/:id, GET} route"}
{"timestamp":"2026-10-02 14:09:39","level":"\u001b[32minfo\u001b[39m","context":"RouterExplorer","method":"N/A","correlationId":"N/A","message":"Mapped {/sinistre-statuts, POST} route"}
{"timestamp":"2026-10-02 14:09:39","level":"\u001b[32minfo\u001b[39m","context":"RouterExplorer","method":"N/A","correlationId":"N/A","message":"Mapped {/sinistre-statuts/:id, PUT} route"}
{"timestamp":"2026-10-02 14:09:39","level":"\u001b[32minfo\u001b[39m","context":"RouterExplorer","method":"N/A","correlationId":"N/A","message":"Mapped {/sinistre-statuts/:id, DELETE} route"}
{"timestamp":"2026-10-02 14:09:39","level":"\u001b[32minfo\u001b[39m","context":"RoutesResolver","method":"N/A","correlationId":"N/A","message":"SinistreTypeEvaluationController {/sinistres-types-evaluation}:"}
{"timestamp":"2026-10-02 14:09:39","level":"\u001b[32minfo\u001b[39m","context":"RouterExplorer","method":"N/A","correlationId":"N/A","message":"Mapped {/sinistres-types-evaluation, GET} route"}
{"timestamp":"2026-10-02 14:09:39","level":"\u001b[32minfo\u001b[39m","context":"RouterExplorer","method":"N/A","correlationId":"N/A","message":"Mapped {/sinistres-types-evaluation/:id, GET} route"}
{"timestamp":"2026-10-02 14:09:39","level":"\u001b[32minfo\u001b[39m","context":"RouterExplorer","method":"N/A","correlationId":"N/A","message":"Mapped {/sinistres-types-evaluation, POST} route"}
{"timestamp":"2026-10-02 14:09:39","level":"\u001b[32minfo\u001b[39m","context":"RouterExplorer","method":"N/A","correlationId":"N/A","message":"Mapped {/sinistres-types-evaluation/:id, PUT} route"}
{"timestamp":"2026-10-02 14:09:39","level":"\u001b[32minfo\u001b[39m","context":"RouterExplorer","method":"N/A","correlationId":"N/A","message":"Mapped {/sinistres-types-evaluation/:id, DELETE} route"}
{"timestamp":"2026-10-02 14:09:39","level":"\u001b[32minfo\u001b[39m","context":"RoutesResolver","method":"N/A","correlationId":"N/A","message":"SinistreController {/sinistre}:"}
{"timestamp":"2026-10-02 14:09:39","level":"\u001b[32minfo\u001b[39m","context":"RouterExplorer","method":"N/A","correlationId":"N/A","message":"Mapped {/sinistre, GET} route"}
{"timestamp":"2026-10-02 14:09:39","level":"\u001b[32minfo\u001b[39m","context":"RouterExplorer","method":"N/A","correlationId":"N/A","message":"Mapped {/sinistre/:id, GET} route"}
{"timestamp":"2026-10-02 14:09:39","level":"\u001b[32minfo\u001b[39m","context":"RouterExplorer","method":"N/A","correlationId":"N/A","message":"Mapped {/sinistre, POST} route"}
{"timestamp":"2026-10-02 14:09:39","level":"\u001b[32minfo\u001b[39m","context":"RouterExplorer","method":"N/A","correlationId":"N/A","message":"Mapped {/sinistre/:id, PUT} route"}
{"timestamp":"2026-10-02 14:09:39","level":"\u001b[32minfo\u001b[39m","context":"RouterExplorer","method":"N/A","correlationId":"N/A","message":"Mapped {/sinistre/:id, DELETE} route"}
{"timestamp":"2026-10-02 14:09:39","level":"\u001b[32minfo\u001b[39m","context":"RoutesResolver","method":"N/A","correlationId":"N/A","message":"SinistreEvaluationController {/sinistres-evaluations}:"}
{"timestamp":"2026-10-02 14:09:39","level":"\u001b[32minfo\u001b[39m","context":"RouterExplorer","method":"N/A","correlationId":"N/A","message":"Mapped {/sinistres-evaluations, GET} route"}
{"timestamp":"2026-10-02 14:09:39","level":"\u001b[32minfo\u001b[39m","context":"RouterExplorer","method":"N/A","correlationId":"N/A","message":"Mapped {/sinistres-evaluations/:id, GET} route"}
{"timestamp":"2026-10-02 14:09:39","level":"\u001b[32minfo\u001b[39m","context":"RouterExplorer","method":"N/A","correlationId":"N/A","message":"Mapped {/sinistres-evaluations, POST} route"}
{"timestamp":"2026-10-02 14:09:39","level":"\u001b[32minfo\u001b[39m","context":"RouterExplorer","method":"N/A","correlationId":"N/A","message":"Mapped {/sinistres-evaluations/:id, PUT} route"}
{"timestamp":"2026-10-02 14:09:39","level":"\u001b[32minfo\u001b[39m","context":"RouterExplorer","method":"N/A","correlationId":"N/A","message":"Mapped {/sinistres-evaluations/:id, DELETE} route"}
{"timestamp":"2026-10-02 14:09:39","level":"\u001b[32minfo\u001b[39m","context":"RoutesResolver","method":"N/A","correlationId":"N/A","message":"SinistreReglementController {/sinistres-reglements}:"}
{"timestamp":"2026-10-02 14:09:39","level":"\u001b[32minfo\u001b[39m","context":"RouterExplorer","method":"N/A","correlationId":"N/A","message":"Mapped {/sinistres-reglements, GET} route"}
{"timestamp":"2026-10-02 14:09:39","level":"\u001b[32minfo\u001b[39m","context":"RouterExplorer","method":"N/A","correlationId":"N/A","message":"Mapped {/sinistres-reglements/:id, GET} route"}
{"timestamp":"2026-10-02 14:09:39","level":"\u001b[32minfo\u001b[39m","context":"RouterExplorer","method":"N/A","correlationId":"N/A","message":"Mapped {/sinistres-reglements, POST} route"}
{"timestamp":"2026-10-02 14:09:39","level":"\u001b[32minfo\u001b[39m","context":"RouterExplorer","method":"N/A","correlationId":"N/A","message":"Mapped {/sinistres-reglements/:id, PUT} route"}
{"timestamp":"2026-10-02 14:09:39","level":"\u001b[32minfo\u001b[39m","context":"RouterExplorer","method":"N/A","correlationId":"N/A","message":"Mapped {/sinistres-reglements/:id, DELETE} route"}
{"timestamp":"2026-10-02 14:09:39","level":"\u001b[32minfo\u001b[39m","context":"NestApplication","method":"N/A","correlationId":"N/A","message":"Nest application successfully started"}
{"timestamp":"2026-10-02 14:10:25","level":"\u001b[32minfo\u001b[39m","context":"NestFactory","method":"N/A","correlationId":"N/A","message":"Starting Nest application..."}
{"timestamp":"2026-10-02 14:10:25","level":"\u001b[32minfo\u001b[39m","context":"InstanceLoader","method":"N/A","correlationId":"N/A","message":"TypeOrmModule dependencies initialized"}
{"timestamp":"2026-10-02 14:10:25","level":"\u001b[32minfo\u001b[39m","context":"InstanceLoader","method":"N/A","correlationId":"N/A","message":"ClsModule dependencies initialized"}
{"timestamp":"2026-10-02 14:10:25","level":"\u001b[32minfo\u001b[39m","context":"InstanceLoader","method":"N/A","correlationId":"N/A","message":"ClsCommonModule dependencies initialized"}
{"timestamp":"2026-10-02 14:10:25","level":"\u001b[32minfo\u001b[39m","context":"InstanceLoader","method":"N/A","correlationId":"N/A","message":"ClsModule dependencies initialized"}
{"timestamp":"2026-10-02 14:10:25","level":"\u001b[32minfo\u001b[39m","context":"InstanceLoader","method":"N/A","correlationId":"N/A","message":"ConfigHostModule dependencies initialized"}
{"timestamp":"2026-10-02 14:10:25","level":"\u001b[32minfo\u001b[39m","context":"InstanceLoader","method":"N/A","correlationId":"N/A","message":"DiscoveryModule dependencies initialized"}
{"timestamp":"2026-10-02 14:10:25","level":"\u001b[32minfo\u001b[39m","context":"InstanceLoader","method":"N/A","correlationId":"N/A","message":"ClsRootModule dependencies initialized"}
{"timestamp":"2026-10-02 14:10:25","level":"\u001b[32minfo\u001b[39m","context":"InstanceLoader","method":"N/A","correlationId":"N/A","message":"AppModule dependencies initialized"}
{"timestamp":"2026-10-02 14:10:25","level":"\u001b[32minfo\u001b[39m","context":"InstanceLoader","method":"N/A","correlationId":"N/A","message":"ConfigModule dependencies initialized"}
{"timestamp":"2026-10-02 14:10:25","level":"\u001b[32minfo\u001b[39m","context":"InstanceLoader","method":"N/A","correlationId":"N/A","message":"ClsPluginsModule dependencies initialized"}
{"timestamp":"2026-10-02 14:10:25","level":"\u001b[32minfo\u001b[39m","context":"InstanceLoader","method":"N/A","correlationId":"N/A","message":"TypeOrmCoreModule dependencies initialized"}
{"timestamp":"2026-10-02 14:10:25","level":"\u001b[32minfo\u001b[39m","context":"InstanceLoader","method":"N/A","correlationId":"N/A","message":"TypeOrmModule dependencies initialized"}
{"timestamp":"2026-10-02 14:10:25","level":"\u001b[32minfo\u001b[39m","context":"InstanceLoader","method":"N/A","correlationId":"N/A","message":"TypeOrmModule dependencies initialized"}
{"timestamp":"2026-10-02 14:10:25","level":"\u001b[32minfo\u001b[39m","context":"InstanceLoader","method":"N/A","correlationId":"N/A","message":"TypeOrmModule dependencies initialized"}
{"timestamp":"2026-10-02 14:10:25","level":"\u001b[32minfo\u001b[39m","context":"InstanceLoader","method":"N/A","correlationId":"N/A","message":"TypeOrmModule dependencies initialized"}
{"timestamp":"2026-10-02 14:10:25","level":"\u001b[32minfo\u001b[39m","context":"InstanceLoader","method":"N/A","correlationId":"N/A","message":"TypeOrmModule dependencies initialized"}
{"timestamp":"2026-10-02 14:10:25","level":"\u001b[32minfo\u001b[39m","context":"InstanceLoader","method":"N/A","correlationId":"N/A","message":"TypeOrmModule dependencies initialized"}
{"timestamp":"2026-10-02 14:10:25","level":"\u001b[32minfo\u001b[39m","context":"InstanceLoader","method":"N/A","correlationId":"N/A","message":"ClsPluginModule dependencies initialized"}
{"timestamp":"2026-10-02 14:10:25","level":"\u001b[32minfo\u001b[39m","context":"InstanceLoader","method":"N/A","correlationId":"N/A","message":"ActeursModule dependencies initialized"}
{"timestamp":"2026-10-02 14:10:25","level":"\u001b[32minfo\u001b[39m","context":"InstanceLoader","method":"N/A","correlationId":"N/A","message":"ReferentielModule dependencies initialized"}
{"timestamp":"2026-10-02 14:10:25","level":"\u001b[32minfo\u001b[39m","context":"InstanceLoader","method":"N/A","correlationId":"N/A","message":"PolicesModule dependencies initialized"}
{"timestamp":"2026-10-02 14:10:25","level":"\u001b[32minfo\u001b[39m","context":"InstanceLoader","method":"N/A","correlationId":"N/A","message":"FluxFinancierModule dependencies initialized"}
{"timestamp":"2026-10-02 14:10:25","level":"\u001b[32minfo\u001b[39m","context":"InstanceLoader","method":"N/A","correlationId":"N/A","message":"SinistresModule dependencies initialized"}
{"timestamp":"2026-10-02 14:10:25","level":"\u001b[32minfo\u001b[39m","context":"InstanceLoader","method":"N/A","correlationId":"N/A","message":"QuittancesModule dependencies initialized"}
{"timestamp":"2026-10-02 14:10:25","level":"\u001b[32minfo\u001b[39m","context":"RoutesResolver","method":"N/A","correlationId":"N/A","message":"BrancheController {/branches}:"}
{"timestamp":"2026-10-02 14:10:25","level":"\u001b[32minfo\u001b[39m","context":"RouterExplorer","method":"N/A","correlationId":"N/A","message":"Mapped {/branches, GET} route"}
{"timestamp":"2026-10-02 14:10:25","level":"\u001b[32minfo\u001b[39m","context":"RouterExplorer","method":"N/A","correlationId":"N/A","message":"Mapped {/branches/:id, GET} route"}
{"timestamp":"2026-10-02 14:10:25","level":"\u001b[32minfo\u001b[39m","context":"RouterExplorer","method":"N/A","correlationId":"N/A","message":"Mapped {/branches, POST} route"}
{"timestamp":"2026-10-02 14:10:25","level":"\u001b[32minfo\u001b[39m","context":"RouterExplorer","method":"N/A","correlationId":"N/A","message":"Mapped {/branches/:id, PUT} route"}
{"timestamp":"2026-10-02 14:10:25","level":"\u001b[32minfo\u001b[39m","context":"RouterExplorer","method":"N/A","correlationId":"N/A","message":"Mapped {/branches/:id, DELETE} route"}
{"timestamp":"2026-10-02 14:10:25","level":"\u001b[32minfo\u001b[39m","context":"RoutesResolver","method":"N/A","correlationId":"N/A","message":"SousBrancheController {/sous-branches}:"}
{"timestamp":"2026-10-02 14:10:25","level":"\u001b[32minfo\u001b[39m","context":"RouterExplorer","method":"N/A","correlationId":"N/A","message":"Mapped {/sous-branches, GET} route"}
{"timestamp":"2026-10-02 14:10:25","level":"\u001b[32minfo\u001b[39m","context":"RouterExplorer","method":"N/A","correlationId":"N/A","message":"Mapped {/sous-branches/:id, GET} route"}
{"timestamp":"2026-10-02 14:10:25","level":"\u001b[32minfo\u001b[39m","context":"RouterExplorer","method":"N/A","correlationId":"N/A","message":"Mapped {/sous-branches, POST} route"}
{"timestamp":"2026-10-02 14:10:25","level":"\u001b[32minfo\u001b[39m","context":"RouterExplorer","method":"N/A","correlationId":"N/A","message":"Mapped {/sous-branches/:id, PUT} route"}
{"timestamp":"2026-10-02 14:10:25","level":"\u001b[32minfo\u001b[39m","context":"RouterExplorer","method":"N/A","correlationId":"N/A","message":"Mapped {/sous-branches/:id, DELETE} route"}
{"timestamp":"2026-10-02 14:10:25","level":"\u001b[32minfo\u001b[39m","context":"RoutesResolver","method":"N/A","correlationId":"N/A","message":"DeviseController {/devise}:"}
{"timestamp":"2026-10-02 14:10:25","level":"\u001b[32minfo\u001b[39m","context":"RouterExplorer","method":"N/A","correlationId":"N/A","message":"Mapped {/devise, GET} route"}
{"timestamp":"2026-10-02 14:10:25","level":"\u001b[32minfo\u001b[39m","context":"RouterExplorer","method":"N/A","correlationId":"N/A","message":"Mapped {/devise/:id, GET} route"}
{"timestamp":"2026-10-02 14:10:25","level":"\u001b[32minfo\u001b[39m","context":"RouterExplorer","method":"N/A","correlationId":"N/A","message":"Mapped {/devise, POST} route"}
{"timestamp":"2026-10-02 14:10:25","level":"\u001b[32minfo\u001b[39m","context":"RouterExplorer","method":"N/A","correlationId":"N/A","message":"Mapped {/devise/:id, PUT} route"}
{"timestamp":"2026-10-02 14:10:25","level":"\u001b[32minfo\u001b[39m","context":"RouterExplorer","method":"N/A","correlationId":"N/A","message":"Mapped {/devise/:id, DELETE} route"}
{"timestamp":"2026-10-02 14:10:25","level":"\u001b[32minfo\u001b[39m","context":"RoutesResolver","method":"N/A","correlationId":"N/A","message":"DomaineActiviteController {/domaines-activite}:"}
{"timestamp":"2026-10-02 14:10:25","level":"\u001b[32minfo\u001b[39m","context":"RouterExplorer","method":"N/A","correlationId":"N/A","message":"Mapped {/domaines-activite, GET} route"}
{"timestamp":"2026-10-02 14:10:25","level":"\u001b[32minfo\u001b[39m","context":"RouterExplorer","method":"N/A","correlationId":"N/A","message":"Mapped {/domaines-activite/:id, GET} route"}
{"timestamp":"2026-10-02 14:10:25","level":"\u001b[32minfo\u001b[39m","context":"RouterExplorer","method":"N/A","correlationId":"N/A","message":"Mapped {/domaines-activite, POST} route"}
{"timestamp":"2026-10-02 14:10:25","level":"\u001b[32minfo\u001b[39m","context":"RouterExplorer","method":"N/A","correlationId":"N/A","message":"Mapped {/domaines-activite/:id, PUT} route"}
{"timestamp":"2026-10-02 14:10:25","level":"\u001b[32minfo\u001b[39m","context":"RouterExplorer","method":"N/A","correlationId":"N/A","message":"Mapped {/domaines-activite/:id, DELETE} route"}
{"timestamp":"2026-10-02 14:10:25","level":"\u001b[32minfo\u001b[39m","context":"RoutesResolver","method":"N/A","correlationId":"N/A","message":"CampagneController {/campagnes}:"}
{"timestamp":"2026-10-02 14:10:25","level":"\u001b[32minfo\u001b[39m","context":"RouterExplorer","method":"N/A","correlationId":"N/A","message":"Mapped {/campagnes, GET} route"}
{"timestamp":"2026-10-02 14:10:25","level":"\u001b[32minfo\u001b[39m","context":"RouterExplorer","method":"N/A","correlationId":"N/A","message":"Mapped {/campagnes/:id, GET} route"}
{"timestamp":"2026-10-02 14:10:25","level":"\u001b[32minfo\u001b[39m","context":"RouterExplorer","method":"N/A","correlationId":"N/A","message":"Mapped {/campagnes, POST} route"}
{"timestamp":"2026-10-02 14:10:25","level":"\u001b[32minfo\u001b[39m","context":"RouterExplorer","method":"N/A","correlationId":"N/A","message":"Mapped {/campagnes/:id, PUT} route"}
{"timestamp":"2026-10-02 14:10:25","level":"\u001b[32minfo\u001b[39m","context":"RouterExplorer","method":"N/A","correlationId":"N/A","message":"Mapped {/campagnes/:id, DELETE} route"}
{"timestamp":"2026-10-02 14:10:25","level":"\u001b[32minfo\u001b[39m","context":"RoutesResolver","method":"N/A","correlationId":"N/A","message":"MouvementController {/mouvements}:"}
{"timestamp":"2026-10-02 14:10:25","level":"\u001b[32minfo\u001b[39m","context":"RouterExplorer","method":"N/A","correlationId":"N/A","message":"Mapped {/mouvements, GET} route"}
{"timestamp":"2026-10-02 14:10:25","level":"\u001b[32minfo\u001b[39m","context":"RouterExplorer","method":"N/A","correlationId":"N/A","message":"Mapped {/mouvements/:id, GET} route"}
{"timestamp":"2026-10-02 14:10:25","level":"\u001b[32minfo\u001b[39m","context":"RouterExplorer","method":"N/A","correlationId":"N/A","message":"Mapped {/mouvements, POST} route"}
{"timestamp":"2026-10-02 14:10:25","level":"\u001b[32minfo\u001b[39m","context":"RouterExplorer","method":"N/A","correlationId":"N/A","message":"Mapped {/mouvements/:id, PUT} route"}
{"timestamp":"2026-10-02 14:10:25","level":"\u001b[32minfo\u001b[39m","context":"RouterExplorer","method":"N/A","correlationId":"N/A","message":"Mapped {/mouvements/:id, DELETE} route"}
{"timestamp":"2026-10-02 14:10:25","level":"\u001b[32minfo\u001b[39m","context":"RoutesResolver","method":"N/A","correlationId":"N/A","message":"CompteTypeController {/compte-types}:"}
{"timestamp":"2026-10-02 14:10:25","level":"\u001b[32minfo\u001b[39m","context":"RouterExplorer","method":"N/A","correlationId":"N/A","message":"Mapped {/compte-types, GET} route"}
{"timestamp":"2026-10-02 14:10:25","level":"\u001b[32minfo\u001b[39m","context":"RouterExplorer","method":"N/A","correlationId":"N/A","message":"Mapped {/compte-types/:id, GET} route"}
{"timestamp":"2026-10-02 14:10:25","level":"\u001b[32minfo\u001b[39m","context":"RouterExplorer","method":"N/A","correlationId":"N/A","message":"Mapped {/compte-types, POST} route"}
{"timestamp":"2026-10-02 14:10:25","level":"\u001b[32minfo\u001b[39m","context":"RouterExplorer","method":"N/A","correlationId":"N/A","message":"Mapped {/compte-types/:id, PUT} route"}
{"timestamp":"2026-10-02 14:10:25","level":"\u001b[32minfo\u001b[39m","context":"RouterExplorer","method":"N/A","correlationId":"N/A","message":"Mapped {/compte-types/:id, DELETE} route"}
{"timestamp":"2026-10-02 14:10:25","level":"\u001b[32minfo\u001b[39m","context":"RoutesResolver","method":"N/A","correlationId":"N/A","message":"NatureCessionController {/natures-cession}:"}
{"timestamp":"2026-10-02 14:10:25","level":"\u001b[32minfo\u001b[39m","context":"RouterExplorer","method":"N/A","correlationId":"N/A","message":"Mapped {/natures-cession, GET} route"}
{"timestamp":"2026-10-02 14:10:25","level":"\u001b[32minfo\u001b[39m","context":"RouterExplorer","method":"N/A","correlationId":"N/A","message":"Mapped {/natures-cession/:id, GET} route"}
{"timestamp":"2026-10-02 14:10:25","level":"\u001b[32minfo\u001b[39m","context":"RouterExplorer","method":"N/A","correlationId":"N/A","message":"Mapped {/natures-cession, POST} route"}
{"timestamp":"2026-10-02 14:10:25","level":"\u001b[32minfo\u001b[39m","context":"RouterExplorer","method":"N/A","correlationId":"N/A","message":"Mapped {/natures-cession/:id, PUT} route"}
{"timestamp":"2026-10-02 14:10:25","level":"\u001b[32minfo\u001b[39m","context":"RouterExplorer","method":"N/A","correlationId":"N/A","message":"Mapped {/natures-cession/:id, DELETE} route"}
{"timestamp":"2026-10-02 14:10:25","level":"\u001b[32minfo\u001b[39m","context":"RoutesResolver","method":"N/A","correlationId":"N/A","message":"RegionController {/regions}:"}
{"timestamp":"2026-10-02 14:10:25","level":"\u001b[32minfo\u001b[39m","context":"RouterExplorer","method":"N/A","correlationId":"N/A","message":"Mapped {/regions, GET} route"}
{"timestamp":"2026-10-02 14:10:25","level":"\u001b[32minfo\u001b[39m","context":"RouterExplorer","method":"N/A","correlationId":"N/A","message":"Mapped {/regions/:id, GET} route"}
{"timestamp":"2026-10-02 14:10:25","level":"\u001b[32minfo\u001b[39m","context":"RouterExplorer","method":"N/A","correlationId":"N/A","message":"Mapped {/regions, POST} route"}
{"timestamp":"2026-10-02 14:10:25","level":"\u001b[32minfo\u001b[39m","context":"RouterExplorer","method":"N/A","correlationId":"N/A","message":"Mapped {/regions/:id, PUT} route"}
{"timestamp":"2026-10-02 14:10:25","level":"\u001b[32minfo\u001b[39m","context":"RouterExplorer","method":"N/A","correlationId":"N/A","message":"Mapped {/regions/:id, DELETE} route"}
{"timestamp":"2026-10-02 14:10:25","level":"\u001b[32minfo\u001b[39m","context":"RoutesResolver","method":"N/A","correlationId":"N/A","message":"PaysController {/pays}:"}
{"timestamp":"2026-10-02 14:10:25","level":"\u001b[32minfo\u001b[39m","context":"RouterExplorer","method":"N/A","correlationId":"N/A","message":"Mapped {/pays, GET} route"}
{"timestamp":"2026-10-02 14:10:25","level":"\u001b[32minfo\u001b[39m","context":"RouterExplorer","method":"N/A","correlationId":"N/A","message":"Mapped {/pays/:id, GET} route"}
{"timestamp":"2026-10-02 14:10:25","level":"\u001b[32minfo\u001b[39m","context":"RouterExplorer","method":"N/A","correlationId":"N/A","message":"Mapped {/pays, POST} route"}
{"timestamp":"2026-10-02 14:10:25","level":"\u001b[32minfo\u001b[39m","context":"RouterExplorer","method":"N/A","correlationId":"N/A","message":"Mapped {/pays/:id, PUT} route"}
{"timestamp":"2026-10-02 14:10:25","level":"\u001b[32minfo\u001b[39m","context":"RouterExplorer","method":"N/A","correlationId":"N/A","message":"Mapped {/pays/:id, DELETE} route"}
{"timestamp":"2026-10-02 14:10:25","level":"\u001b[32minfo\u001b[39m","context":"RoutesResolver","method":"N/A","correlationId":"N/A","message":"ActeurController {/acteurs}:"}
{"timestamp":"2026-10-02 14:10:25","level":"\u001b[32minfo\u001b[39m","context":"RouterExplorer","method":"N/A","correlationId":"N/A","message":"Mapped {/acteurs, GET} route"}
{"timestamp":"2026-10-02 14:10:25","level":"\u001b[32minfo\u001b[39m","context":"RouterExplorer","method":"N/A","correlationId":"N/A","message":"Mapped {/acteurs/:id, GET} route"}
{"timestamp":"2026-10-02 14:10:25","level":"\u001b[32minfo\u001b[39m","context":"RouterExplorer","method":"N/A","correlationId":"N/A","message":"Mapped {/acteurs, POST} route"}
{"timestamp":"2026-10-02 14:10:25","level":"\u001b[32minfo\u001b[39m","context":"RouterExplorer","method":"N/A","correlationId":"N/A","message":"Mapped {/acteurs/:id, PUT} route"}
{"timestamp":"2026-10-02 14:10:25","level":"\u001b[32minfo\u001b[39m","context":"RouterExplorer","method":"N/A","correlationId":"N/A","message":"Mapped {/acteurs/:id, DELETE} route"}
{"timestamp":"2026-10-02 14:10:25","level":"\u001b[32minfo\u001b[39m","context":"RoutesResolver","method":"N/A","correlationId":"N/A","message":"AssureController {/assures}:"}
{"timestamp":"2026-10-02 14:10:25","level":"\u001b[32minfo\u001b[39m","context":"RouterExplorer","method":"N/A","correlationId":"N/A","message":"Mapped {/assures, GET} route"}
{"timestamp":"2026-10-02 14:10:25","level":"\u001b[32minfo\u001b[39m","context":"RouterExplorer","method":"N/A","correlationId":"N/A","message":"Mapped {/assures/:id, GET} route"}
{"timestamp":"2026-10-02 14:10:25","level":"\u001b[32minfo\u001b[39m","context":"RouterExplorer","method":"N/A","correlationId":"N/A","message":"Mapped {/assures, POST} route"}
{"timestamp":"2026-10-02 14:10:25","level":"\u001b[32minfo\u001b[39m","context":"RouterExplorer","method":"N/A","correlationId":"N/A","message":"Mapped {/assures/:id, PUT} route"}
{"timestamp":"2026-10-02 14:10:25","level":"\u001b[32minfo\u001b[39m","context":"RouterExplorer","method":"N/A","correlationId":"N/A","message":"Mapped {/assures/:id, DELETE} route"}
{"timestamp":"2026-10-02 14:10:25","level":"\u001b[32minfo\u001b[39m","context":"RoutesResolver","method":"N/A","correlationId":"N/A","message":"ContactController {/contacts}:"}
{"timestamp":"2026-10-02 14:10:25","level":"\u001b[32minfo\u001b[39m","context":"RouterExplorer","method":"N/A","correlationId":"N/A","message":"Mapped {/contacts, GET} route"}
{"timestamp":"2026-10-02 14:10:25","level":"\u001b[32minfo\u001b[39m","context":"RouterExplorer","method":"N/A","correlationId":"N/A","message":"Mapped {/contacts/:id, GET} route"}
{"timestamp":"2026-10-02 14:10:25","level":"\u001b[32minfo\u001b[39m","context":"RouterExplorer","method":"N/A","correlationId":"N/A","message":"Mapped {/contacts, POST} route"}
{"timestamp":"2026-10-02 14:10:25","level":"\u001b[32minfo\u001b[39m","context":"RouterExplorer","method":"N/A","correlationId":"N/A","message":"Mapped {/contacts/:id, PUT} route"}
{"timestamp":"2026-10-02 14:10:25","level":"\u001b[32minfo\u001b[39m","context":"RouterExplorer","method":"N/A","correlationId":"N/A","message":"Mapped {/contacts/:id, DELETE} route"}
{"timestamp":"2026-10-02 14:10:25","level":"\u001b[32minfo\u001b[39m","context":"RoutesResolver","method":"N/A","correlationId":"N/A","message":"PoliceController {/polices}:"}
{"timestamp":"2026-10-02 14:10:25","level":"\u001b[32minfo\u001b[39m","context":"RouterExplorer","method":"N/A","correlationId":"N/A","message":"Mapped {/polices, GET} route"}
{"timestamp":"2026-10-02 14:10:25","level":"\u001b[32minfo\u001b[39m","context":"RouterExplorer","method":"N/A","correlationId":"N/A","message":"Mapped {/polices/:id, GET} route"}
{"timestamp":"2026-10-02 14:10:25","level":"\u001b[32minfo\u001b[39m","context":"RouterExplorer","method":"N/A","correlationId":"N/A","message":"Mapped {/polices, POST} route"}
{"timestamp":"2026-10-02 14:10:25","level":"\u001b[32minfo\u001b[39m","context":"RouterExplorer","method":"N/A","correlationId":"N/A","message":"Mapped {/polices/:id, PUT} route"}
{"timestamp":"2026-10-02 14:10:25","level":"\u001b[32minfo\u001b[39m","context":"RouterExplorer","method":"N/A","correlationId":"N/A","message":"Mapped {/polices/:id, DELETE} route"}
{"timestamp":"2026-10-02 14:10:25","level":"\u001b[32minfo\u001b[39m","context":"RoutesResolver","method":"N/A","correlationId":"N/A","message":"QuittanceController {/quittances}:"}
{"timestamp":"2026-10-02 14:10:25","level":"\u001b[32minfo\u001b[39m","context":"RouterExplorer","method":"N/A","correlationId":"N/A","message":"Mapped {/quittances, GET} route"}
{"timestamp":"2026-10-02 14:10:25","level":"\u001b[32minfo\u001b[39m","context":"RouterExplorer","method":"N/A","correlationId":"N/A","message":"Mapped {/quittances/:id, GET} route"}
{"timestamp":"2026-10-02 14:10:25","level":"\u001b[32minfo\u001b[39m","context":"RouterExplorer","method":"N/A","correlationId":"N/A","message":"Mapped {/quittances, POST} route"}
{"timestamp":"2026-10-02 14:10:25","level":"\u001b[32minfo\u001b[39m","context":"RouterExplorer","method":"N/A","correlationId":"N/A","message":"Mapped {/quittances/:id, PUT} route"}
{"timestamp":"2026-10-02 14:10:25","level":"\u001b[32minfo\u001b[39m","context":"RouterExplorer","method":"N/A","correlationId":"N/A","message":"Mapped {/quittances/:id/annuler, PATCH} route"}
{"timestamp":"2026-10-02 14:10:25","level":"\u001b[32minfo\u001b[39m","context":"RouterExplorer","method":"N/A","correlationId":"N/A","message":"Mapped {/quittances/:id, DELETE} route"}
{"timestamp":"2026-10-02 14:10:25","level":"\u001b[32minfo\u001b[39m","context":"RoutesResolver","method":"N/A","correlationId":"N/A","message":"QuittanceCessionController {/quittances-cession}:"}
{"timestamp":"2026-10-02 14:10:25","level":"\u001b[32minfo\u001b[39m","context":"RouterExplorer","method":"N/A","correlationId":"N/A","message":"Mapped {/quittances-cession, GET} route"}
{"timestamp":"2026-10-02 14:10:25","level":"\u001b[32minfo\u001b[39m","context":"RouterExplorer","method":"N/A","correlationId":"N/A","message":"Mapped {/quittances-cession/:id, GET} route"}
{"timestamp":"2026-10-02 14:10:25","level":"\u001b[32minfo\u001b[39m","context":"RouterExplorer","method":"N/A","correlationId":"N/A","message":"Mapped {/quittances-cession, POST} route"}
{"timestamp":"2026-10-02 14:10:25","level":"\u001b[32minfo\u001b[39m","context":"RouterExplorer","method":"N/A","correlationId":"N/A","message":"Mapped {/quittances-cession/:id, PUT} route"}
{"timestamp":"2026-10-02 14:10:25","level":"\u001b[32minfo\u001b[39m","context":"RouterExplorer","method":"N/A","correlationId":"N/A","message":"Mapped {/quittances-cession/:id, DELETE} route"}
{"timestamp":"2026-10-02 14:10:25","level":"\u001b[32minfo\u001b[39m","context":"RoutesResolver","method":"N/A","correlationId":"N/A","message":"EcheancePmdController {/echeances-pmd}:"}
{"timestamp":"2026-10-02 14:10:25","level":"\u001b[32minfo\u001b[39m","context":"RouterExplorer","method":"N/A","correlationId":"N/A","message":"Mapped {/echeances-pmd, GET} route"}
{"timestamp":"2026-10-02 14:10:25","level":"\u001b[32minfo\u001b[39m","context":"RouterExplorer","method":"N/A","correlationId":"N/A","message":"Mapped {/echeances-pmd/:id, GET} route"}
{"timestamp":"2026-10-02 14:10:25","level":"\u001b[32minfo\u001b[39m","context":"RouterExplorer","method":"N/A","correlationId":"N/A","message":"Mapped {/echeances-pmd, POST} route"}
{"timestamp":"2026-10-02 14:10:25","level":"\u001b[32minfo\u001b[39m","context":"RouterExplorer","method":"N/A","correlationId":"N/A","message":"Mapped {/echeances-pmd/:id, PUT} route"}
{"timestamp":"2026-10-02 14:10:25","level":"\u001b[32minfo\u001b[39m","context":"RouterExplorer","method":"N/A","correlationId":"N/A","message":"Mapped {/echeances-pmd/:id, DELETE} route"}
{"timestamp":"2026-10-02 14:10:25","level":"\u001b[32minfo\u001b[39m","context":"RoutesResolver","method":"N/A","correlationId":"N/A","message":"BordereauController {/bordereaux}:"}
{"timestamp":"2026-10-02 14:10:25","level":"\u001b[32minfo\u001b[39m","context":"RouterExplorer","method":"N/A","correlationId":"N/A","message":"Mapped {/bordereaux, GET} route"}
{"timestamp":"2026-10-02 14:10:25","level":"\u001b[32minfo\u001b[39m","context":"RouterExplorer","method":"N/A","correlationId":"N/A","message":"Mapped {/bordereaux/:id, GET} route"}
{"timestamp":"2026-10-02 14:10:25","level":"\u001b[32minfo\u001b[39m","context":"RouterExplorer","method":"N/A","correlationId":"N/A","message":"Mapped {/bordereaux, POST} route"}
{"timestamp":"2026-10-02 14:10:25","level":"\u001b[32minfo\u001b[39m","context":"RouterExplorer","method":"N/A","correlationId":"N/A","message":"Mapped {/bordereaux/:id, PUT} route"}
{"timestamp":"2026-10-02 14:10:25","level":"\u001b[32minfo\u001b[39m","context":"RouterExplorer","method":"N/A","correlationId":"N/A","message":"Mapped {/bordereaux/:id, DELETE} route"}
{"timestamp":"2026-10-02 14:10:25","level":"\u001b[32minfo\u001b[39m","context":"RoutesResolver","method":"N/A","correlationId":"N/A","message":"CompteTraiteController {/comptes-traite}:"}
{"timestamp":"2026-10-02 14:10:25","level":"\u001b[32minfo\u001b[39m","context":"RouterExplorer","method":"N/A","correlationId":"N/A","message":"Mapped {/comptes-traite, GET} route"}
{"timestamp":"2026-10-02 14:10:25","level":"\u001b[32minfo\u001b[39m","context":"RouterExplorer","method":"N/A","correlationId":"N/A","message":"Mapped {/comptes-traite/:id, GET} route"}
{"timestamp":"2026-10-02 14:10:25","level":"\u001b[32minfo\u001b[39m","context":"RouterExplorer","method":"N/A","correlationId":"N/A","message":"Mapped {/comptes-traite, POST} route"}
{"timestamp":"2026-10-02 14:10:25","level":"\u001b[32minfo\u001b[39m","context":"RouterExplorer","method":"N/A","correlationId":"N/A","message":"Mapped {/comptes-traite/:id, PUT} route"}
{"timestamp":"2026-10-02 14:10:25","level":"\u001b[32minfo\u001b[39m","context":"RouterExplorer","method":"N/A","correlationId":"N/A","message":"Mapped {/comptes-traite/:id, DELETE} route"}
{"timestamp":"2026-10-02 14:10:25","level":"\u001b[32minfo\u001b[39m","context":"RoutesResolver","method":"N/A","correlationId":"N/A","message":"NoteDebitCreditController {/notes-debit-credit}:"}
{"timestamp":"2026-10-02 14:10:25","level":"\u001b[32minfo\u001b[39m","context":"RouterExplorer","method":"N/A","correlationId":"N/A","message":"Mapped {/notes-debit-credit, GET} route"}
{"timestamp":"2026-10-02 14:10:25","level":"\u001b[32minfo\u001b[39m","context":"RouterExplorer","method":"N/A","correlationId":"N/A","message":"Mapped {/notes-debit-credit/:id, GET} route"}
{"timestamp":"2026-10-02 14:10:25","level":"\u001b[32minfo\u001b[39m","context":"RouterExplorer","method":"N/A","correlationId":"N/A","message":"Mapped {/notes-debit-credit, POST} route"}
{"timestamp":"2026-10-02 14:10:25","level":"\u001b[32minfo\u001b[39m","context":"RouterExplorer","method":"N/A","correlationId":"N/A","message":"Mapped {/notes-debit-credit/:id, PUT} route"}
{"timestamp":"2026-10-02 14:10:25","level":"\u001b[32minfo\u001b[39m","context":"RouterExplorer","method":"N/A","correlationId":"N/A","message":"Mapped {/notes-debit-credit/:id, DELETE} route"}
{"timestamp":"2026-10-02 14:10:25","level":"\u001b[32minfo\u001b[39m","context":"RoutesResolver","method":"N/A","correlationId":"N/A","message":"ReglementController {/reglements}:"}
{"timestamp":"2026-10-02 14:10:25","level":"\u001b[32minfo\u001b[39m","context":"RouterExplorer","method":"N/A","correlationId":"N/A","message":"Mapped {/reglements, GET} route"}
{"timestamp":"2026-10-02 14:10:25","level":"\u001b[32minfo\u001b[39m","context":"RouterExplorer","method":"N/A","correlationId":"N/A","message":"Mapped {/reglements/:id, GET} route"}
{"timestamp":"2026-10-02 14:10:25","level":"\u001b[32minfo\u001b[39m","context":"RouterExplorer","method":"N/A","correlationId":"N/A","message":"Mapped {/reglements, POST} route"}
{"timestamp":"2026-10-02 14:10:25","level":"\u001b[32minfo\u001b[39m","context":"RouterExplorer","method":"N/A","correlationId":"N/A","message":"Mapped {/reglements/:id, PUT} route"}
{"timestamp":"2026-10-02 14:10:25","level":"\u001b[32minfo\u001b[39m","context":"RouterExplorer","method":"N/A","correlationId":"N/A","message":"Mapped {/reglements/:id, DELETE} route"}
{"timestamp":"2026-10-02 14:10:25","level":"\u001b[32minfo\u001b[39m","context":"RoutesResolver","method":"N/A","correlationId":"N/A","message":"SinistreStatutController {/sinistre-statuts}:"}
{"timestamp":"2026-10-02 14:10:25","level":"\u001b[32minfo\u001b[39m","context":"RouterExplorer","method":"N/A","correlationId":"N/A","message":"Mapped {/sinistre-statuts, GET} route"}
{"timestamp":"2026-10-02 14:10:25","level":"\u001b[32minfo\u001b[39m","context":"RouterExplorer","method":"N/A","correlationId":"N/A","message":"Mapped {/sinistre-statuts/:id, GET} route"}
{"timestamp":"2026-10-02 14:10:25","level":"\u001b[32minfo\u001b[39m","context":"RouterExplorer","method":"N/A","correlationId":"N/A","message":"Mapped {/sinistre-statuts, POST} route"}
{"timestamp":"2026-10-02 14:10:25","level":"\u001b[32minfo\u001b[39m","context":"RouterExplorer","method":"N/A","correlationId":"N/A","message":"Mapped {/sinistre-statuts/:id, PUT} route"}
{"timestamp":"2026-10-02 14:10:25","level":"\u001b[32minfo\u001b[39m","context":"RouterExplorer","method":"N/A","correlationId":"N/A","message":"Mapped {/sinistre-statuts/:id, DELETE} route"}
{"timestamp":"2026-10-02 14:10:25","level":"\u001b[32minfo\u001b[39m","context":"RoutesResolver","method":"N/A","correlationId":"N/A","message":"SinistreTypeEvaluationController {/sinistres-types-evaluation}:"}
{"timestamp":"2026-10-02 14:10:25","level":"\u001b[32minfo\u001b[39m","context":"RouterExplorer","method":"N/A","correlationId":"N/A","message":"Mapped {/sinistres-types-evaluation, GET} route"}
{"timestamp":"2026-10-02 14:10:25","level":"\u001b[32minfo\u001b[39m","context":"RouterExplorer","method":"N/A","correlationId":"N/A","message":"Mapped {/sinistres-types-evaluation/:id, GET} route"}
{"timestamp":"2026-10-02 14:10:25","level":"\u001b[32minfo\u001b[39m","context":"RouterExplorer","method":"N/A","correlationId":"N/A","message":"Mapped {/sinistres-types-evaluation, POST} route"}
{"timestamp":"2026-10-02 14:10:25","level":"\u001b[32minfo\u001b[39m","context":"RouterExplorer","method":"N/A","correlationId":"N/A","message":"Mapped {/sinistres-types-evaluation/:id, PUT} route"}
{"timestamp":"2026-10-02 14:10:25","level":"\u001b[32minfo\u001b[39m","context":"RouterExplorer","method":"N/A","correlationId":"N/A","message":"Mapped {/sinistres-types-evaluation/:id, DELETE} route"}
{"timestamp":"2026-10-02 14:10:25","level":"\u001b[32minfo\u001b[39m","context":"RoutesResolver","method":"N/A","correlationId":"N/A","message":"SinistreController {/sinistre}:"}
{"timestamp":"2026-10-02 14:10:25","level":"\u001b[32minfo\u001b[39m","context":"RouterExplorer","method":"N/A","correlationId":"N/A","message":"Mapped {/sinistre, GET} route"}
{"timestamp":"2026-10-02 14:10:25","level":"\u001b[32minfo\u001b[39m","context":"RouterExplorer","method":"N/A","correlationId":"N/A","message":"Mapped {/sinistre/:id, GET} route"}
{"timestamp":"2026-10-02 14:10:25","level":"\u001b[32minfo\u001b[39m","context":"RouterExplorer","method":"N/A","correlationId":"N/A","message":"Mapped {/sinistre, POST} route"}
{"timestamp":"2026-10-02 14:10:25","level":"\u001b[32minfo\u001b[39m","context":"RouterExplorer","method":"N/A","correlationId":"N/A","message":"Mapped {/sinistre/:id, PUT} route"}
{"timestamp":"2026-10-02 14:10:25","level":"\u001b[32minfo\u001b[39m","context":"RouterExplorer","method":"N/A","correlationId":"N/A","message":"Mapped {/sinistre/:id, DELETE} route"}
{"timestamp":"2026-10-02 14:10:25","level":"\u001b[32minfo\u001b[39m","context":"RoutesResolver","method":"N/A","correlationId":"N/A","message":"SinistreEvaluationController {/sinistres-evaluations}:"}
{"timestamp":"2026-10-02 14:10:25","level":"\u001b[32minfo\u001b[39m","context":"RouterExplorer","method":"N/A","correlationId":"N/A","message":"Mapped {/sinistres-evaluations, GET} route"}
{"timestamp":"2026-10-02 14:10:25","level":"\u001b[32minfo\u001b[39m","context":"RouterExplorer","method":"N/A","correlationId":"N/A","message":"Mapped {/sinistres-evaluations/:id, GET} route"}
{"timestamp":"2026-10-02 14:10:25","level":"\u001b[32minfo\u001b[39m","context":"RouterExplorer","method":"N/A","correlationId":"N/A","message":"Mapped {/sinistres-evaluations, POST} route"}
{"timestamp":"2026-10-02 14:10:25","level":"\u001b[32minfo\u001b[39m","context":"RouterExplorer","method":"N/A","correlationId":"N/A","message":"Mapped {/sinistres-evaluations/:id, PUT} route"}
{"timestamp":"2026-10-02 14:10:25","level":"\u001b[32minfo\u001b[39m","context":"RouterExplorer","method":"N/A","correlationId":"N/A","message":"Mapped {/sinistres-evaluations/:id, DELETE} route"}
{"timestamp":"2026-10-02 14:10:25","level":"\u001b[32minfo\u001b[39m","context":"RoutesResolver","method":"N/A","correlationId":"N/A","message":"SinistreReglementController {/sinistres-reglements}:"}
{"timestamp":"2026-10-02 14:10:25","level":"\u001b[32minfo\u001b[39m","context":"RouterExplorer","method":"N/A","correlationId":"N/A","message":"Mapped {/sinistres-reglements, GET} route"}
{"timestamp":"2026-10-02 14:10:25","level":"\u001b[32minfo\u001b[39m","context":"RouterExplorer","method":"N/A","correlationId":"N/A","message":"Mapped {/sinistres-reglements/:id, GET} route"}
{"timestamp":"2026-10-02 14:10:25","level":"\u001b[32minfo\u001b[39m","context":"RouterExplorer","method":"N/A","correlationId":"N/A","message":"Mapped {/sinistres-reglements, POST} route"}
{"timestamp":"2026-10-02 14:10:25","level":"\u001b[32minfo\u001b[39m","context":"RouterExplorer","method":"N/A","correlationId":"N/A","message":"Mapped {/sinistres-reglements/:id, PUT} route"}
{"timestamp":"2026-10-02 14:10:25","level":"\u001b[32minfo\u001b[39m","context":"RouterExplorer","method":"N/A","correlationId":"N/A","message":"Mapped {/sinistres-reglements/:id, DELETE} route"}
{"timestamp":"2026-10-02 14:10:25","level":"\u001b[32minfo\u001b[39m","context":"NestApplication","method":"N/A","correlationId":"N/A","message":"Nest application successfully started"}
{"timestamp":"2026-10-02 14:27:07","level":"\u001b[32minfo\u001b[39m","context":"NestFactory","method":"N/A","correlationId":"N/A","message":"Starting Nest application..."}
{"timestamp":"2026-10-02 14:27:07","level":"\u001b[32minfo\u001b[39m","context":"InstanceLoader","method":"N/A","correlationId":"N/A","message":"TypeOrmModule dependencies initialized"}
{"timestamp":"2026-10-02 14:27:07","level":"\u001b[32minfo\u001b[39m","context":"InstanceLoader","method":"N/A","correlationId":"N/A","message":"ClsModule dependencies initialized"}
{"timestamp":"2026-10-02 14:27:07","level":"\u001b[32minfo\u001b[39m","context":"InstanceLoader","method":"N/A","correlationId":"N/A","message":"ClsCommonModule dependencies initialized"}
{"timestamp":"2026-10-02 14:27:07","level":"\u001b[32minfo\u001b[39m","context":"InstanceLoader","method":"N/A","correlationId":"N/A","message":"ClsModule dependencies initialized"}
{"timestamp":"2026-10-02 14:27:07","level":"\u001b[32minfo\u001b[39m","context":"InstanceLoader","method":"N/A","correlationId":"N/A","message":"ConfigHostModule dependencies initialized"}
{"timestamp":"2026-10-02 14:27:07","level":"\u001b[32minfo\u001b[39m","context":"InstanceLoader","method":"N/A","correlationId":"N/A","message":"DiscoveryModule dependencies initialized"}
{"timestamp":"2026-10-02 14:27:07","level":"\u001b[32minfo\u001b[39m","context":"InstanceLoader","method":"N/A","correlationId":"N/A","message":"ClsRootModule dependencies initialized"}
{"timestamp":"2026-10-02 14:27:07","level":"\u001b[32minfo\u001b[39m","context":"InstanceLoader","method":"N/A","correlationId":"N/A","message":"AppModule dependencies initialized"}
{"timestamp":"2026-10-02 14:27:07","level":"\u001b[32minfo\u001b[39m","context":"InstanceLoader","method":"N/A","correlationId":"N/A","message":"ConfigModule dependencies initialized"}
{"timestamp":"2026-10-02 14:27:07","level":"\u001b[32minfo\u001b[39m","context":"InstanceLoader","method":"N/A","correlationId":"N/A","message":"ClsPluginsModule dependencies initialized"}
{"timestamp":"2026-10-02 14:27:07","level":"\u001b[32minfo\u001b[39m","context":"InstanceLoader","method":"N/A","correlationId":"N/A","message":"TypeOrmCoreModule dependencies initialized"}
{"timestamp":"2026-10-02 14:27:07","level":"\u001b[32minfo\u001b[39m","context":"InstanceLoader","method":"N/A","correlationId":"N/A","message":"TypeOrmModule dependencies initialized"}
{"timestamp":"2026-10-02 14:27:07","level":"\u001b[32minfo\u001b[39m","context":"InstanceLoader","method":"N/A","correlationId":"N/A","message":"TypeOrmModule dependencies initialized"}
{"timestamp":"2026-10-02 14:27:07","level":"\u001b[32minfo\u001b[39m","context":"InstanceLoader","method":"N/A","correlationId":"N/A","message":"TypeOrmModule dependencies initialized"}
{"timestamp":"2026-10-02 14:27:07","level":"\u001b[32minfo\u001b[39m","context":"InstanceLoader","method":"N/A","correlationId":"N/A","message":"TypeOrmModule dependencies initialized"}
{"timestamp":"2026-10-02 14:27:07","level":"\u001b[32minfo\u001b[39m","context":"InstanceLoader","method":"N/A","correlationId":"N/A","message":"TypeOrmModule dependencies initialized"}
{"timestamp":"2026-10-02 14:27:07","level":"\u001b[32minfo\u001b[39m","context":"InstanceLoader","method":"N/A","correlationId":"N/A","message":"TypeOrmModule dependencies initialized"}
{"timestamp":"2026-10-02 14:27:07","level":"\u001b[32minfo\u001b[39m","context":"InstanceLoader","method":"N/A","correlationId":"N/A","message":"ClsPluginModule dependencies initialized"}
{"timestamp":"2026-10-02 14:27:07","level":"\u001b[32minfo\u001b[39m","context":"InstanceLoader","method":"N/A","correlationId":"N/A","message":"ActeursModule dependencies initialized"}
{"timestamp":"2026-10-02 14:27:07","level":"\u001b[32minfo\u001b[39m","context":"InstanceLoader","method":"N/A","correlationId":"N/A","message":"ReferentielModule dependencies initialized"}
{"timestamp":"2026-10-02 14:27:07","level":"\u001b[32minfo\u001b[39m","context":"InstanceLoader","method":"N/A","correlationId":"N/A","message":"PolicesModule dependencies initialized"}
{"timestamp":"2026-10-02 14:27:07","level":"\u001b[32minfo\u001b[39m","context":"InstanceLoader","method":"N/A","correlationId":"N/A","message":"FluxFinancierModule dependencies initialized"}
{"timestamp":"2026-10-02 14:27:07","level":"\u001b[32minfo\u001b[39m","context":"InstanceLoader","method":"N/A","correlationId":"N/A","message":"SinistresModule dependencies initialized"}
{"timestamp":"2026-10-02 14:27:07","level":"\u001b[32minfo\u001b[39m","context":"InstanceLoader","method":"N/A","correlationId":"N/A","message":"QuittancesModule dependencies initialized"}
{"timestamp":"2026-10-02 14:27:07","level":"\u001b[32minfo\u001b[39m","context":"RoutesResolver","method":"N/A","correlationId":"N/A","message":"BrancheController {/branches}:"}
{"timestamp":"2026-10-02 14:27:07","level":"\u001b[32minfo\u001b[39m","context":"RouterExplorer","method":"N/A","correlationId":"N/A","message":"Mapped {/branches, GET} route"}
{"timestamp":"2026-10-02 14:27:07","level":"\u001b[32minfo\u001b[39m","context":"RouterExplorer","method":"N/A","correlationId":"N/A","message":"Mapped {/branches/:id, GET} route"}
{"timestamp":"2026-10-02 14:27:07","level":"\u001b[32minfo\u001b[39m","context":"RouterExplorer","method":"N/A","correlationId":"N/A","message":"Mapped {/branches, POST} route"}
{"timestamp":"2026-10-02 14:27:07","level":"\u001b[32minfo\u001b[39m","context":"RouterExplorer","method":"N/A","correlationId":"N/A","message":"Mapped {/branches/:id, PUT} route"}
{"timestamp":"2026-10-02 14:27:07","level":"\u001b[32minfo\u001b[39m","context":"RouterExplorer","method":"N/A","correlationId":"N/A","message":"Mapped {/branches/:id, DELETE} route"}
{"timestamp":"2026-10-02 14:27:07","level":"\u001b[32minfo\u001b[39m","context":"RoutesResolver","method":"N/A","correlationId":"N/A","message":"SousBrancheController {/sous-branches}:"}
{"timestamp":"2026-10-02 14:27:07","level":"\u001b[32minfo\u001b[39m","context":"RouterExplorer","method":"N/A","correlationId":"N/A","message":"Mapped {/sous-branches, GET} route"}
{"timestamp":"2026-10-02 14:27:07","level":"\u001b[32minfo\u001b[39m","context":"RouterExplorer","method":"N/A","correlationId":"N/A","message":"Mapped {/sous-branches/:id, GET} route"}
{"timestamp":"2026-10-02 14:27:07","level":"\u001b[32minfo\u001b[39m","context":"RouterExplorer","method":"N/A","correlationId":"N/A","message":"Mapped {/sous-branches, POST} route"}
{"timestamp":"2026-10-02 14:27:07","level":"\u001b[32minfo\u001b[39m","context":"RouterExplorer","method":"N/A","correlationId":"N/A","message":"Mapped {/sous-branches/:id, PUT} route"}
{"timestamp":"2026-10-02 14:27:07","level":"\u001b[32minfo\u001b[39m","context":"RouterExplorer","method":"N/A","correlationId":"N/A","message":"Mapped {/sous-branches/:id, DELETE} route"}
{"timestamp":"2026-10-02 14:27:07","level":"\u001b[32minfo\u001b[39m","context":"RoutesResolver","method":"N/A","correlationId":"N/A","message":"DeviseController {/devise}:"}
{"timestamp":"2026-10-02 14:27:07","level":"\u001b[32minfo\u001b[39m","context":"RouterExplorer","method":"N/A","correlationId":"N/A","message":"Mapped {/devise, GET} route"}
{"timestamp":"2026-10-02 14:27:07","level":"\u001b[32minfo\u001b[39m","context":"RouterExplorer","method":"N/A","correlationId":"N/A","message":"Mapped {/devise/:id, GET} route"}
{"timestamp":"2026-10-02 14:27:07","level":"\u001b[32minfo\u001b[39m","context":"RouterExplorer","method":"N/A","correlationId":"N/A","message":"Mapped {/devise, POST} route"}
{"timestamp":"2026-10-02 14:27:07","level":"\u001b[32minfo\u001b[39m","context":"RouterExplorer","method":"N/A","correlationId":"N/A","message":"Mapped {/devise/:id, PUT} route"}
{"timestamp":"2026-10-02 14:27:07","level":"\u001b[32minfo\u001b[39m","context":"RouterExplorer","method":"N/A","correlationId":"N/A","message":"Mapped {/devise/:id, DELETE} route"}
{"timestamp":"2026-10-02 14:27:07","level":"\u001b[32minfo\u001b[39m","context":"RoutesResolver","method":"N/A","correlationId":"N/A","message":"DomaineActiviteController {/domaines-activite}:"}
{"timestamp":"2026-10-02 14:27:07","level":"\u001b[32minfo\u001b[39m","context":"RouterExplorer","method":"N/A","correlationId":"N/A","message":"Mapped {/domaines-activite, GET} route"}
{"timestamp":"2026-10-02 14:27:07","level":"\u001b[32minfo\u001b[39m","context":"RouterExplorer","method":"N/A","correlationId":"N/A","message":"Mapped {/domaines-activite/:id, GET} route"}
{"timestamp":"2026-10-02 14:27:07","level":"\u001b[32minfo\u001b[39m","context":"RouterExplorer","method":"N/A","correlationId":"N/A","message":"Mapped {/domaines-activite, POST} route"}
{"timestamp":"2026-10-02 14:27:07","level":"\u001b[32minfo\u001b[39m","context":"RouterExplorer","method":"N/A","correlationId":"N/A","message":"Mapped {/domaines-activite/:id, PUT} route"}
{"timestamp":"2026-10-02 14:27:07","level":"\u001b[32minfo\u001b[39m","context":"RouterExplorer","method":"N/A","correlationId":"N/A","message":"Mapped {/domaines-activite/:id, DELETE} route"}
{"timestamp":"2026-10-02 14:27:07","level":"\u001b[32minfo\u001b[39m","context":"RoutesResolver","method":"N/A","correlationId":"N/A","message":"CampagneController {/campagnes}:"}
{"timestamp":"2026-10-02 14:27:07","level":"\u001b[32minfo\u001b[39m","context":"RouterExplorer","method":"N/A","correlationId":"N/A","message":"Mapped {/campagnes, GET} route"}
{"timestamp":"2026-10-02 14:27:07","level":"\u001b[32minfo\u001b[39m","context":"RouterExplorer","method":"N/A","correlationId":"N/A","message":"Mapped {/campagnes/:id, GET} route"}
{"timestamp":"2026-10-02 14:27:07","level":"\u001b[32minfo\u001b[39m","context":"RouterExplorer","method":"N/A","correlationId":"N/A","message":"Mapped {/campagnes, POST} route"}
{"timestamp":"2026-10-02 14:27:07","level":"\u001b[32minfo\u001b[39m","context":"RouterExplorer","method":"N/A","correlationId":"N/A","message":"Mapped {/campagnes/:id, PUT} route"}
{"timestamp":"2026-10-02 14:27:07","level":"\u001b[32minfo\u001b[39m","context":"RouterExplorer","method":"N/A","correlationId":"N/A","message":"Mapped {/campagnes/:id, DELETE} route"}
{"timestamp":"2026-10-02 14:27:07","level":"\u001b[32minfo\u001b[39m","context":"RoutesResolver","method":"N/A","correlationId":"N/A","message":"MouvementController {/mouvements}:"}
{"timestamp":"2026-10-02 14:27:07","level":"\u001b[32minfo\u001b[39m","context":"RouterExplorer","method":"N/A","correlationId":"N/A","message":"Mapped {/mouvements, GET} route"}
{"timestamp":"2026-10-02 14:27:07","level":"\u001b[32minfo\u001b[39m","context":"RouterExplorer","method":"N/A","correlationId":"N/A","message":"Mapped {/mouvements/:id, GET} route"}
{"timestamp":"2026-10-02 14:27:07","level":"\u001b[32minfo\u001b[39m","context":"RouterExplorer","method":"N/A","correlationId":"N/A","message":"Mapped {/mouvements, POST} route"}
{"timestamp":"2026-10-02 14:27:07","level":"\u001b[32minfo\u001b[39m","context":"RouterExplorer","method":"N/A","correlationId":"N/A","message":"Mapped {/mouvements/:id, PUT} route"}
{"timestamp":"2026-10-02 14:27:07","level":"\u001b[32minfo\u001b[39m","context":"RouterExplorer","method":"N/A","correlationId":"N/A","message":"Mapped {/mouvements/:id, DELETE} route"}
{"timestamp":"2026-10-02 14:27:07","level":"\u001b[32minfo\u001b[39m","context":"RoutesResolver","method":"N/A","correlationId":"N/A","message":"CompteTypeController {/compte-types}:"}
{"timestamp":"2026-10-02 14:27:07","level":"\u001b[32minfo\u001b[39m","context":"RouterExplorer","method":"N/A","correlationId":"N/A","message":"Mapped {/compte-types, GET} route"}
{"timestamp":"2026-10-02 14:27:07","level":"\u001b[32minfo\u001b[39m","context":"RouterExplorer","method":"N/A","correlationId":"N/A","message":"Mapped {/compte-types/:id, GET} route"}
{"timestamp":"2026-10-02 14:27:07","level":"\u001b[32minfo\u001b[39m","context":"RouterExplorer","method":"N/A","correlationId":"N/A","message":"Mapped {/compte-types, POST} route"}
{"timestamp":"2026-10-02 14:27:07","level":"\u001b[32minfo\u001b[39m","context":"RouterExplorer","method":"N/A","correlationId":"N/A","message":"Mapped {/compte-types/:id, PUT} route"}
{"timestamp":"2026-10-02 14:27:07","level":"\u001b[32minfo\u001b[39m","context":"RouterExplorer","method":"N/A","correlationId":"N/A","message":"Mapped {/compte-types/:id, DELETE} route"}
{"timestamp":"2026-10-02 14:27:07","level":"\u001b[32minfo\u001b[39m","context":"RoutesResolver","method":"N/A","correlationId":"N/A","message":"NatureCessionController {/natures-cession}:"}
{"timestamp":"2026-10-02 14:27:07","level":"\u001b[32minfo\u001b[39m","context":"RouterExplorer","method":"N/A","correlationId":"N/A","message":"Mapped {/natures-cession, GET} route"}
{"timestamp":"2026-10-02 14:27:07","level":"\u001b[32minfo\u001b[39m","context":"RouterExplorer","method":"N/A","correlationId":"N/A","message":"Mapped {/natures-cession/:id, GET} route"}
{"timestamp":"2026-10-02 14:27:07","level":"\u001b[32minfo\u001b[39m","context":"RouterExplorer","method":"N/A","correlationId":"N/A","message":"Mapped {/natures-cession, POST} route"}
{"timestamp":"2026-10-02 14:27:07","level":"\u001b[32minfo\u001b[39m","context":"RouterExplorer","method":"N/A","correlationId":"N/A","message":"Mapped {/natures-cession/:id, PUT} route"}
{"timestamp":"2026-10-02 14:27:07","level":"\u001b[32minfo\u001b[39m","context":"RouterExplorer","method":"N/A","correlationId":"N/A","message":"Mapped {/natures-cession/:id, DELETE} route"}
{"timestamp":"2026-10-02 14:27:07","level":"\u001b[32minfo\u001b[39m","context":"RoutesResolver","method":"N/A","correlationId":"N/A","message":"RegionController {/regions}:"}
{"timestamp":"2026-10-02 14:27:07","level":"\u001b[32minfo\u001b[39m","context":"RouterExplorer","method":"N/A","correlationId":"N/A","message":"Mapped {/regions, GET} route"}
{"timestamp":"2026-10-02 14:27:07","level":"\u001b[32minfo\u001b[39m","context":"RouterExplorer","method":"N/A","correlationId":"N/A","message":"Mapped {/regions/:id, GET} route"}
{"timestamp":"2026-10-02 14:27:07","level":"\u001b[32minfo\u001b[39m","context":"RouterExplorer","method":"N/A","correlationId":"N/A","message":"Mapped {/regions, POST} route"}
{"timestamp":"2026-10-02 14:27:07","level":"\u001b[32minfo\u001b[39m","context":"RouterExplorer","method":"N/A","correlationId":"N/A","message":"Mapped {/regions/:id, PUT} route"}
{"timestamp":"2026-10-02 14:27:07","level":"\u001b[32minfo\u001b[39m","context":"RouterExplorer","method":"N/A","correlationId":"N/A","message":"Mapped {/regions/:id, DELETE} route"}
{"timestamp":"2026-10-02 14:27:07","level":"\u001b[32minfo\u001b[39m","context":"RoutesResolver","method":"N/A","correlationId":"N/A","message":"PaysController {/pays}:"}
{"timestamp":"2026-10-02 14:27:07","level":"\u001b[32minfo\u001b[39m","context":"RouterExplorer","method":"N/A","correlationId":"N/A","message":"Mapped {/pays, GET} route"}
{"timestamp":"2026-10-02 14:27:07","level":"\u001b[32minfo\u001b[39m","context":"RouterExplorer","method":"N/A","correlationId":"N/A","message":"Mapped {/pays/:id, GET} route"}
{"timestamp":"2026-10-02 14:27:07","level":"\u001b[32minfo\u001b[39m","context":"RouterExplorer","method":"N/A","correlationId":"N/A","message":"Mapped {/pays, POST} route"}
{"timestamp":"2026-10-02 14:27:07","level":"\u001b[32minfo\u001b[39m","context":"RouterExplorer","method":"N/A","correlationId":"N/A","message":"Mapped {/pays/:id, PUT} route"}
{"timestamp":"2026-10-02 14:27:07","level":"\u001b[32minfo\u001b[39m","context":"RouterExplorer","method":"N/A","correlationId":"N/A","message":"Mapped {/pays/:id, DELETE} route"}
{"timestamp":"2026-10-02 14:27:07","level":"\u001b[32minfo\u001b[39m","context":"RoutesResolver","method":"N/A","correlationId":"N/A","message":"ActeurController {/acteurs}:"}
{"timestamp":"2026-10-02 14:27:07","level":"\u001b[32minfo\u001b[39m","context":"RouterExplorer","method":"N/A","correlationId":"N/A","message":"Mapped {/acteurs, GET} route"}
{"timestamp":"2026-10-02 14:27:07","level":"\u001b[32minfo\u001b[39m","context":"RouterExplorer","method":"N/A","correlationId":"N/A","message":"Mapped {/acteurs/:id, GET} route"}
{"timestamp":"2026-10-02 14:27:07","level":"\u001b[32minfo\u001b[39m","context":"RouterExplorer","method":"N/A","correlationId":"N/A","message":"Mapped {/acteurs, POST} route"}
{"timestamp":"2026-10-02 14:27:07","level":"\u001b[32minfo\u001b[39m","context":"RouterExplorer","method":"N/A","correlationId":"N/A","message":"Mapped {/acteurs/:id, PUT} route"}
{"timestamp":"2026-10-02 14:27:07","level":"\u001b[32minfo\u001b[39m","context":"RouterExplorer","method":"N/A","correlationId":"N/A","message":"Mapped {/acteurs/:id, DELETE} route"}
{"timestamp":"2026-10-02 14:27:07","level":"\u001b[32minfo\u001b[39m","context":"RoutesResolver","method":"N/A","correlationId":"N/A","message":"AssureController {/assures}:"}
{"timestamp":"2026-10-02 14:27:07","level":"\u001b[32minfo\u001b[39m","context":"RouterExplorer","method":"N/A","correlationId":"N/A","message":"Mapped {/assures, GET} route"}
{"timestamp":"2026-10-02 14:27:07","level":"\u001b[32minfo\u001b[39m","context":"RouterExplorer","method":"N/A","correlationId":"N/A","message":"Mapped {/assures/:id, GET} route"}
{"timestamp":"2026-10-02 14:27:07","level":"\u001b[32minfo\u001b[39m","context":"RouterExplorer","method":"N/A","correlationId":"N/A","message":"Mapped {/assures, POST} route"}
{"timestamp":"2026-10-02 14:27:07","level":"\u001b[32minfo\u001b[39m","context":"RouterExplorer","method":"N/A","correlationId":"N/A","message":"Mapped {/assures/:id, PUT} route"}
{"timestamp":"2026-10-02 14:27:07","level":"\u001b[32minfo\u001b[39m","context":"RouterExplorer","method":"N/A","correlationId":"N/A","message":"Mapped {/assures/:id, DELETE} route"}
{"timestamp":"2026-10-02 14:27:07","level":"\u001b[32minfo\u001b[39m","context":"RoutesResolver","method":"N/A","correlationId":"N/A","message":"ContactController {/contacts}:"}
{"timestamp":"2026-10-02 14:27:07","level":"\u001b[32minfo\u001b[39m","context":"RouterExplorer","method":"N/A","correlationId":"N/A","message":"Mapped {/contacts, GET} route"}
{"timestamp":"2026-10-02 14:27:07","level":"\u001b[32minfo\u001b[39m","context":"RouterExplorer","method":"N/A","correlationId":"N/A","message":"Mapped {/contacts/:id, GET} route"}
{"timestamp":"2026-10-02 14:27:07","level":"\u001b[32minfo\u001b[39m","context":"RouterExplorer","method":"N/A","correlationId":"N/A","message":"Mapped {/contacts, POST} route"}
{"timestamp":"2026-10-02 14:27:07","level":"\u001b[32minfo\u001b[39m","context":"RouterExplorer","method":"N/A","correlationId":"N/A","message":"Mapped {/contacts/:id, PUT} route"}
{"timestamp":"2026-10-02 14:27:07","level":"\u001b[32minfo\u001b[39m","context":"RouterExplorer","method":"N/A","correlationId":"N/A","message":"Mapped {/contacts/:id, DELETE} route"}
{"timestamp":"2026-10-02 14:27:07","level":"\u001b[32minfo\u001b[39m","context":"RoutesResolver","method":"N/A","correlationId":"N/A","message":"PoliceController {/polices}:"}
{"timestamp":"2026-10-02 14:27:07","level":"\u001b[32minfo\u001b[39m","context":"RouterExplorer","method":"N/A","correlationId":"N/A","message":"Mapped {/polices, GET} route"}
{"timestamp":"2026-10-02 14:27:07","level":"\u001b[32minfo\u001b[39m","context":"RouterExplorer","method":"N/A","correlationId":"N/A","message":"Mapped {/polices/:id, GET} route"}
{"timestamp":"2026-10-02 14:27:07","level":"\u001b[32minfo\u001b[39m","context":"RouterExplorer","method":"N/A","correlationId":"N/A","message":"Mapped {/polices, POST} route"}
{"timestamp":"2026-10-02 14:27:07","level":"\u001b[32minfo\u001b[39m","context":"RouterExplorer","method":"N/A","correlationId":"N/A","message":"Mapped {/polices/:id, PUT} route"}
{"timestamp":"2026-10-02 14:27:07","level":"\u001b[32minfo\u001b[39m","context":"RouterExplorer","method":"N/A","correlationId":"N/A","message":"Mapped {/polices/:id, DELETE} route"}
{"timestamp":"2026-10-02 14:27:07","level":"\u001b[32minfo\u001b[39m","context":"RoutesResolver","method":"N/A","correlationId":"N/A","message":"QuittanceController {/quittances}:"}
{"timestamp":"2026-10-02 14:27:07","level":"\u001b[32minfo\u001b[39m","context":"RouterExplorer","method":"N/A","correlationId":"N/A","message":"Mapped {/quittances, GET} route"}
{"timestamp":"2026-10-02 14:27:07","level":"\u001b[32minfo\u001b[39m","context":"RouterExplorer","method":"N/A","correlationId":"N/A","message":"Mapped {/quittances/:id, GET} route"}
{"timestamp":"2026-10-02 14:27:07","level":"\u001b[32minfo\u001b[39m","context":"RouterExplorer","method":"N/A","correlationId":"N/A","message":"Mapped {/quittances, POST} route"}
{"timestamp":"2026-10-02 14:27:07","level":"\u001b[32minfo\u001b[39m","context":"RouterExplorer","method":"N/A","correlationId":"N/A","message":"Mapped {/quittances/:id, PUT} route"}
{"timestamp":"2026-10-02 14:27:07","level":"\u001b[32minfo\u001b[39m","context":"RouterExplorer","method":"N/A","correlationId":"N/A","message":"Mapped {/quittances/:id/annuler, PATCH} route"}
{"timestamp":"2026-10-02 14:27:07","level":"\u001b[32minfo\u001b[39m","context":"RouterExplorer","method":"N/A","correlationId":"N/A","message":"Mapped {/quittances/:id, DELETE} route"}
{"timestamp":"2026-10-02 14:27:07","level":"\u001b[32minfo\u001b[39m","context":"RoutesResolver","method":"N/A","correlationId":"N/A","message":"QuittanceCessionController {/quittances-cession}:"}
{"timestamp":"2026-10-02 14:27:07","level":"\u001b[32minfo\u001b[39m","context":"RouterExplorer","method":"N/A","correlationId":"N/A","message":"Mapped {/quittances-cession, GET} route"}
{"timestamp":"2026-10-02 14:27:07","level":"\u001b[32minfo\u001b[39m","context":"RouterExplorer","method":"N/A","correlationId":"N/A","message":"Mapped {/quittances-cession/:id, GET} route"}
{"timestamp":"2026-10-02 14:27:07","level":"\u001b[32minfo\u001b[39m","context":"RouterExplorer","method":"N/A","correlationId":"N/A","message":"Mapped {/quittances-cession, POST} route"}
{"timestamp":"2026-10-02 14:27:07","level":"\u001b[32minfo\u001b[39m","context":"RouterExplorer","method":"N/A","correlationId":"N/A","message":"Mapped {/quittances-cession/:id, PUT} route"}
{"timestamp":"2026-10-02 14:27:07","level":"\u001b[32minfo\u001b[39m","context":"RouterExplorer","method":"N/A","correlationId":"N/A","message":"Mapped {/quittances-cession/:id, DELETE} route"}
{"timestamp":"2026-10-02 14:27:07","level":"\u001b[32minfo\u001b[39m","context":"RoutesResolver","method":"N/A","correlationId":"N/A","message":"EcheancePmdController {/echeances-pmd}:"}
{"timestamp":"2026-10-02 14:27:07","level":"\u001b[32minfo\u001b[39m","context":"RouterExplorer","method":"N/A","correlationId":"N/A","message":"Mapped {/echeances-pmd, GET} route"}
{"timestamp":"2026-10-02 14:27:07","level":"\u001b[32minfo\u001b[39m","context":"RouterExplorer","method":"N/A","correlationId":"N/A","message":"Mapped {/echeances-pmd/:id, GET} route"}
{"timestamp":"2026-10-02 14:27:07","level":"\u001b[32minfo\u001b[39m","context":"RouterExplorer","method":"N/A","correlationId":"N/A","message":"Mapped {/echeances-pmd, POST} route"}
{"timestamp":"2026-10-02 14:27:07","level":"\u001b[32minfo\u001b[39m","context":"RouterExplorer","method":"N/A","correlationId":"N/A","message":"Mapped {/echeances-pmd/:id, PUT} route"}
{"timestamp":"2026-10-02 14:27:07","level":"\u001b[32minfo\u001b[39m","context":"RouterExplorer","method":"N/A","correlationId":"N/A","message":"Mapped {/echeances-pmd/:id, DELETE} route"}
{"timestamp":"2026-10-02 14:27:07","level":"\u001b[32minfo\u001b[39m","context":"RoutesResolver","method":"N/A","correlationId":"N/A","message":"BordereauController {/bordereaux}:"}
{"timestamp":"2026-10-02 14:27:07","level":"\u001b[32minfo\u001b[39m","context":"RouterExplorer","method":"N/A","correlationId":"N/A","message":"Mapped {/bordereaux, GET} route"}
{"timestamp":"2026-10-02 14:27:07","level":"\u001b[32minfo\u001b[39m","context":"RouterExplorer","method":"N/A","correlationId":"N/A","message":"Mapped {/bordereaux/:id, GET} route"}
{"timestamp":"2026-10-02 14:27:07","level":"\u001b[32minfo\u001b[39m","context":"RouterExplorer","method":"N/A","correlationId":"N/A","message":"Mapped {/bordereaux, POST} route"}
{"timestamp":"2026-10-02 14:27:07","level":"\u001b[32minfo\u001b[39m","context":"RouterExplorer","method":"N/A","correlationId":"N/A","message":"Mapped {/bordereaux/:id, PUT} route"}
{"timestamp":"2026-10-02 14:27:07","level":"\u001b[32minfo\u001b[39m","context":"RouterExplorer","method":"N/A","correlationId":"N/A","message":"Mapped {/bordereaux/:id, DELETE} route"}
{"timestamp":"2026-10-02 14:27:07","level":"\u001b[32minfo\u001b[39m","context":"RoutesResolver","method":"N/A","correlationId":"N/A","message":"CompteTraiteController {/comptes-traite}:"}
{"timestamp":"2026-10-02 14:27:07","level":"\u001b[32minfo\u001b[39m","context":"RouterExplorer","method":"N/A","correlationId":"N/A","message":"Mapped {/comptes-traite, GET} route"}
{"timestamp":"2026-10-02 14:27:07","level":"\u001b[32minfo\u001b[39m","context":"RouterExplorer","method":"N/A","correlationId":"N/A","message":"Mapped {/comptes-traite/:id, GET} route"}
{"timestamp":"2026-10-02 14:27:07","level":"\u001b[32minfo\u001b[39m","context":"RouterExplorer","method":"N/A","correlationId":"N/A","message":"Mapped {/comptes-traite, POST} route"}
{"timestamp":"2026-10-02 14:27:07","level":"\u001b[32minfo\u001b[39m","context":"RouterExplorer","method":"N/A","correlationId":"N/A","message":"Mapped {/comptes-traite/:id, PUT} route"}
{"timestamp":"2026-10-02 14:27:07","level":"\u001b[32minfo\u001b[39m","context":"RouterExplorer","method":"N/A","correlationId":"N/A","message":"Mapped {/comptes-traite/:id, DELETE} route"}
{"timestamp":"2026-10-02 14:27:07","level":"\u001b[32minfo\u001b[39m","context":"RoutesResolver","method":"N/A","correlationId":"N/A","message":"NoteDebitCreditController {/notes-debit-credit}:"}
{"timestamp":"2026-10-02 14:27:07","level":"\u001b[32minfo\u001b[39m","context":"RouterExplorer","method":"N/A","correlationId":"N/A","message":"Mapped {/notes-debit-credit, GET} route"}
{"timestamp":"2026-10-02 14:27:07","level":"\u001b[32minfo\u001b[39m","context":"RouterExplorer","method":"N/A","correlationId":"N/A","message":"Mapped {/notes-debit-credit/:id, GET} route"}
{"timestamp":"2026-10-02 14:27:07","level":"\u001b[32minfo\u001b[39m","context":"RouterExplorer","method":"N/A","correlationId":"N/A","message":"Mapped {/notes-debit-credit, POST} route"}
{"timestamp":"2026-10-02 14:27:07","level":"\u001b[32minfo\u001b[39m","context":"RouterExplorer","method":"N/A","correlationId":"N/A","message":"Mapped {/notes-debit-credit/:id, PUT} route"}
{"timestamp":"2026-10-02 14:27:07","level":"\u001b[32minfo\u001b[39m","context":"RouterExplorer","method":"N/A","correlationId":"N/A","message":"Mapped {/notes-debit-credit/:id, DELETE} route"}
{"timestamp":"2026-10-02 14:27:07","level":"\u001b[32minfo\u001b[39m","context":"RoutesResolver","method":"N/A","correlationId":"N/A","message":"ReglementController {/reglements}:"}
{"timestamp":"2026-10-02 14:27:07","level":"\u001b[32minfo\u001b[39m","context":"RouterExplorer","method":"N/A","correlationId":"N/A","message":"Mapped {/reglements, GET} route"}
{"timestamp":"2026-10-02 14:27:07","level":"\u001b[32minfo\u001b[39m","context":"RouterExplorer","method":"N/A","correlationId":"N/A","message":"Mapped {/reglements/:id, GET} route"}
{"timestamp":"2026-10-02 14:27:07","level":"\u001b[32minfo\u001b[39m","context":"RouterExplorer","method":"N/A","correlationId":"N/A","message":"Mapped {/reglements, POST} route"}
{"timestamp":"2026-10-02 14:27:07","level":"\u001b[32minfo\u001b[39m","context":"RouterExplorer","method":"N/A","correlationId":"N/A","message":"Mapped {/reglements/:id, PUT} route"}
{"timestamp":"2026-10-02 14:27:07","level":"\u001b[32minfo\u001b[39m","context":"RouterExplorer","method":"N/A","correlationId":"N/A","message":"Mapped {/reglements/:id, DELETE} route"}
{"timestamp":"2026-10-02 14:27:07","level":"\u001b[32minfo\u001b[39m","context":"RoutesResolver","method":"N/A","correlationId":"N/A","message":"SinistreStatutController {/sinistre-statuts}:"}
{"timestamp":"2026-10-02 14:27:07","level":"\u001b[32minfo\u001b[39m","context":"RouterExplorer","method":"N/A","correlationId":"N/A","message":"Mapped {/sinistre-statuts, GET} route"}
{"timestamp":"2026-10-02 14:27:07","level":"\u001b[32minfo\u001b[39m","context":"RouterExplorer","method":"N/A","correlationId":"N/A","message":"Mapped {/sinistre-statuts/:id, GET} route"}
{"timestamp":"2026-10-02 14:27:07","level":"\u001b[32minfo\u001b[39m","context":"RouterExplorer","method":"N/A","correlationId":"N/A","message":"Mapped {/sinistre-statuts, POST} route"}
{"timestamp":"2026-10-02 14:27:07","level":"\u001b[32minfo\u001b[39m","context":"RouterExplorer","method":"N/A","correlationId":"N/A","message":"Mapped {/sinistre-statuts/:id, PUT} route"}
{"timestamp":"2026-10-02 14:27:07","level":"\u001b[32minfo\u001b[39m","context":"RouterExplorer","method":"N/A","correlationId":"N/A","message":"Mapped {/sinistre-statuts/:id, DELETE} route"}
{"timestamp":"2026-10-02 14:27:07","level":"\u001b[32minfo\u001b[39m","context":"RoutesResolver","method":"N/A","correlationId":"N/A","message":"SinistreTypeEvaluationController {/sinistres-types-evaluation}:"}
{"timestamp":"2026-10-02 14:27:07","level":"\u001b[32minfo\u001b[39m","context":"RouterExplorer","method":"N/A","correlationId":"N/A","message":"Mapped {/sinistres-types-evaluation, GET} route"}
{"timestamp":"2026-10-02 14:27:07","level":"\u001b[32minfo\u001b[39m","context":"RouterExplorer","method":"N/A","correlationId":"N/A","message":"Mapped {/sinistres-types-evaluation/:id, GET} route"}
{"timestamp":"2026-10-02 14:27:07","level":"\u001b[32minfo\u001b[39m","context":"RouterExplorer","method":"N/A","correlationId":"N/A","message":"Mapped {/sinistres-types-evaluation, POST} route"}
{"timestamp":"2026-10-02 14:27:07","level":"\u001b[32minfo\u001b[39m","context":"RouterExplorer","method":"N/A","correlationId":"N/A","message":"Mapped {/sinistres-types-evaluation/:id, PUT} route"}
{"timestamp":"2026-10-02 14:27:07","level":"\u001b[32minfo\u001b[39m","context":"RouterExplorer","method":"N/A","correlationId":"N/A","message":"Mapped {/sinistres-types-evaluation/:id, DELETE} route"}
{"timestamp":"2026-10-02 14:27:07","level":"\u001b[32minfo\u001b[39m","context":"RoutesResolver","method":"N/A","correlationId":"N/A","message":"SinistreController {/sinistre}:"}
{"timestamp":"2026-10-02 14:27:07","level":"\u001b[32minfo\u001b[39m","context":"RouterExplorer","method":"N/A","correlationId":"N/A","message":"Mapped {/sinistre, GET} route"}
{"timestamp":"2026-10-02 14:27:07","level":"\u001b[32minfo\u001b[39m","context":"RouterExplorer","method":"N/A","correlationId":"N/A","message":"Mapped {/sinistre/:id, GET} route"}
{"timestamp":"2026-10-02 14:27:07","level":"\u001b[32minfo\u001b[39m","context":"RouterExplorer","method":"N/A","correlationId":"N/A","message":"Mapped {/sinistre, POST} route"}
{"timestamp":"2026-10-02 14:27:07","level":"\u001b[32minfo\u001b[39m","context":"RouterExplorer","method":"N/A","correlationId":"N/A","message":"Mapped {/sinistre/:id, PUT} route"}
{"timestamp":"2026-10-02 14:27:07","level":"\u001b[32minfo\u001b[39m","context":"RouterExplorer","method":"N/A","correlationId":"N/A","message":"Mapped {/sinistre/:id, DELETE} route"}
{"timestamp":"2026-10-02 14:27:07","level":"\u001b[32minfo\u001b[39m","context":"RoutesResolver","method":"N/A","correlationId":"N/A","message":"SinistreEvaluationController {/sinistres-evaluations}:"}
{"timestamp":"2026-10-02 14:27:07","level":"\u001b[32minfo\u001b[39m","context":"RouterExplorer","method":"N/A","correlationId":"N/A","message":"Mapped {/sinistres-evaluations, GET} route"}
{"timestamp":"2026-10-02 14:27:07","level":"\u001b[32minfo\u001b[39m","context":"RouterExplorer","method":"N/A","correlationId":"N/A","message":"Mapped {/sinistres-evaluations/:id, GET} route"}
{"timestamp":"2026-10-02 14:27:07","level":"\u001b[32minfo\u001b[39m","context":"RouterExplorer","method":"N/A","correlationId":"N/A","message":"Mapped {/sinistres-evaluations, POST} route"}
{"timestamp":"2026-10-02 14:27:07","level":"\u001b[32minfo\u001b[39m","context":"RouterExplorer","method":"N/A","correlationId":"N/A","message":"Mapped {/sinistres-evaluations/:id, PUT} route"}
{"timestamp":"2026-10-02 14:27:07","level":"\u001b[32minfo\u001b[39m","context":"RouterExplorer","method":"N/A","correlationId":"N/A","message":"Mapped {/sinistres-evaluations/:id, DELETE} route"}
{"timestamp":"2026-10-02 14:27:07","level":"\u001b[32minfo\u001b[39m","context":"RoutesResolver","method":"N/A","correlationId":"N/A","message":"SinistreReglementController {/sinistres-reglements}:"}
{"timestamp":"2026-10-02 14:27:07","level":"\u001b[32minfo\u001b[39m","context":"RouterExplorer","method":"N/A","correlationId":"N/A","message":"Mapped {/sinistres-reglements, GET} route"}
{"timestamp":"2026-10-02 14:27:07","level":"\u001b[32minfo\u001b[39m","context":"RouterExplorer","method":"N/A","correlationId":"N/A","message":"Mapped {/sinistres-reglements/:id, GET} route"}
{"timestamp":"2026-10-02 14:27:07","level":"\u001b[32minfo\u001b[39m","context":"RouterExplorer","method":"N/A","correlationId":"N/A","message":"Mapped {/sinistres-reglements, POST} route"}
{"timestamp":"2026-10-02 14:27:07","level":"\u001b[32minfo\u001b[39m","context":"RouterExplorer","method":"N/A","correlationId":"N/A","message":"Mapped {/sinistres-reglements/:id, PUT} route"}
{"timestamp":"2026-10-02 14:27:07","level":"\u001b[32minfo\u001b[39m","context":"RouterExplorer","method":"N/A","correlationId":"N/A","message":"Mapped {/sinistres-reglements/:id, DELETE} route"}
{"timestamp":"2026-10-02 14:27:07","level":"\u001b[32minfo\u001b[39m","context":"NestApplication","method":"N/A","correlationId":"N/A","message":"Nest application successfully started"}
{"timestamp":"2026-10-02 14:30:23","level":"\u001b[32minfo\u001b[39m","context":"NestFactory","method":"N/A","correlationId":"N/A","message":"Starting Nest application..."}
{"timestamp":"2026-10-02 14:30:23","level":"\u001b[32minfo\u001b[39m","context":"InstanceLoader","method":"N/A","correlationId":"N/A","message":"TypeOrmModule dependencies initialized"}
{"timestamp":"2026-10-02 14:30:23","level":"\u001b[32minfo\u001b[39m","context":"InstanceLoader","method":"N/A","correlationId":"N/A","message":"ClsModule dependencies initialized"}
{"timestamp":"2026-10-02 14:30:23","level":"\u001b[32minfo\u001b[39m","context":"InstanceLoader","method":"N/A","correlationId":"N/A","message":"ClsCommonModule dependencies initialized"}
{"timestamp":"2026-10-02 14:30:23","level":"\u001b[32minfo\u001b[39m","context":"InstanceLoader","method":"N/A","correlationId":"N/A","message":"ClsModule dependencies initialized"}
{"timestamp":"2026-10-02 14:30:23","level":"\u001b[32minfo\u001b[39m","context":"InstanceLoader","method":"N/A","correlationId":"N/A","message":"ConfigHostModule dependencies initialized"}
{"timestamp":"2026-10-02 14:30:23","level":"\u001b[32minfo\u001b[39m","context":"InstanceLoader","method":"N/A","correlationId":"N/A","message":"DiscoveryModule dependencies initialized"}
{"timestamp":"2026-10-02 14:30:23","level":"\u001b[32minfo\u001b[39m","context":"InstanceLoader","method":"N/A","correlationId":"N/A","message":"ClsRootModule dependencies initialized"}
{"timestamp":"2026-10-02 14:30:23","level":"\u001b[32minfo\u001b[39m","context":"InstanceLoader","method":"N/A","correlationId":"N/A","message":"AppModule dependencies initialized"}
{"timestamp":"2026-10-02 14:30:23","level":"\u001b[32minfo\u001b[39m","context":"InstanceLoader","method":"N/A","correlationId":"N/A","message":"ConfigModule dependencies initialized"}
{"timestamp":"2026-10-02 14:30:23","level":"\u001b[32minfo\u001b[39m","context":"InstanceLoader","method":"N/A","correlationId":"N/A","message":"ClsPluginsModule dependencies initialized"}
{"timestamp":"2026-10-02 14:30:23","level":"\u001b[32minfo\u001b[39m","context":"InstanceLoader","method":"N/A","correlationId":"N/A","message":"TypeOrmCoreModule dependencies initialized"}
{"timestamp":"2026-10-02 14:30:23","level":"\u001b[32minfo\u001b[39m","context":"InstanceLoader","method":"N/A","correlationId":"N/A","message":"TypeOrmModule dependencies initialized"}
{"timestamp":"2026-10-02 14:30:23","level":"\u001b[32minfo\u001b[39m","context":"InstanceLoader","method":"N/A","correlationId":"N/A","message":"TypeOrmModule dependencies initialized"}
{"timestamp":"2026-10-02 14:30:23","level":"\u001b[32minfo\u001b[39m","context":"InstanceLoader","method":"N/A","correlationId":"N/A","message":"TypeOrmModule dependencies initialized"}
{"timestamp":"2026-10-02 14:30:23","level":"\u001b[32minfo\u001b[39m","context":"InstanceLoader","method":"N/A","correlationId":"N/A","message":"TypeOrmModule dependencies initialized"}
{"timestamp":"2026-10-02 14:30:23","level":"\u001b[32minfo\u001b[39m","context":"InstanceLoader","method":"N/A","correlationId":"N/A","message":"TypeOrmModule dependencies initialized"}
{"timestamp":"2026-10-02 14:30:23","level":"\u001b[32minfo\u001b[39m","context":"InstanceLoader","method":"N/A","correlationId":"N/A","message":"TypeOrmModule dependencies initialized"}
{"timestamp":"2026-10-02 14:30:23","level":"\u001b[32minfo\u001b[39m","context":"InstanceLoader","method":"N/A","correlationId":"N/A","message":"ClsPluginModule dependencies initialized"}
{"timestamp":"2026-10-02 14:30:23","level":"\u001b[32minfo\u001b[39m","context":"InstanceLoader","method":"N/A","correlationId":"N/A","message":"ActeursModule dependencies initialized"}
{"timestamp":"2026-10-02 14:30:23","level":"\u001b[32minfo\u001b[39m","context":"InstanceLoader","method":"N/A","correlationId":"N/A","message":"ReferentielModule dependencies initialized"}
{"timestamp":"2026-10-02 14:30:23","level":"\u001b[32minfo\u001b[39m","context":"InstanceLoader","method":"N/A","correlationId":"N/A","message":"PolicesModule dependencies initialized"}
{"timestamp":"2026-10-02 14:30:23","level":"\u001b[32minfo\u001b[39m","context":"InstanceLoader","method":"N/A","correlationId":"N/A","message":"FluxFinancierModule dependencies initialized"}
{"timestamp":"2026-10-02 14:30:23","level":"\u001b[32minfo\u001b[39m","context":"InstanceLoader","method":"N/A","correlationId":"N/A","message":"SinistresModule dependencies initialized"}
{"timestamp":"2026-10-02 14:30:23","level":"\u001b[32minfo\u001b[39m","context":"InstanceLoader","method":"N/A","correlationId":"N/A","message":"QuittancesModule dependencies initialized"}
{"timestamp":"2026-10-02 14:30:23","level":"\u001b[32minfo\u001b[39m","context":"RoutesResolver","method":"N/A","correlationId":"N/A","message":"BrancheController {/branches}:"}
{"timestamp":"2026-10-02 14:30:23","level":"\u001b[32minfo\u001b[39m","context":"RouterExplorer","method":"N/A","correlationId":"N/A","message":"Mapped {/branches, GET} route"}
{"timestamp":"2026-10-02 14:30:23","level":"\u001b[32minfo\u001b[39m","context":"RouterExplorer","method":"N/A","correlationId":"N/A","message":"Mapped {/branches/:id, GET} route"}
{"timestamp":"2026-10-02 14:30:23","level":"\u001b[32minfo\u001b[39m","context":"RouterExplorer","method":"N/A","correlationId":"N/A","message":"Mapped {/branches, POST} route"}
{"timestamp":"2026-10-02 14:30:23","level":"\u001b[32minfo\u001b[39m","context":"RouterExplorer","method":"N/A","correlationId":"N/A","message":"Mapped {/branches/:id, PUT} route"}
{"timestamp":"2026-10-02 14:30:23","level":"\u001b[32minfo\u001b[39m","context":"RouterExplorer","method":"N/A","correlationId":"N/A","message":"Mapped {/branches/:id, DELETE} route"}
{"timestamp":"2026-10-02 14:30:23","level":"\u001b[32minfo\u001b[39m","context":"RoutesResolver","method":"N/A","correlationId":"N/A","message":"SousBrancheController {/sous-branches}:"}
{"timestamp":"2026-10-02 14:30:23","level":"\u001b[32minfo\u001b[39m","context":"RouterExplorer","method":"N/A","correlationId":"N/A","message":"Mapped {/sous-branches, GET} route"}
{"timestamp":"2026-10-02 14:30:23","level":"\u001b[32minfo\u001b[39m","context":"RouterExplorer","method":"N/A","correlationId":"N/A","message":"Mapped {/sous-branches/:id, GET} route"}
{"timestamp":"2026-10-02 14:30:23","level":"\u001b[32minfo\u001b[39m","context":"RouterExplorer","method":"N/A","correlationId":"N/A","message":"Mapped {/sous-branches, POST} route"}
{"timestamp":"2026-10-02 14:30:23","level":"\u001b[32minfo\u001b[39m","context":"RouterExplorer","method":"N/A","correlationId":"N/A","message":"Mapped {/sous-branches/:id, PUT} route"}
{"timestamp":"2026-10-02 14:30:23","level":"\u001b[32minfo\u001b[39m","context":"RouterExplorer","method":"N/A","correlationId":"N/A","message":"Mapped {/sous-branches/:id, DELETE} route"}
{"timestamp":"2026-10-02 14:30:23","level":"\u001b[32minfo\u001b[39m","context":"RoutesResolver","method":"N/A","correlationId":"N/A","message":"DeviseController {/devise}:"}
{"timestamp":"2026-10-02 14:30:23","level":"\u001b[32minfo\u001b[39m","context":"RouterExplorer","method":"N/A","correlationId":"N/A","message":"Mapped {/devise, GET} route"}
{"timestamp":"2026-10-02 14:30:23","level":"\u001b[32minfo\u001b[39m","context":"RouterExplorer","method":"N/A","correlationId":"N/A","message":"Mapped {/devise/:id, GET} route"}
{"timestamp":"2026-10-02 14:30:23","level":"\u001b[32minfo\u001b[39m","context":"RouterExplorer","method":"N/A","correlationId":"N/A","message":"Mapped {/devise, POST} route"}
{"timestamp":"2026-10-02 14:30:23","level":"\u001b[32minfo\u001b[39m","context":"RouterExplorer","method":"N/A","correlationId":"N/A","message":"Mapped {/devise/:id, PUT} route"}
{"timestamp":"2026-10-02 14:30:23","level":"\u001b[32minfo\u001b[39m","context":"RouterExplorer","method":"N/A","correlationId":"N/A","message":"Mapped {/devise/:id, DELETE} route"}
{"timestamp":"2026-10-02 14:30:23","level":"\u001b[32minfo\u001b[39m","context":"RoutesResolver","method":"N/A","correlationId":"N/A","message":"DomaineActiviteController {/domaines-activite}:"}
{"timestamp":"2026-10-02 14:30:23","level":"\u001b[32minfo\u001b[39m","context":"RouterExplorer","method":"N/A","correlationId":"N/A","message":"Mapped {/domaines-activite, GET} route"}
{"timestamp":"2026-10-02 14:30:23","level":"\u001b[32minfo\u001b[39m","context":"RouterExplorer","method":"N/A","correlationId":"N/A","message":"Mapped {/domaines-activite/:id, GET} route"}
{"timestamp":"2026-10-02 14:30:23","level":"\u001b[32minfo\u001b[39m","context":"RouterExplorer","method":"N/A","correlationId":"N/A","message":"Mapped {/domaines-activite, POST} route"}
{"timestamp":"2026-10-02 14:30:23","level":"\u001b[32minfo\u001b[39m","context":"RouterExplorer","method":"N/A","correlationId":"N/A","message":"Mapped {/domaines-activite/:id, PUT} route"}
{"timestamp":"2026-10-02 14:30:23","level":"\u001b[32minfo\u001b[39m","context":"RouterExplorer","method":"N/A","correlationId":"N/A","message":"Mapped {/domaines-activite/:id, DELETE} route"}
{"timestamp":"2026-10-02 14:30:23","level":"\u001b[32minfo\u001b[39m","context":"RoutesResolver","method":"N/A","correlationId":"N/A","message":"CampagneController {/campagnes}:"}
{"timestamp":"2026-10-02 14:30:23","level":"\u001b[32minfo\u001b[39m","context":"RouterExplorer","method":"N/A","correlationId":"N/A","message":"Mapped {/campagnes, GET} route"}
{"timestamp":"2026-10-02 14:30:23","level":"\u001b[32minfo\u001b[39m","context":"RouterExplorer","method":"N/A","correlationId":"N/A","message":"Mapped {/campagnes/:id, GET} route"}
{"timestamp":"2026-10-02 14:30:23","level":"\u001b[32minfo\u001b[39m","context":"RouterExplorer","method":"N/A","correlationId":"N/A","message":"Mapped {/campagnes, POST} route"}
{"timestamp":"2026-10-02 14:30:23","level":"\u001b[32minfo\u001b[39m","context":"RouterExplorer","method":"N/A","correlationId":"N/A","message":"Mapped {/campagnes/:id, PUT} route"}
{"timestamp":"2026-10-02 14:30:23","level":"\u001b[32minfo\u001b[39m","context":"RouterExplorer","method":"N/A","correlationId":"N/A","message":"Mapped {/campagnes/:id, DELETE} route"}
{"timestamp":"2026-10-02 14:30:23","level":"\u001b[32minfo\u001b[39m","context":"RoutesResolver","method":"N/A","correlationId":"N/A","message":"MouvementController {/mouvements}:"}
{"timestamp":"2026-10-02 14:30:23","level":"\u001b[32minfo\u001b[39m","context":"RouterExplorer","method":"N/A","correlationId":"N/A","message":"Mapped {/mouvements, GET} route"}
{"timestamp":"2026-10-02 14:30:23","level":"\u001b[32minfo\u001b[39m","context":"RouterExplorer","method":"N/A","correlationId":"N/A","message":"Mapped {/mouvements/:id, GET} route"}
{"timestamp":"2026-10-02 14:30:23","level":"\u001b[32minfo\u001b[39m","context":"RouterExplorer","method":"N/A","correlationId":"N/A","message":"Mapped {/mouvements, POST} route"}
{"timestamp":"2026-10-02 14:30:23","level":"\u001b[32minfo\u001b[39m","context":"RouterExplorer","method":"N/A","correlationId":"N/A","message":"Mapped {/mouvements/:id, PUT} route"}
{"timestamp":"2026-10-02 14:30:23","level":"\u001b[32minfo\u001b[39m","context":"RouterExplorer","method":"N/A","correlationId":"N/A","message":"Mapped {/mouvements/:id, DELETE} route"}
{"timestamp":"2026-10-02 14:30:23","level":"\u001b[32minfo\u001b[39m","context":"RoutesResolver","method":"N/A","correlationId":"N/A","message":"CompteTypeController {/compte-types}:"}
{"timestamp":"2026-10-02 14:30:23","level":"\u001b[32minfo\u001b[39m","context":"RouterExplorer","method":"N/A","correlationId":"N/A","message":"Mapped {/compte-types, GET} route"}
{"timestamp":"2026-10-02 14:30:23","level":"\u001b[32minfo\u001b[39m","context":"RouterExplorer","method":"N/A","correlationId":"N/A","message":"Mapped {/compte-types/:id, GET} route"}
{"timestamp":"2026-10-02 14:30:23","level":"\u001b[32minfo\u001b[39m","context":"RouterExplorer","method":"N/A","correlationId":"N/A","message":"Mapped {/compte-types, POST} route"}
{"timestamp":"2026-10-02 14:30:23","level":"\u001b[32minfo\u001b[39m","context":"RouterExplorer","method":"N/A","correlationId":"N/A","message":"Mapped {/compte-types/:id, PUT} route"}
{"timestamp":"2026-10-02 14:30:23","level":"\u001b[32minfo\u001b[39m","context":"RouterExplorer","method":"N/A","correlationId":"N/A","message":"Mapped {/compte-types/:id, DELETE} route"}
{"timestamp":"2026-10-02 14:30:23","level":"\u001b[32minfo\u001b[39m","context":"RoutesResolver","method":"N/A","correlationId":"N/A","message":"NatureCessionController {/natures-cession}:"}
{"timestamp":"2026-10-02 14:30:23","level":"\u001b[32minfo\u001b[39m","context":"RouterExplorer","method":"N/A","correlationId":"N/A","message":"Mapped {/natures-cession, GET} route"}
{"timestamp":"2026-10-02 14:30:23","level":"\u001b[32minfo\u001b[39m","context":"RouterExplorer","method":"N/A","correlationId":"N/A","message":"Mapped {/natures-cession/:id, GET} route"}
{"timestamp":"2026-10-02 14:30:23","level":"\u001b[32minfo\u001b[39m","context":"RouterExplorer","method":"N/A","correlationId":"N/A","message":"Mapped {/natures-cession, POST} route"}
{"timestamp":"2026-10-02 14:30:23","level":"\u001b[32minfo\u001b[39m","context":"RouterExplorer","method":"N/A","correlationId":"N/A","message":"Mapped {/natures-cession/:id, PUT} route"}
{"timestamp":"2026-10-02 14:30:23","level":"\u001b[32minfo\u001b[39m","context":"RouterExplorer","method":"N/A","correlationId":"N/A","message":"Mapped {/natures-cession/:id, DELETE} route"}
{"timestamp":"2026-10-02 14:30:23","level":"\u001b[32minfo\u001b[39m","context":"RoutesResolver","method":"N/A","correlationId":"N/A","message":"RegionController {/regions}:"}
{"timestamp":"2026-10-02 14:30:23","level":"\u001b[32minfo\u001b[39m","context":"RouterExplorer","method":"N/A","correlationId":"N/A","message":"Mapped {/regions, GET} route"}
{"timestamp":"2026-10-02 14:30:23","level":"\u001b[32minfo\u001b[39m","context":"RouterExplorer","method":"N/A","correlationId":"N/A","message":"Mapped {/regions/:id, GET} route"}
{"timestamp":"2026-10-02 14:30:23","level":"\u001b[32minfo\u001b[39m","context":"RouterExplorer","method":"N/A","correlationId":"N/A","message":"Mapped {/regions, POST} route"}
{"timestamp":"2026-10-02 14:30:23","level":"\u001b[32minfo\u001b[39m","context":"RouterExplorer","method":"N/A","correlationId":"N/A","message":"Mapped {/regions/:id, PUT} route"}
{"timestamp":"2026-10-02 14:30:23","level":"\u001b[32minfo\u001b[39m","context":"RouterExplorer","method":"N/A","correlationId":"N/A","message":"Mapped {/regions/:id, DELETE} route"}
{"timestamp":"2026-10-02 14:30:23","level":"\u001b[32minfo\u001b[39m","context":"RoutesResolver","method":"N/A","correlationId":"N/A","message":"PaysController {/pays}:"}
{"timestamp":"2026-10-02 14:30:23","level":"\u001b[32minfo\u001b[39m","context":"RouterExplorer","method":"N/A","correlationId":"N/A","message":"Mapped {/pays, GET} route"}
{"timestamp":"2026-10-02 14:30:23","level":"\u001b[32minfo\u001b[39m","context":"RouterExplorer","method":"N/A","correlationId":"N/A","message":"Mapped {/pays/:id, GET} route"}
{"timestamp":"2026-10-02 14:30:23","level":"\u001b[32minfo\u001b[39m","context":"RouterExplorer","method":"N/A","correlationId":"N/A","message":"Mapped {/pays, POST} route"}
{"timestamp":"2026-10-02 14:30:23","level":"\u001b[32minfo\u001b[39m","context":"RouterExplorer","method":"N/A","correlationId":"N/A","message":"Mapped {/pays/:id, PUT} route"}
{"timestamp":"2026-10-02 14:30:23","level":"\u001b[32minfo\u001b[39m","context":"RouterExplorer","method":"N/A","correlationId":"N/A","message":"Mapped {/pays/:id, DELETE} route"}
{"timestamp":"2026-10-02 14:30:23","level":"\u001b[32minfo\u001b[39m","context":"RoutesResolver","method":"N/A","correlationId":"N/A","message":"ActeurController {/acteurs}:"}
{"timestamp":"2026-10-02 14:30:23","level":"\u001b[32minfo\u001b[39m","context":"RouterExplorer","method":"N/A","correlationId":"N/A","message":"Mapped {/acteurs, GET} route"}
{"timestamp":"2026-10-02 14:30:23","level":"\u001b[32minfo\u001b[39m","context":"RouterExplorer","method":"N/A","correlationId":"N/A","message":"Mapped {/acteurs/:id, GET} route"}
{"timestamp":"2026-10-02 14:30:23","level":"\u001b[32minfo\u001b[39m","context":"RouterExplorer","method":"N/A","correlationId":"N/A","message":"Mapped {/acteurs, POST} route"}
{"timestamp":"2026-10-02 14:30:23","level":"\u001b[32minfo\u001b[39m","context":"RouterExplorer","method":"N/A","correlationId":"N/A","message":"Mapped {/acteurs/:id, PUT} route"}
{"timestamp":"2026-10-02 14:30:23","level":"\u001b[32minfo\u001b[39m","context":"RouterExplorer","method":"N/A","correlationId":"N/A","message":"Mapped {/acteurs/:id, DELETE} route"}
{"timestamp":"2026-10-02 14:30:23","level":"\u001b[32minfo\u001b[39m","context":"RoutesResolver","method":"N/A","correlationId":"N/A","message":"AssureController {/assures}:"}
{"timestamp":"2026-10-02 14:30:23","level":"\u001b[32minfo\u001b[39m","context":"RouterExplorer","method":"N/A","correlationId":"N/A","message":"Mapped {/assures, GET} route"}
{"timestamp":"2026-10-02 14:30:23","level":"\u001b[32minfo\u001b[39m","context":"RouterExplorer","method":"N/A","correlationId":"N/A","message":"Mapped {/assures/:id, GET} route"}
{"timestamp":"2026-10-02 14:30:23","level":"\u001b[32minfo\u001b[39m","context":"RouterExplorer","method":"N/A","correlationId":"N/A","message":"Mapped {/assures, POST} route"}
{"timestamp":"2026-10-02 14:30:23","level":"\u001b[32minfo\u001b[39m","context":"RouterExplorer","method":"N/A","correlationId":"N/A","message":"Mapped {/assures/:id, PUT} route"}
{"timestamp":"2026-10-02 14:30:23","level":"\u001b[32minfo\u001b[39m","context":"RouterExplorer","method":"N/A","correlationId":"N/A","message":"Mapped {/assures/:id, DELETE} route"}
{"timestamp":"2026-10-02 14:30:23","level":"\u001b[32minfo\u001b[39m","context":"RoutesResolver","method":"N/A","correlationId":"N/A","message":"ContactController {/contacts}:"}
{"timestamp":"2026-10-02 14:30:23","level":"\u001b[32minfo\u001b[39m","context":"RouterExplorer","method":"N/A","correlationId":"N/A","message":"Mapped {/contacts, GET} route"}
{"timestamp":"2026-10-02 14:30:23","level":"\u001b[32minfo\u001b[39m","context":"RouterExplorer","method":"N/A","correlationId":"N/A","message":"Mapped {/contacts/:id, GET} route"}
{"timestamp":"2026-10-02 14:30:23","level":"\u001b[32minfo\u001b[39m","context":"RouterExplorer","method":"N/A","correlationId":"N/A","message":"Mapped {/contacts, POST} route"}
{"timestamp":"2026-10-02 14:30:23","level":"\u001b[32minfo\u001b[39m","context":"RouterExplorer","method":"N/A","correlationId":"N/A","message":"Mapped {/contacts/:id, PUT} route"}
{"timestamp":"2026-10-02 14:30:23","level":"\u001b[32minfo\u001b[39m","context":"RouterExplorer","method":"N/A","correlationId":"N/A","message":"Mapped {/contacts/:id, DELETE} route"}
{"timestamp":"2026-10-02 14:30:23","level":"\u001b[32minfo\u001b[39m","context":"RoutesResolver","method":"N/A","correlationId":"N/A","message":"PoliceController {/polices}:"}
{"timestamp":"2026-10-02 14:30:23","level":"\u001b[32minfo\u001b[39m","context":"RouterExplorer","method":"N/A","correlationId":"N/A","message":"Mapped {/polices, GET} route"}
{"timestamp":"2026-10-02 14:30:23","level":"\u001b[32minfo\u001b[39m","context":"RouterExplorer","method":"N/A","correlationId":"N/A","message":"Mapped {/polices/:id, GET} route"}
{"timestamp":"2026-10-02 14:30:23","level":"\u001b[32minfo\u001b[39m","context":"RouterExplorer","method":"N/A","correlationId":"N/A","message":"Mapped {/polices, POST} route"}
{"timestamp":"2026-10-02 14:30:23","level":"\u001b[32minfo\u001b[39m","context":"RouterExplorer","method":"N/A","correlationId":"N/A","message":"Mapped {/polices/:id, PUT} route"}
{"timestamp":"2026-10-02 14:30:23","level":"\u001b[32minfo\u001b[39m","context":"RouterExplorer","method":"N/A","correlationId":"N/A","message":"Mapped {/polices/:id, DELETE} route"}
{"timestamp":"2026-10-02 14:30:23","level":"\u001b[32minfo\u001b[39m","context":"RoutesResolver","method":"N/A","correlationId":"N/A","message":"QuittanceController {/quittances}:"}
{"timestamp":"2026-10-02 14:30:23","level":"\u001b[32minfo\u001b[39m","context":"RouterExplorer","method":"N/A","correlationId":"N/A","message":"Mapped {/quittances, GET} route"}
{"timestamp":"2026-10-02 14:30:23","level":"\u001b[32minfo\u001b[39m","context":"RouterExplorer","method":"N/A","correlationId":"N/A","message":"Mapped {/quittances/:id, GET} route"}
{"timestamp":"2026-10-02 14:30:23","level":"\u001b[32minfo\u001b[39m","context":"RouterExplorer","method":"N/A","correlationId":"N/A","message":"Mapped {/quittances, POST} route"}
{"timestamp":"2026-10-02 14:30:23","level":"\u001b[32minfo\u001b[39m","context":"RouterExplorer","method":"N/A","correlationId":"N/A","message":"Mapped {/quittances/:id, PUT} route"}
{"timestamp":"2026-10-02 14:30:23","level":"\u001b[32minfo\u001b[39m","context":"RouterExplorer","method":"N/A","correlationId":"N/A","message":"Mapped {/quittances/:id/annuler, PATCH} route"}
{"timestamp":"2026-10-02 14:30:23","level":"\u001b[32minfo\u001b[39m","context":"RouterExplorer","method":"N/A","correlationId":"N/A","message":"Mapped {/quittances/:id, DELETE} route"}
{"timestamp":"2026-10-02 14:30:23","level":"\u001b[32minfo\u001b[39m","context":"RoutesResolver","method":"N/A","correlationId":"N/A","message":"QuittanceCessionController {/quittances-cession}:"}
{"timestamp":"2026-10-02 14:30:23","level":"\u001b[32minfo\u001b[39m","context":"RouterExplorer","method":"N/A","correlationId":"N/A","message":"Mapped {/quittances-cession, GET} route"}
{"timestamp":"2026-10-02 14:30:23","level":"\u001b[32minfo\u001b[39m","context":"RouterExplorer","method":"N/A","correlationId":"N/A","message":"Mapped {/quittances-cession/:id, GET} route"}
{"timestamp":"2026-10-02 14:30:23","level":"\u001b[32minfo\u001b[39m","context":"RouterExplorer","method":"N/A","correlationId":"N/A","message":"Mapped {/quittances-cession, POST} route"}
{"timestamp":"2026-10-02 14:30:23","level":"\u001b[32minfo\u001b[39m","context":"RouterExplorer","method":"N/A","correlationId":"N/A","message":"Mapped {/quittances-cession/:id, PUT} route"}
{"timestamp":"2026-10-02 14:30:23","level":"\u001b[32minfo\u001b[39m","context":"RouterExplorer","method":"N/A","correlationId":"N/A","message":"Mapped {/quittances-cession/:id, DELETE} route"}
{"timestamp":"2026-10-02 14:30:23","level":"\u001b[32minfo\u001b[39m","context":"RoutesResolver","method":"N/A","correlationId":"N/A","message":"EcheancePmdController {/echeances-pmd}:"}
{"timestamp":"2026-10-02 14:30:23","level":"\u001b[32minfo\u001b[39m","context":"RouterExplorer","method":"N/A","correlationId":"N/A","message":"Mapped {/echeances-pmd, GET} route"}
{"timestamp":"2026-10-02 14:30:23","level":"\u001b[32minfo\u001b[39m","context":"RouterExplorer","method":"N/A","correlationId":"N/A","message":"Mapped {/echeances-pmd/:id, GET} route"}
{"timestamp":"2026-10-02 14:30:23","level":"\u001b[32minfo\u001b[39m","context":"RouterExplorer","method":"N/A","correlationId":"N/A","message":"Mapped {/echeances-pmd, POST} route"}
{"timestamp":"2026-10-02 14:30:23","level":"\u001b[32minfo\u001b[39m","context":"RouterExplorer","method":"N/A","correlationId":"N/A","message":"Mapped {/echeances-pmd/:id, PUT} route"}
{"timestamp":"2026-10-02 14:30:23","level":"\u001b[32minfo\u001b[39m","context":"RouterExplorer","method":"N/A","correlationId":"N/A","message":"Mapped {/echeances-pmd/:id, DELETE} route"}
{"timestamp":"2026-10-02 14:30:23","level":"\u001b[32minfo\u001b[39m","context":"RoutesResolver","method":"N/A","correlationId":"N/A","message":"BordereauController {/bordereaux}:"}
{"timestamp":"2026-10-02 14:30:23","level":"\u001b[32minfo\u001b[39m","context":"RouterExplorer","method":"N/A","correlationId":"N/A","message":"Mapped {/bordereaux, GET} route"}
{"timestamp":"2026-10-02 14:30:23","level":"\u001b[32minfo\u001b[39m","context":"RouterExplorer","method":"N/A","correlationId":"N/A","message":"Mapped {/bordereaux/:id, GET} route"}
{"timestamp":"2026-10-02 14:30:23","level":"\u001b[32minfo\u001b[39m","context":"RouterExplorer","method":"N/A","correlationId":"N/A","message":"Mapped {/bordereaux, POST} route"}
{"timestamp":"2026-10-02 14:30:23","level":"\u001b[32minfo\u001b[39m","context":"RouterExplorer","method":"N/A","correlationId":"N/A","message":"Mapped {/bordereaux/:id, PUT} route"}
{"timestamp":"2026-10-02 14:30:23","level":"\u001b[32minfo\u001b[39m","context":"RouterExplorer","method":"N/A","correlationId":"N/A","message":"Mapped {/bordereaux/:id, DELETE} route"}
{"timestamp":"2026-10-02 14:30:23","level":"\u001b[32minfo\u001b[39m","context":"RoutesResolver","method":"N/A","correlationId":"N/A","message":"CompteTraiteController {/comptes-traite}:"}
{"timestamp":"2026-10-02 14:30:23","level":"\u001b[32minfo\u001b[39m","context":"RouterExplorer","method":"N/A","correlationId":"N/A","message":"Mapped {/comptes-traite, GET} route"}
{"timestamp":"2026-10-02 14:30:23","level":"\u001b[32minfo\u001b[39m","context":"RouterExplorer","method":"N/A","correlationId":"N/A","message":"Mapped {/comptes-traite/:id, GET} route"}
{"timestamp":"2026-10-02 14:30:23","level":"\u001b[32minfo\u001b[39m","context":"RouterExplorer","method":"N/A","correlationId":"N/A","message":"Mapped {/comptes-traite, POST} route"}
{"timestamp":"2026-10-02 14:30:23","level":"\u001b[32minfo\u001b[39m","context":"RouterExplorer","method":"N/A","correlationId":"N/A","message":"Mapped {/comptes-traite/:id, PUT} route"}
{"timestamp":"2026-10-02 14:30:23","level":"\u001b[32minfo\u001b[39m","context":"RouterExplorer","method":"N/A","correlationId":"N/A","message":"Mapped {/comptes-traite/:id, DELETE} route"}
{"timestamp":"2026-10-02 14:30:23","level":"\u001b[32minfo\u001b[39m","context":"RoutesResolver","method":"N/A","correlationId":"N/A","message":"NoteDebitCreditController {/notes-debit-credit}:"}
{"timestamp":"2026-10-02 14:30:23","level":"\u001b[32minfo\u001b[39m","context":"RouterExplorer","method":"N/A","correlationId":"N/A","message":"Mapped {/notes-debit-credit, GET} route"}
{"timestamp":"2026-10-02 14:30:23","level":"\u001b[32minfo\u001b[39m","context":"RouterExplorer","method":"N/A","correlationId":"N/A","message":"Mapped {/notes-debit-credit/:id, GET} route"}
{"timestamp":"2026-10-02 14:30:23","level":"\u001b[32minfo\u001b[39m","context":"RouterExplorer","method":"N/A","correlationId":"N/A","message":"Mapped {/notes-debit-credit, POST} route"}
{"timestamp":"2026-10-02 14:30:23","level":"\u001b[32minfo\u001b[39m","context":"RouterExplorer","method":"N/A","correlationId":"N/A","message":"Mapped {/notes-debit-credit/:id, PUT} route"}
{"timestamp":"2026-10-02 14:30:23","level":"\u001b[32minfo\u001b[39m","context":"RouterExplorer","method":"N/A","correlationId":"N/A","message":"Mapped {/notes-debit-credit/:id, DELETE} route"}
{"timestamp":"2026-10-02 14:30:23","level":"\u001b[32minfo\u001b[39m","context":"RoutesResolver","method":"N/A","correlationId":"N/A","message":"ReglementController {/reglements}:"}
{"timestamp":"2026-10-02 14:30:23","level":"\u001b[32minfo\u001b[39m","context":"RouterExplorer","method":"N/A","correlationId":"N/A","message":"Mapped {/reglements, GET} route"}
{"timestamp":"2026-10-02 14:30:23","level":"\u001b[32minfo\u001b[39m","context":"RouterExplorer","method":"N/A","correlationId":"N/A","message":"Mapped {/reglements/:id, GET} route"}
{"timestamp":"2026-10-02 14:30:23","level":"\u001b[32minfo\u001b[39m","context":"RouterExplorer","method":"N/A","correlationId":"N/A","message":"Mapped {/reglements, POST} route"}
{"timestamp":"2026-10-02 14:30:23","level":"\u001b[32minfo\u001b[39m","context":"RouterExplorer","method":"N/A","correlationId":"N/A","message":"Mapped {/reglements/:id, PUT} route"}
{"timestamp":"2026-10-02 14:30:23","level":"\u001b[32minfo\u001b[39m","context":"RouterExplorer","method":"N/A","correlationId":"N/A","message":"Mapped {/reglements/:id, DELETE} route"}
{"timestamp":"2026-10-02 14:30:23","level":"\u001b[32minfo\u001b[39m","context":"RoutesResolver","method":"N/A","correlationId":"N/A","message":"SinistreStatutController {/sinistre-statuts}:"}
{"timestamp":"2026-10-02 14:30:23","level":"\u001b[32minfo\u001b[39m","context":"RouterExplorer","method":"N/A","correlationId":"N/A","message":"Mapped {/sinistre-statuts, GET} route"}
{"timestamp":"2026-10-02 14:30:23","level":"\u001b[32minfo\u001b[39m","context":"RouterExplorer","method":"N/A","correlationId":"N/A","message":"Mapped {/sinistre-statuts/:id, GET} route"}
{"timestamp":"2026-10-02 14:30:23","level":"\u001b[32minfo\u001b[39m","context":"RouterExplorer","method":"N/A","correlationId":"N/A","message":"Mapped {/sinistre-statuts, POST} route"}
{"timestamp":"2026-10-02 14:30:23","level":"\u001b[32minfo\u001b[39m","context":"RouterExplorer","method":"N/A","correlationId":"N/A","message":"Mapped {/sinistre-statuts/:id, PUT} route"}
{"timestamp":"2026-10-02 14:30:23","level":"\u001b[32minfo\u001b[39m","context":"RouterExplorer","method":"N/A","correlationId":"N/A","message":"Mapped {/sinistre-statuts/:id, DELETE} route"}
{"timestamp":"2026-10-02 14:30:23","level":"\u001b[32minfo\u001b[39m","context":"RoutesResolver","method":"N/A","correlationId":"N/A","message":"SinistreTypeEvaluationController {/sinistres-types-evaluation}:"}
{"timestamp":"2026-10-02 14:30:23","level":"\u001b[32minfo\u001b[39m","context":"RouterExplorer","method":"N/A","correlationId":"N/A","message":"Mapped {/sinistres-types-evaluation, GET} route"}
{"timestamp":"2026-10-02 14:30:23","level":"\u001b[32minfo\u001b[39m","context":"RouterExplorer","method":"N/A","correlationId":"N/A","message":"Mapped {/sinistres-types-evaluation/:id, GET} route"}
{"timestamp":"2026-10-02 14:30:23","level":"\u001b[32minfo\u001b[39m","context":"RouterExplorer","method":"N/A","correlationId":"N/A","message":"Mapped {/sinistres-types-evaluation, POST} route"}
{"timestamp":"2026-10-02 14:30:23","level":"\u001b[32minfo\u001b[39m","context":"RouterExplorer","method":"N/A","correlationId":"N/A","message":"Mapped {/sinistres-types-evaluation/:id, PUT} route"}
{"timestamp":"2026-10-02 14:30:23","level":"\u001b[32minfo\u001b[39m","context":"RouterExplorer","method":"N/A","correlationId":"N/A","message":"Mapped {/sinistres-types-evaluation/:id, DELETE} route"}
{"timestamp":"2026-10-02 14:30:23","level":"\u001b[32minfo\u001b[39m","context":"RoutesResolver","method":"N/A","correlationId":"N/A","message":"SinistreController {/sinistre}:"}
{"timestamp":"2026-10-02 14:30:23","level":"\u001b[32minfo\u001b[39m","context":"RouterExplorer","method":"N/A","correlationId":"N/A","message":"Mapped {/sinistre, GET} route"}
{"timestamp":"2026-10-02 14:30:23","level":"\u001b[32minfo\u001b[39m","context":"RouterExplorer","method":"N/A","correlationId":"N/A","message":"Mapped {/sinistre/:id, GET} route"}
{"timestamp":"2026-10-02 14:30:23","level":"\u001b[32minfo\u001b[39m","context":"RouterExplorer","method":"N/A","correlationId":"N/A","message":"Mapped {/sinistre, POST} route"}
{"timestamp":"2026-10-02 14:30:23","level":"\u001b[32minfo\u001b[39m","context":"RouterExplorer","method":"N/A","correlationId":"N/A","message":"Mapped {/sinistre/:id, PUT} route"}
{"timestamp":"2026-10-02 14:30:23","level":"\u001b[32minfo\u001b[39m","context":"RouterExplorer","method":"N/A","correlationId":"N/A","message":"Mapped {/sinistre/:id, DELETE} route"}
{"timestamp":"2026-10-02 14:30:23","level":"\u001b[32minfo\u001b[39m","context":"RoutesResolver","method":"N/A","correlationId":"N/A","message":"SinistreEvaluationController {/sinistres-evaluations}:"}
{"timestamp":"2026-10-02 14:30:23","level":"\u001b[32minfo\u001b[39m","context":"RouterExplorer","method":"N/A","correlationId":"N/A","message":"Mapped {/sinistres-evaluations, GET} route"}
{"timestamp":"2026-10-02 14:30:23","level":"\u001b[32minfo\u001b[39m","context":"RouterExplorer","method":"N/A","correlationId":"N/A","message":"Mapped {/sinistres-evaluations/:id, GET} route"}
{"timestamp":"2026-10-02 14:30:23","level":"\u001b[32minfo\u001b[39m","context":"RouterExplorer","method":"N/A","correlationId":"N/A","message":"Mapped {/sinistres-evaluations, POST} route"}
{"timestamp":"2026-10-02 14:30:23","level":"\u001b[32minfo\u001b[39m","context":"RouterExplorer","method":"N/A","correlationId":"N/A","message":"Mapped {/sinistres-evaluations/:id, PUT} route"}
{"timestamp":"2026-10-02 14:30:23","level":"\u001b[32minfo\u001b[39m","context":"RouterExplorer","method":"N/A","correlationId":"N/A","message":"Mapped {/sinistres-evaluations/:id, DELETE} route"}
{"timestamp":"2026-10-02 14:30:23","level":"\u001b[32minfo\u001b[39m","context":"RoutesResolver","method":"N/A","correlationId":"N/A","message":"SinistreReglementController {/sinistres-reglements}:"}
{"timestamp":"2026-10-02 14:30:23","level":"\u001b[32minfo\u001b[39m","context":"RouterExplorer","method":"N/A","correlationId":"N/A","message":"Mapped {/sinistres-reglements, GET} route"}
{"timestamp":"2026-10-02 14:30:23","level":"\u001b[32minfo\u001b[39m","context":"RouterExplorer","method":"N/A","correlationId":"N/A","message":"Mapped {/sinistres-reglements/:id, GET} route"}
{"timestamp":"2026-10-02 14:30:23","level":"\u001b[32minfo\u001b[39m","context":"RouterExplorer","method":"N/A","correlationId":"N/A","message":"Mapped {/sinistres-reglements, POST} route"}
{"timestamp":"2026-10-02 14:30:23","level":"\u001b[32minfo\u001b[39m","context":"RouterExplorer","method":"N/A","correlationId":"N/A","message":"Mapped {/sinistres-reglements/:id, PUT} route"}
{"timestamp":"2026-10-02 14:30:23","level":"\u001b[32minfo\u001b[39m","context":"RouterExplorer","method":"N/A","correlationId":"N/A","message":"Mapped {/sinistres-reglements/:id, DELETE} route"}
{"timestamp":"2026-10-02 14:30:23","level":"\u001b[32minfo\u001b[39m","context":"NestApplication","method":"N/A","correlationId":"N/A","message":"Nest application successfully started"}
{"timestamp":"2026-10-02 14:30:49","level":"\u001b[32minfo\u001b[39m","context":"NestFactory","method":"N/A","correlationId":"N/A","message":"Starting Nest application..."}
{"timestamp":"2026-10-02 14:30:49","level":"\u001b[32minfo\u001b[39m","context":"InstanceLoader","method":"N/A","correlationId":"N/A","message":"TypeOrmModule dependencies initialized"}
{"timestamp":"2026-10-02 14:30:49","level":"\u001b[32minfo\u001b[39m","context":"InstanceLoader","method":"N/A","correlationId":"N/A","message":"ClsModule dependencies initialized"}
{"timestamp":"2026-10-02 14:30:49","level":"\u001b[32minfo\u001b[39m","context":"InstanceLoader","method":"N/A","correlationId":"N/A","message":"ClsCommonModule dependencies initialized"}
{"timestamp":"2026-10-02 14:30:49","level":"\u001b[32minfo\u001b[39m","context":"InstanceLoader","method":"N/A","correlationId":"N/A","message":"ClsModule dependencies initialized"}
{"timestamp":"2026-10-02 14:30:49","level":"\u001b[32minfo\u001b[39m","context":"InstanceLoader","method":"N/A","correlationId":"N/A","message":"ConfigHostModule dependencies initialized"}
{"timestamp":"2026-10-02 14:30:49","level":"\u001b[32minfo\u001b[39m","context":"InstanceLoader","method":"N/A","correlationId":"N/A","message":"DiscoveryModule dependencies initialized"}
{"timestamp":"2026-10-02 14:30:49","level":"\u001b[32minfo\u001b[39m","context":"InstanceLoader","method":"N/A","correlationId":"N/A","message":"ClsRootModule dependencies initialized"}
{"timestamp":"2026-10-02 14:30:49","level":"\u001b[32minfo\u001b[39m","context":"InstanceLoader","method":"N/A","correlationId":"N/A","message":"AppModule dependencies initialized"}
{"timestamp":"2026-10-02 14:30:49","level":"\u001b[32minfo\u001b[39m","context":"InstanceLoader","method":"N/A","correlationId":"N/A","message":"ConfigModule dependencies initialized"}
{"timestamp":"2026-10-02 14:30:49","level":"\u001b[32minfo\u001b[39m","context":"InstanceLoader","method":"N/A","correlationId":"N/A","message":"ClsPluginsModule dependencies initialized"}
{"timestamp":"2026-10-02 14:30:49","level":"\u001b[32minfo\u001b[39m","context":"InstanceLoader","method":"N/A","correlationId":"N/A","message":"TypeOrmCoreModule dependencies initialized"}
{"timestamp":"2026-10-02 14:30:49","level":"\u001b[32minfo\u001b[39m","context":"InstanceLoader","method":"N/A","correlationId":"N/A","message":"TypeOrmModule dependencies initialized"}
{"timestamp":"2026-10-02 14:30:49","level":"\u001b[32minfo\u001b[39m","context":"InstanceLoader","method":"N/A","correlationId":"N/A","message":"TypeOrmModule dependencies initialized"}
{"timestamp":"2026-10-02 14:30:49","level":"\u001b[32minfo\u001b[39m","context":"InstanceLoader","method":"N/A","correlationId":"N/A","message":"TypeOrmModule dependencies initialized"}
{"timestamp":"2026-10-02 14:30:49","level":"\u001b[32minfo\u001b[39m","context":"InstanceLoader","method":"N/A","correlationId":"N/A","message":"TypeOrmModule dependencies initialized"}
{"timestamp":"2026-10-02 14:30:49","level":"\u001b[32minfo\u001b[39m","context":"InstanceLoader","method":"N/A","correlationId":"N/A","message":"TypeOrmModule dependencies initialized"}
{"timestamp":"2026-10-02 14:30:49","level":"\u001b[32minfo\u001b[39m","context":"InstanceLoader","method":"N/A","correlationId":"N/A","message":"TypeOrmModule dependencies initialized"}
{"timestamp":"2026-10-02 14:30:49","level":"\u001b[32minfo\u001b[39m","context":"InstanceLoader","method":"N/A","correlationId":"N/A","message":"ClsPluginModule dependencies initialized"}
{"timestamp":"2026-10-02 14:30:49","level":"\u001b[32minfo\u001b[39m","context":"InstanceLoader","method":"N/A","correlationId":"N/A","message":"ActeursModule dependencies initialized"}
{"timestamp":"2026-10-02 14:30:49","level":"\u001b[32minfo\u001b[39m","context":"InstanceLoader","method":"N/A","correlationId":"N/A","message":"ReferentielModule dependencies initialized"}
{"timestamp":"2026-10-02 14:30:49","level":"\u001b[32minfo\u001b[39m","context":"InstanceLoader","method":"N/A","correlationId":"N/A","message":"PolicesModule dependencies initialized"}
{"timestamp":"2026-10-02 14:30:49","level":"\u001b[32minfo\u001b[39m","context":"InstanceLoader","method":"N/A","correlationId":"N/A","message":"FluxFinancierModule dependencies initialized"}
{"timestamp":"2026-10-02 14:30:49","level":"\u001b[32minfo\u001b[39m","context":"InstanceLoader","method":"N/A","correlationId":"N/A","message":"SinistresModule dependencies initialized"}
{"timestamp":"2026-10-02 14:30:49","level":"\u001b[32minfo\u001b[39m","context":"InstanceLoader","method":"N/A","correlationId":"N/A","message":"QuittancesModule dependencies initialized"}
{"timestamp":"2026-10-02 14:30:49","level":"\u001b[32minfo\u001b[39m","context":"RoutesResolver","method":"N/A","correlationId":"N/A","message":"BrancheController {/branches}:"}
{"timestamp":"2026-10-02 14:30:49","level":"\u001b[32minfo\u001b[39m","context":"RouterExplorer","method":"N/A","correlationId":"N/A","message":"Mapped {/branches, GET} route"}
{"timestamp":"2026-10-02 14:30:49","level":"\u001b[32minfo\u001b[39m","context":"RouterExplorer","method":"N/A","correlationId":"N/A","message":"Mapped {/branches/:id, GET} route"}
{"timestamp":"2026-10-02 14:30:49","level":"\u001b[32minfo\u001b[39m","context":"RouterExplorer","method":"N/A","correlationId":"N/A","message":"Mapped {/branches, POST} route"}
{"timestamp":"2026-10-02 14:30:49","level":"\u001b[32minfo\u001b[39m","context":"RouterExplorer","method":"N/A","correlationId":"N/A","message":"Mapped {/branches/:id, PUT} route"}
{"timestamp":"2026-10-02 14:30:49","level":"\u001b[32minfo\u001b[39m","context":"RouterExplorer","method":"N/A","correlationId":"N/A","message":"Mapped {/branches/:id, DELETE} route"}
{"timestamp":"2026-10-02 14:30:49","level":"\u001b[32minfo\u001b[39m","context":"RoutesResolver","method":"N/A","correlationId":"N/A","message":"SousBrancheController {/sous-branches}:"}
{"timestamp":"2026-10-02 14:30:49","level":"\u001b[32minfo\u001b[39m","context":"RouterExplorer","method":"N/A","correlationId":"N/A","message":"Mapped {/sous-branches, GET} route"}
{"timestamp":"2026-10-02 14:30:49","level":"\u001b[32minfo\u001b[39m","context":"RouterExplorer","method":"N/A","correlationId":"N/A","message":"Mapped {/sous-branches/:id, GET} route"}
{"timestamp":"2026-10-02 14:30:49","level":"\u001b[32minfo\u001b[39m","context":"RouterExplorer","method":"N/A","correlationId":"N/A","message":"Mapped {/sous-branches, POST} route"}
{"timestamp":"2026-10-02 14:30:49","level":"\u001b[32minfo\u001b[39m","context":"RouterExplorer","method":"N/A","correlationId":"N/A","message":"Mapped {/sous-branches/:id, PUT} route"}
{"timestamp":"2026-10-02 14:30:49","level":"\u001b[32minfo\u001b[39m","context":"RouterExplorer","method":"N/A","correlationId":"N/A","message":"Mapped {/sous-branches/:id, DELETE} route"}
{"timestamp":"2026-10-02 14:30:49","level":"\u001b[32minfo\u001b[39m","context":"RoutesResolver","method":"N/A","correlationId":"N/A","message":"DeviseController {/devise}:"}
{"timestamp":"2026-10-02 14:30:49","level":"\u001b[32minfo\u001b[39m","context":"RouterExplorer","method":"N/A","correlationId":"N/A","message":"Mapped {/devise, GET} route"}
{"timestamp":"2026-10-02 14:30:49","level":"\u001b[32minfo\u001b[39m","context":"RouterExplorer","method":"N/A","correlationId":"N/A","message":"Mapped {/devise/:id, GET} route"}
{"timestamp":"2026-10-02 14:30:49","level":"\u001b[32minfo\u001b[39m","context":"RouterExplorer","method":"N/A","correlationId":"N/A","message":"Mapped {/devise, POST} route"}
{"timestamp":"2026-10-02 14:30:49","level":"\u001b[32minfo\u001b[39m","context":"RouterExplorer","method":"N/A","correlationId":"N/A","message":"Mapped {/devise/:id, PUT} route"}
{"timestamp":"2026-10-02 14:30:49","level":"\u001b[32minfo\u001b[39m","context":"RouterExplorer","method":"N/A","correlationId":"N/A","message":"Mapped {/devise/:id, DELETE} route"}
{"timestamp":"2026-10-02 14:30:49","level":"\u001b[32minfo\u001b[39m","context":"RoutesResolver","method":"N/A","correlationId":"N/A","message":"DomaineActiviteController {/domaines-activite}:"}
{"timestamp":"2026-10-02 14:30:49","level":"\u001b[32minfo\u001b[39m","context":"RouterExplorer","method":"N/A","correlationId":"N/A","message":"Mapped {/domaines-activite, GET} route"}
{"timestamp":"2026-10-02 14:30:49","level":"\u001b[32minfo\u001b[39m","context":"RouterExplorer","method":"N/A","correlationId":"N/A","message":"Mapped {/domaines-activite/:id, GET} route"}
{"timestamp":"2026-10-02 14:30:49","level":"\u001b[32minfo\u001b[39m","context":"RouterExplorer","method":"N/A","correlationId":"N/A","message":"Mapped {/domaines-activite, POST} route"}
{"timestamp":"2026-10-02 14:30:49","level":"\u001b[32minfo\u001b[39m","context":"RouterExplorer","method":"N/A","correlationId":"N/A","message":"Mapped {/domaines-activite/:id, PUT} route"}
{"timestamp":"2026-10-02 14:30:49","level":"\u001b[32minfo\u001b[39m","context":"RouterExplorer","method":"N/A","correlationId":"N/A","message":"Mapped {/domaines-activite/:id, DELETE} route"}
{"timestamp":"2026-10-02 14:30:49","level":"\u001b[32minfo\u001b[39m","context":"RoutesResolver","method":"N/A","correlationId":"N/A","message":"CampagneController {/campagnes}:"}
{"timestamp":"2026-10-02 14:30:49","level":"\u001b[32minfo\u001b[39m","context":"RouterExplorer","method":"N/A","correlationId":"N/A","message":"Mapped {/campagnes, GET} route"}
{"timestamp":"2026-10-02 14:30:49","level":"\u001b[32minfo\u001b[39m","context":"RouterExplorer","method":"N/A","correlationId":"N/A","message":"Mapped {/campagnes/:id, GET} route"}
{"timestamp":"2026-10-02 14:30:49","level":"\u001b[32minfo\u001b[39m","context":"RouterExplorer","method":"N/A","correlationId":"N/A","message":"Mapped {/campagnes, POST} route"}
{"timestamp":"2026-10-02 14:30:49","level":"\u001b[32minfo\u001b[39m","context":"RouterExplorer","method":"N/A","correlationId":"N/A","message":"Mapped {/campagnes/:id, PUT} route"}
{"timestamp":"2026-10-02 14:30:49","level":"\u001b[32minfo\u001b[39m","context":"RouterExplorer","method":"N/A","correlationId":"N/A","message":"Mapped {/campagnes/:id, DELETE} route"}
{"timestamp":"2026-10-02 14:30:49","level":"\u001b[32minfo\u001b[39m","context":"RoutesResolver","method":"N/A","correlationId":"N/A","message":"MouvementController {/mouvements}:"}
{"timestamp":"2026-10-02 14:30:49","level":"\u001b[32minfo\u001b[39m","context":"RouterExplorer","method":"N/A","correlationId":"N/A","message":"Mapped {/mouvements, GET} route"}
{"timestamp":"2026-10-02 14:30:49","level":"\u001b[32minfo\u001b[39m","context":"RouterExplorer","method":"N/A","correlationId":"N/A","message":"Mapped {/mouvements/:id, GET} route"}
{"timestamp":"2026-10-02 14:30:49","level":"\u001b[32minfo\u001b[39m","context":"RouterExplorer","method":"N/A","correlationId":"N/A","message":"Mapped {/mouvements, POST} route"}
{"timestamp":"2026-10-02 14:30:49","level":"\u001b[32minfo\u001b[39m","context":"RouterExplorer","method":"N/A","correlationId":"N/A","message":"Mapped {/mouvements/:id, PUT} route"}
{"timestamp":"2026-10-02 14:30:49","level":"\u001b[32minfo\u001b[39m","context":"RouterExplorer","method":"N/A","correlationId":"N/A","message":"Mapped {/mouvements/:id, DELETE} route"}
{"timestamp":"2026-10-02 14:30:49","level":"\u001b[32minfo\u001b[39m","context":"RoutesResolver","method":"N/A","correlationId":"N/A","message":"CompteTypeController {/compte-types}:"}
{"timestamp":"2026-10-02 14:30:49","level":"\u001b[32minfo\u001b[39m","context":"RouterExplorer","method":"N/A","correlationId":"N/A","message":"Mapped {/compte-types, GET} route"}
{"timestamp":"2026-10-02 14:30:49","level":"\u001b[32minfo\u001b[39m","context":"RouterExplorer","method":"N/A","correlationId":"N/A","message":"Mapped {/compte-types/:id, GET} route"}
{"timestamp":"2026-10-02 14:30:49","level":"\u001b[32minfo\u001b[39m","context":"RouterExplorer","method":"N/A","correlationId":"N/A","message":"Mapped {/compte-types, POST} route"}
{"timestamp":"2026-10-02 14:30:49","level":"\u001b[32minfo\u001b[39m","context":"RouterExplorer","method":"N/A","correlationId":"N/A","message":"Mapped {/compte-types/:id, PUT} route"}
{"timestamp":"2026-10-02 14:30:49","level":"\u001b[32minfo\u001b[39m","context":"RouterExplorer","method":"N/A","correlationId":"N/A","message":"Mapped {/compte-types/:id, DELETE} route"}
{"timestamp":"2026-10-02 14:30:49","level":"\u001b[32minfo\u001b[39m","context":"RoutesResolver","method":"N/A","correlationId":"N/A","message":"NatureCessionController {/natures-cession}:"}
{"timestamp":"2026-10-02 14:30:49","level":"\u001b[32minfo\u001b[39m","context":"RouterExplorer","method":"N/A","correlationId":"N/A","message":"Mapped {/natures-cession, GET} route"}
{"timestamp":"2026-10-02 14:30:49","level":"\u001b[32minfo\u001b[39m","context":"RouterExplorer","method":"N/A","correlationId":"N/A","message":"Mapped {/natures-cession/:id, GET} route"}
{"timestamp":"2026-10-02 14:30:49","level":"\u001b[32minfo\u001b[39m","context":"RouterExplorer","method":"N/A","correlationId":"N/A","message":"Mapped {/natures-cession, POST} route"}
{"timestamp":"2026-10-02 14:30:49","level":"\u001b[32minfo\u001b[39m","context":"RouterExplorer","method":"N/A","correlationId":"N/A","message":"Mapped {/natures-cession/:id, PUT} route"}
{"timestamp":"2026-10-02 14:30:49","level":"\u001b[32minfo\u001b[39m","context":"RouterExplorer","method":"N/A","correlationId":"N/A","message":"Mapped {/natures-cession/:id, DELETE} route"}
{"timestamp":"2026-10-02 14:30:49","level":"\u001b[32minfo\u001b[39m","context":"RoutesResolver","method":"N/A","correlationId":"N/A","message":"RegionController {/regions}:"}
{"timestamp":"2026-10-02 14:30:49","level":"\u001b[32minfo\u001b[39m","context":"RouterExplorer","method":"N/A","correlationId":"N/A","message":"Mapped {/regions, GET} route"}
{"timestamp":"2026-10-02 14:30:49","level":"\u001b[32minfo\u001b[39m","context":"RouterExplorer","method":"N/A","correlationId":"N/A","message":"Mapped {/regions/:id, GET} route"}
{"timestamp":"2026-10-02 14:30:49","level":"\u001b[32minfo\u001b[39m","context":"RouterExplorer","method":"N/A","correlationId":"N/A","message":"Mapped {/regions, POST} route"}
{"timestamp":"2026-10-02 14:30:49","level":"\u001b[32minfo\u001b[39m","context":"RouterExplorer","method":"N/A","correlationId":"N/A","message":"Mapped {/regions/:id, PUT} route"}
{"timestamp":"2026-10-02 14:30:49","level":"\u001b[32minfo\u001b[39m","context":"RouterExplorer","method":"N/A","correlationId":"N/A","message":"Mapped {/regions/:id, DELETE} route"}
{"timestamp":"2026-10-02 14:30:49","level":"\u001b[32minfo\u001b[39m","context":"RoutesResolver","method":"N/A","correlationId":"N/A","message":"PaysController {/pays}:"}
{"timestamp":"2026-10-02 14:30:49","level":"\u001b[32minfo\u001b[39m","context":"RouterExplorer","method":"N/A","correlationId":"N/A","message":"Mapped {/pays, GET} route"}
{"timestamp":"2026-10-02 14:30:49","level":"\u001b[32minfo\u001b[39m","context":"RouterExplorer","method":"N/A","correlationId":"N/A","message":"Mapped {/pays/:id, GET} route"}
{"timestamp":"2026-10-02 14:30:49","level":"\u001b[32minfo\u001b[39m","context":"RouterExplorer","method":"N/A","correlationId":"N/A","message":"Mapped {/pays, POST} route"}
{"timestamp":"2026-10-02 14:30:49","level":"\u001b[32minfo\u001b[39m","context":"RouterExplorer","method":"N/A","correlationId":"N/A","message":"Mapped {/pays/:id, PUT} route"}
{"timestamp":"2026-10-02 14:30:49","level":"\u001b[32minfo\u001b[39m","context":"RouterExplorer","method":"N/A","correlationId":"N/A","message":"Mapped {/pays/:id, DELETE} route"}
{"timestamp":"2026-10-02 14:30:49","level":"\u001b[32minfo\u001b[39m","context":"RoutesResolver","method":"N/A","correlationId":"N/A","message":"ActeurController {/acteurs}:"}
{"timestamp":"2026-10-02 14:30:49","level":"\u001b[32minfo\u001b[39m","context":"RouterExplorer","method":"N/A","correlationId":"N/A","message":"Mapped {/acteurs, GET} route"}
{"timestamp":"2026-10-02 14:30:49","level":"\u001b[32minfo\u001b[39m","context":"RouterExplorer","method":"N/A","correlationId":"N/A","message":"Mapped {/acteurs/:id, GET} route"}
{"timestamp":"2026-10-02 14:30:49","level":"\u001b[32minfo\u001b[39m","context":"RouterExplorer","method":"N/A","correlationId":"N/A","message":"Mapped {/acteurs, POST} route"}
{"timestamp":"2026-10-02 14:30:49","level":"\u001b[32minfo\u001b[39m","context":"RouterExplorer","method":"N/A","correlationId":"N/A","message":"Mapped {/acteurs/:id, PUT} route"}
{"timestamp":"2026-10-02 14:30:49","level":"\u001b[32minfo\u001b[39m","context":"RouterExplorer","method":"N/A","correlationId":"N/A","message":"Mapped {/acteurs/:id, DELETE} route"}
{"timestamp":"2026-10-02 14:30:49","level":"\u001b[32minfo\u001b[39m","context":"RoutesResolver","method":"N/A","correlationId":"N/A","message":"AssureController {/assures}:"}
{"timestamp":"2026-10-02 14:30:49","level":"\u001b[32minfo\u001b[39m","context":"RouterExplorer","method":"N/A","correlationId":"N/A","message":"Mapped {/assures, GET} route"}
{"timestamp":"2026-10-02 14:30:49","level":"\u001b[32minfo\u001b[39m","context":"RouterExplorer","method":"N/A","correlationId":"N/A","message":"Mapped {/assures/:id, GET} route"}
{"timestamp":"2026-10-02 14:30:49","level":"\u001b[32minfo\u001b[39m","context":"RouterExplorer","method":"N/A","correlationId":"N/A","message":"Mapped {/assures, POST} route"}
{"timestamp":"2026-10-02 14:30:49","level":"\u001b[32minfo\u001b[39m","context":"RouterExplorer","method":"N/A","correlationId":"N/A","message":"Mapped {/assures/:id, PUT} route"}
{"timestamp":"2026-10-02 14:30:49","level":"\u001b[32minfo\u001b[39m","context":"RouterExplorer","method":"N/A","correlationId":"N/A","message":"Mapped {/assures/:id, DELETE} route"}
{"timestamp":"2026-10-02 14:30:49","level":"\u001b[32minfo\u001b[39m","context":"RoutesResolver","method":"N/A","correlationId":"N/A","message":"ContactController {/contacts}:"}
{"timestamp":"2026-10-02 14:30:49","level":"\u001b[32minfo\u001b[39m","context":"RouterExplorer","method":"N/A","correlationId":"N/A","message":"Mapped {/contacts, GET} route"}
{"timestamp":"2026-10-02 14:30:49","level":"\u001b[32minfo\u001b[39m","context":"RouterExplorer","method":"N/A","correlationId":"N/A","message":"Mapped {/contacts/:id, GET} route"}
{"timestamp":"2026-10-02 14:30:49","level":"\u001b[32minfo\u001b[39m","context":"RouterExplorer","method":"N/A","correlationId":"N/A","message":"Mapped {/contacts, POST} route"}
{"timestamp":"2026-10-02 14:30:49","level":"\u001b[32minfo\u001b[39m","context":"RouterExplorer","method":"N/A","correlationId":"N/A","message":"Mapped {/contacts/:id, PUT} route"}
{"timestamp":"2026-10-02 14:30:49","level":"\u001b[32minfo\u001b[39m","context":"RouterExplorer","method":"N/A","correlationId":"N/A","message":"Mapped {/contacts/:id, DELETE} route"}
{"timestamp":"2026-10-02 14:30:49","level":"\u001b[32minfo\u001b[39m","context":"RoutesResolver","method":"N/A","correlationId":"N/A","message":"PoliceController {/polices}:"}
{"timestamp":"2026-10-02 14:30:49","level":"\u001b[32minfo\u001b[39m","context":"RouterExplorer","method":"N/A","correlationId":"N/A","message":"Mapped {/polices, GET} route"}
{"timestamp":"2026-10-02 14:30:49","level":"\u001b[32minfo\u001b[39m","context":"RouterExplorer","method":"N/A","correlationId":"N/A","message":"Mapped {/polices/:id, GET} route"}
{"timestamp":"2026-10-02 14:30:49","level":"\u001b[32minfo\u001b[39m","context":"RouterExplorer","method":"N/A","correlationId":"N/A","message":"Mapped {/polices, POST} route"}
{"timestamp":"2026-10-02 14:30:49","level":"\u001b[32minfo\u001b[39m","context":"RouterExplorer","method":"N/A","correlationId":"N/A","message":"Mapped {/polices/:id, PUT} route"}
{"timestamp":"2026-10-02 14:30:49","level":"\u001b[32minfo\u001b[39m","context":"RouterExplorer","method":"N/A","correlationId":"N/A","message":"Mapped {/polices/:id, DELETE} route"}
{"timestamp":"2026-10-02 14:30:49","level":"\u001b[32minfo\u001b[39m","context":"RoutesResolver","method":"N/A","correlationId":"N/A","message":"QuittanceController {/quittances}:"}
{"timestamp":"2026-10-02 14:30:49","level":"\u001b[32minfo\u001b[39m","context":"RouterExplorer","method":"N/A","correlationId":"N/A","message":"Mapped {/quittances, GET} route"}
{"timestamp":"2026-10-02 14:30:49","level":"\u001b[32minfo\u001b[39m","context":"RouterExplorer","method":"N/A","correlationId":"N/A","message":"Mapped {/quittances/:id, GET} route"}
{"timestamp":"2026-10-02 14:30:49","level":"\u001b[32minfo\u001b[39m","context":"RouterExplorer","method":"N/A","correlationId":"N/A","message":"Mapped {/quittances, POST} route"}
{"timestamp":"2026-10-02 14:30:49","level":"\u001b[32minfo\u001b[39m","context":"RouterExplorer","method":"N/A","correlationId":"N/A","message":"Mapped {/quittances/:id, PUT} route"}
{"timestamp":"2026-10-02 14:30:49","level":"\u001b[32minfo\u001b[39m","context":"RouterExplorer","method":"N/A","correlationId":"N/A","message":"Mapped {/quittances/:id/annuler, PATCH} route"}
{"timestamp":"2026-10-02 14:30:49","level":"\u001b[32minfo\u001b[39m","context":"RouterExplorer","method":"N/A","correlationId":"N/A","message":"Mapped {/quittances/:id, DELETE} route"}
{"timestamp":"2026-10-02 14:30:49","level":"\u001b[32minfo\u001b[39m","context":"RoutesResolver","method":"N/A","correlationId":"N/A","message":"QuittanceCessionController {/quittances-cession}:"}
{"timestamp":"2026-10-02 14:30:49","level":"\u001b[32minfo\u001b[39m","context":"RouterExplorer","method":"N/A","correlationId":"N/A","message":"Mapped {/quittances-cession, GET} route"}
{"timestamp":"2026-10-02 14:30:49","level":"\u001b[32minfo\u001b[39m","context":"RouterExplorer","method":"N/A","correlationId":"N/A","message":"Mapped {/quittances-cession/:id, GET} route"}
{"timestamp":"2026-10-02 14:30:49","level":"\u001b[32minfo\u001b[39m","context":"RouterExplorer","method":"N/A","correlationId":"N/A","message":"Mapped {/quittances-cession, POST} route"}
{"timestamp":"2026-10-02 14:30:49","level":"\u001b[32minfo\u001b[39m","context":"RouterExplorer","method":"N/A","correlationId":"N/A","message":"Mapped {/quittances-cession/:id, PUT} route"}
{"timestamp":"2026-10-02 14:30:49","level":"\u001b[32minfo\u001b[39m","context":"RouterExplorer","method":"N/A","correlationId":"N/A","message":"Mapped {/quittances-cession/:id, DELETE} route"}
{"timestamp":"2026-10-02 14:30:49","level":"\u001b[32minfo\u001b[39m","context":"RoutesResolver","method":"N/A","correlationId":"N/A","message":"EcheancePmdController {/echeances-pmd}:"}
{"timestamp":"2026-10-02 14:30:49","level":"\u001b[32minfo\u001b[39m","context":"RouterExplorer","method":"N/A","correlationId":"N/A","message":"Mapped {/echeances-pmd, GET} route"}
{"timestamp":"2026-10-02 14:30:49","level":"\u001b[32minfo\u001b[39m","context":"RouterExplorer","method":"N/A","correlationId":"N/A","message":"Mapped {/echeances-pmd/:id, GET} route"}
{"timestamp":"2026-10-02 14:30:49","level":"\u001b[32minfo\u001b[39m","context":"RouterExplorer","method":"N/A","correlationId":"N/A","message":"Mapped {/echeances-pmd, POST} route"}
{"timestamp":"2026-10-02 14:30:49","level":"\u001b[32minfo\u001b[39m","context":"RouterExplorer","method":"N/A","correlationId":"N/A","message":"Mapped {/echeances-pmd/:id, PUT} route"}
{"timestamp":"2026-10-02 14:30:49","level":"\u001b[32minfo\u001b[39m","context":"RouterExplorer","method":"N/A","correlationId":"N/A","message":"Mapped {/echeances-pmd/:id, DELETE} route"}
{"timestamp":"2026-10-02 14:30:49","level":"\u001b[32minfo\u001b[39m","context":"RoutesResolver","method":"N/A","correlationId":"N/A","message":"BordereauController {/bordereaux}:"}
{"timestamp":"2026-10-02 14:30:49","level":"\u001b[32minfo\u001b[39m","context":"RouterExplorer","method":"N/A","correlationId":"N/A","message":"Mapped {/bordereaux, GET} route"}
{"timestamp":"2026-10-02 14:30:49","level":"\u001b[32minfo\u001b[39m","context":"RouterExplorer","method":"N/A","correlationId":"N/A","message":"Mapped {/bordereaux/:id, GET} route"}
{"timestamp":"2026-10-02 14:30:49","level":"\u001b[32minfo\u001b[39m","context":"RouterExplorer","method":"N/A","correlationId":"N/A","message":"Mapped {/bordereaux, POST} route"}
{"timestamp":"2026-10-02 14:30:49","level":"\u001b[32minfo\u001b[39m","context":"RouterExplorer","method":"N/A","correlationId":"N/A","message":"Mapped {/bordereaux/:id, PUT} route"}
{"timestamp":"2026-10-02 14:30:49","level":"\u001b[32minfo\u001b[39m","context":"RouterExplorer","method":"N/A","correlationId":"N/A","message":"Mapped {/bordereaux/:id, DELETE} route"}
{"timestamp":"2026-10-02 14:30:49","level":"\u001b[32minfo\u001b[39m","context":"RoutesResolver","method":"N/A","correlationId":"N/A","message":"CompteTraiteController {/comptes-traite}:"}
{"timestamp":"2026-10-02 14:30:49","level":"\u001b[32minfo\u001b[39m","context":"RouterExplorer","method":"N/A","correlationId":"N/A","message":"Mapped {/comptes-traite, GET} route"}
{"timestamp":"2026-10-02 14:30:49","level":"\u001b[32minfo\u001b[39m","context":"RouterExplorer","method":"N/A","correlationId":"N/A","message":"Mapped {/comptes-traite/:id, GET} route"}
{"timestamp":"2026-10-02 14:30:49","level":"\u001b[32minfo\u001b[39m","context":"RouterExplorer","method":"N/A","correlationId":"N/A","message":"Mapped {/comptes-traite, POST} route"}
{"timestamp":"2026-10-02 14:30:49","level":"\u001b[32minfo\u001b[39m","context":"RouterExplorer","method":"N/A","correlationId":"N/A","message":"Mapped {/comptes-traite/:id, PUT} route"}
{"timestamp":"2026-10-02 14:30:49","level":"\u001b[32minfo\u001b[39m","context":"RouterExplorer","method":"N/A","correlationId":"N/A","message":"Mapped {/comptes-traite/:id, DELETE} route"}
{"timestamp":"2026-10-02 14:30:49","level":"\u001b[32minfo\u001b[39m","context":"RoutesResolver","method":"N/A","correlationId":"N/A","message":"NoteDebitCreditController {/notes-debit-credit}:"}
{"timestamp":"2026-10-02 14:30:49","level":"\u001b[32minfo\u001b[39m","context":"RouterExplorer","method":"N/A","correlationId":"N/A","message":"Mapped {/notes-debit-credit, GET} route"}
{"timestamp":"2026-10-02 14:30:49","level":"\u001b[32minfo\u001b[39m","context":"RouterExplorer","method":"N/A","correlationId":"N/A","message":"Mapped {/notes-debit-credit/:id, GET} route"}
{"timestamp":"2026-10-02 14:30:49","level":"\u001b[32minfo\u001b[39m","context":"RouterExplorer","method":"N/A","correlationId":"N/A","message":"Mapped {/notes-debit-credit, POST} route"}
{"timestamp":"2026-10-02 14:30:49","level":"\u001b[32minfo\u001b[39m","context":"RouterExplorer","method":"N/A","correlationId":"N/A","message":"Mapped {/notes-debit-credit/:id, PUT} route"}
{"timestamp":"2026-10-02 14:30:49","level":"\u001b[32minfo\u001b[39m","context":"RouterExplorer","method":"N/A","correlationId":"N/A","message":"Mapped {/notes-debit-credit/:id, DELETE} route"}
{"timestamp":"2026-10-02 14:30:49","level":"\u001b[32minfo\u001b[39m","context":"RoutesResolver","method":"N/A","correlationId":"N/A","message":"ReglementController {/reglements}:"}
{"timestamp":"2026-10-02 14:30:49","level":"\u001b[32minfo\u001b[39m","context":"RouterExplorer","method":"N/A","correlationId":"N/A","message":"Mapped {/reglements, GET} route"}
{"timestamp":"2026-10-02 14:30:49","level":"\u001b[32minfo\u001b[39m","context":"RouterExplorer","method":"N/A","correlationId":"N/A","message":"Mapped {/reglements/:id, GET} route"}
{"timestamp":"2026-10-02 14:30:49","level":"\u001b[32minfo\u001b[39m","context":"RouterExplorer","method":"N/A","correlationId":"N/A","message":"Mapped {/reglements, POST} route"}
{"timestamp":"2026-10-02 14:30:49","level":"\u001b[32minfo\u001b[39m","context":"RouterExplorer","method":"N/A","correlationId":"N/A","message":"Mapped {/reglements/:id, PUT} route"}
{"timestamp":"2026-10-02 14:30:49","level":"\u001b[32minfo\u001b[39m","context":"RouterExplorer","method":"N/A","correlationId":"N/A","message":"Mapped {/reglements/:id, DELETE} route"}
{"timestamp":"2026-10-02 14:30:49","level":"\u001b[32minfo\u001b[39m","context":"RoutesResolver","method":"N/A","correlationId":"N/A","message":"SinistreStatutController {/sinistre-statuts}:"}
{"timestamp":"2026-10-02 14:30:49","level":"\u001b[32minfo\u001b[39m","context":"RouterExplorer","method":"N/A","correlationId":"N/A","message":"Mapped {/sinistre-statuts, GET} route"}
{"timestamp":"2026-10-02 14:30:49","level":"\u001b[32minfo\u001b[39m","context":"RouterExplorer","method":"N/A","correlationId":"N/A","message":"Mapped {/sinistre-statuts/:id, GET} route"}
{"timestamp":"2026-10-02 14:30:49","level":"\u001b[32minfo\u001b[39m","context":"RouterExplorer","method":"N/A","correlationId":"N/A","message":"Mapped {/sinistre-statuts, POST} route"}
{"timestamp":"2026-10-02 14:30:49","level":"\u001b[32minfo\u001b[39m","context":"RouterExplorer","method":"N/A","correlationId":"N/A","message":"Mapped {/sinistre-statuts/:id, PUT} route"}
{"timestamp":"2026-10-02 14:30:49","level":"\u001b[32minfo\u001b[39m","context":"RouterExplorer","method":"N/A","correlationId":"N/A","message":"Mapped {/sinistre-statuts/:id, DELETE} route"}
{"timestamp":"2026-10-02 14:30:49","level":"\u001b[32minfo\u001b[39m","context":"RoutesResolver","method":"N/A","correlationId":"N/A","message":"SinistreTypeEvaluationController {/sinistres-types-evaluation}:"}
{"timestamp":"2026-10-02 14:30:49","level":"\u001b[32minfo\u001b[39m","context":"RouterExplorer","method":"N/A","correlationId":"N/A","message":"Mapped {/sinistres-types-evaluation, GET} route"}
{"timestamp":"2026-10-02 14:30:49","level":"\u001b[32minfo\u001b[39m","context":"RouterExplorer","method":"N/A","correlationId":"N/A","message":"Mapped {/sinistres-types-evaluation/:id, GET} route"}
{"timestamp":"2026-10-02 14:30:49","level":"\u001b[32minfo\u001b[39m","context":"RouterExplorer","method":"N/A","correlationId":"N/A","message":"Mapped {/sinistres-types-evaluation, POST} route"}
{"timestamp":"2026-10-02 14:30:49","level":"\u001b[32minfo\u001b[39m","context":"RouterExplorer","method":"N/A","correlationId":"N/A","message":"Mapped {/sinistres-types-evaluation/:id, PUT} route"}
{"timestamp":"2026-10-02 14:30:49","level":"\u001b[32minfo\u001b[39m","context":"RouterExplorer","method":"N/A","correlationId":"N/A","message":"Mapped {/sinistres-types-evaluation/:id, DELETE} route"}
{"timestamp":"2026-10-02 14:30:49","level":"\u001b[32minfo\u001b[39m","context":"RoutesResolver","method":"N/A","correlationId":"N/A","message":"SinistreController {/sinistre}:"}
{"timestamp":"2026-10-02 14:30:49","level":"\u001b[32minfo\u001b[39m","context":"RouterExplorer","method":"N/A","correlationId":"N/A","message":"Mapped {/sinistre, GET} route"}
{"timestamp":"2026-10-02 14:30:49","level":"\u001b[32minfo\u001b[39m","context":"RouterExplorer","method":"N/A","correlationId":"N/A","message":"Mapped {/sinistre/:id, GET} route"}
{"timestamp":"2026-10-02 14:30:49","level":"\u001b[32minfo\u001b[39m","context":"RouterExplorer","method":"N/A","correlationId":"N/A","message":"Mapped {/sinistre, POST} route"}
{"timestamp":"2026-10-02 14:30:49","level":"\u001b[32minfo\u001b[39m","context":"RouterExplorer","method":"N/A","correlationId":"N/A","message":"Mapped {/sinistre/:id, PUT} route"}
{"timestamp":"2026-10-02 14:30:49","level":"\u001b[32minfo\u001b[39m","context":"RouterExplorer","method":"N/A","correlationId":"N/A","message":"Mapped {/sinistre/:id, DELETE} route"}
{"timestamp":"2026-10-02 14:30:49","level":"\u001b[32minfo\u001b[39m","context":"RoutesResolver","method":"N/A","correlationId":"N/A","message":"SinistreEvaluationController {/sinistres-evaluations}:"}
{"timestamp":"2026-10-02 14:30:49","level":"\u001b[32minfo\u001b[39m","context":"RouterExplorer","method":"N/A","correlationId":"N/A","message":"Mapped {/sinistres-evaluations, GET} route"}
{"timestamp":"2026-10-02 14:30:49","level":"\u001b[32minfo\u001b[39m","context":"RouterExplorer","method":"N/A","correlationId":"N/A","message":"Mapped {/sinistres-evaluations/:id, GET} route"}
{"timestamp":"2026-10-02 14:30:49","level":"\u001b[32minfo\u001b[39m","context":"RouterExplorer","method":"N/A","correlationId":"N/A","message":"Mapped {/sinistres-evaluations, POST} route"}
{"timestamp":"2026-10-02 14:30:49","level":"\u001b[32minfo\u001b[39m","context":"RouterExplorer","method":"N/A","correlationId":"N/A","message":"Mapped {/sinistres-evaluations/:id, PUT} route"}
{"timestamp":"2026-10-02 14:30:49","level":"\u001b[32minfo\u001b[39m","context":"RouterExplorer","method":"N/A","correlationId":"N/A","message":"Mapped {/sinistres-evaluations/:id, DELETE} route"}
{"timestamp":"2026-10-02 14:30:49","level":"\u001b[32minfo\u001b[39m","context":"RoutesResolver","method":"N/A","correlationId":"N/A","message":"SinistreReglementController {/sinistres-reglements}:"}
{"timestamp":"2026-10-02 14:30:49","level":"\u001b[32minfo\u001b[39m","context":"RouterExplorer","method":"N/A","correlationId":"N/A","message":"Mapped {/sinistres-reglements, GET} route"}
{"timestamp":"2026-10-02 14:30:49","level":"\u001b[32minfo\u001b[39m","context":"RouterExplorer","method":"N/A","correlationId":"N/A","message":"Mapped {/sinistres-reglements/:id, GET} route"}
{"timestamp":"2026-10-02 14:30:49","level":"\u001b[32minfo\u001b[39m","context":"RouterExplorer","method":"N/A","correlationId":"N/A","message":"Mapped {/sinistres-reglements, POST} route"}
{"timestamp":"2026-10-02 14:30:49","level":"\u001b[32minfo\u001b[39m","context":"RouterExplorer","method":"N/A","correlationId":"N/A","message":"Mapped {/sinistres-reglements/:id, PUT} route"}
{"timestamp":"2026-10-02 14:30:49","level":"\u001b[32minfo\u001b[39m","context":"RouterExplorer","method":"N/A","correlationId":"N/A","message":"Mapped {/sinistres-reglements/:id, DELETE} route"}
{"timestamp":"2026-10-02 14:30:49","level":"\u001b[32minfo\u001b[39m","context":"NestApplication","method":"N/A","correlationId":"N/A","message":"Nest application successfully started"}
